country,year,log Health index,log Education index,log Income index,HDI
Afghanistan,1990,-0.9175607687989625,-2.201530240012481,-0.654917132112059,0.284
Albania,1990,-0.20138205953269694,-0.5677439447638658,-0.5278917449011971,0.649
Algeria,1990,-0.31542754541010015,-0.853353804178447,-0.3964149045970974,0.593
Argentina,1990,-0.22730604865242793,-0.4417921427011502,-0.29846149130212435,0.724
Armenia,1990,-0.2862267217321662,-0.45049943021340283,-0.5168908115748266,0.658
Australia,1990,-0.13056437002111662,-0.15256261613483754,-0.15515775442746313,0.864
Austria,1990,-0.15368924784183505,-0.3223200304570996,-0.10931723706273289,0.823
Bahamas,1990,-0.25970779600628197,-0.4347396715985369,-0.12710607630252152,0.76
Bahrain,1990,-0.21037920940153967,-0.6169670492545453,-0.1034168372694289,0.733
Bangladesh,1990,-0.5911739336866929,-1.3328796844579134,-0.8342213610682747,0.399
Barbados,1990,-0.20878558356626195,-0.4483221052277692,-0.2967043950654735,0.728
Belgium,1990,-0.14805391829008005,-0.3494160892229995,-0.11905243063668154,0.814
Belize,1990,-0.24759388556404113,-0.7689808421792422,-0.4689158846208989,0.609
Benin,1990,-0.6690701420117883,-1.7017313849483617,-0.7816865339939626,0.35
Bolivia (Plurinational State of),1990,-0.5792142822220093,-0.6635877956216991,-0.5709995617770999,0.546
Botswana,1990,-0.47227081274970534,-0.7376677802222196,-0.38742826905247646,0.587
Brazil,1990,-0.34607201354097616,-0.7299850844345553,-0.3601077110325061,0.62
Brunei Darussalam,1990,-0.22978091457147107,-0.5102203861259145,-0.009187865189228248,0.779
Bulgaria,1990,-0.23558602343488613,-0.5642220683802829,-0.27894287905547194,0.698
Burundi,1990,-0.961127183813072,-1.7965026654188434,-1.0099841540094714,0.285
Cambodia,1990,-0.6067154587173916,-1.2550392498452467,-1.0502925233852327,0.379
Cameroon,1990,-0.6228177667463074,-1.206123991712012,-0.6330135898909741,0.44
Canada,1990,-0.12380304266885128,-0.19609279152947803,-0.13055841056974235,0.861
Central African Republic,1990,-0.7854311746558358,-1.565700818175424,-0.9482730595234541,0.333
Chile,1990,-0.2121655689347451,-0.45620927839721653,-0.3787447313750097,0.705
China,1990,-0.3030820977460501,-0.9750520696664433,-0.9129322987180326,0.482
Colombia,1990,-0.2898587987768838,-0.7635465819727038,-0.41103807078767446,0.614
Congo,1990,-0.5929260025489931,-0.6851743250751862,-0.5640830289218267,0.541
Congo (Democratic Republic of the),1990,-0.8209455876461278,-1.2405946933986691,-0.8628484836956172,0.377
Costa Rica,1990,-0.13784838976992358,-0.73657090231052,-0.3768987995652994,0.659
Cuba,1990,-0.18468126178610608,-0.4412775858889647,-0.5134279489991981,0.684
Cyprus,1990,-0.19397690960206584,-0.5565851707151628,-0.18084168970980924,0.733
Czechia,1990,-0.23457401548599183,-0.4469817916988674,-0.1897975107691088,0.748
Côte d'Ivoire,1990,-0.689982961217096,-1.1992046175697522,-0.6800050550024009,0.425
Denmark,1990,-0.1695298741750725,-0.24833761987476574,-0.10867785055885217,0.839
Dominican Republic,1990,-0.32190197718368746,-0.8359753915605822,-0.4827163477590751,0.579
Ecuador,1990,-0.27549003168641895,-0.6128429457542773,-0.427974806888114,0.645
Egypt,1990,-0.38688494717661714,-0.8379311747245826,-0.4752210742203684,0.567
El Salvador,1990,-0.423707414876254,-1.0193410397385168,-0.5236243321229047,0.519
Estonia,1990,-0.26574998957169943,-0.37806805527865245,-0.2572552168363512,0.741
Eswatini (Kingdom of),1990,-0.41151413587337443,-0.8845451733257884,-0.5172479125147368,0.546
Fiji,1990,-0.3564991352181671,-0.6102974747380573,-0.4189643374740412,0.63
Finland,1990,-0.16725410466583318,-0.3225653232617007,-0.13738669157708108,0.811
France,1990,-0.13425253170369503,-0.4459705128003514,-0.12746398643646056,0.79
Gabon,1990,-0.47776288533425465,-0.7955589129704952,-0.2629998757901508,0.599
Gambia,1990,-0.7301623277629637,-1.8754084671007467,-0.7863890196441335,0.323
Germany,1990,-0.1605480223331866,-0.294619803691683,-0.1115361160573706,0.828
Ghana,1990,-0.6014799920341216,-1.0769210335181674,-0.7524865652245277,0.445
Greece,1990,-0.12615645663956013,-0.5055290437030895,-0.18324148580288982,0.762
Guatemala,1990,-0.4255186899677296,-1.2103878365683465,-0.505733609637474,0.49
Guinea,1990,-0.8784022667160132,-2.1318741540835124,-0.918790264201225,0.27
Guyana,1990,-0.4268851966359391,-0.8891744563442439,-0.7865393933027456,0.496
Haiti,1990,-0.6786375712922588,-1.165837005601335,-0.6138766262280763,0.441
Honduras,1990,-0.36233930784897966,-1.0336558871984378,-0.606414872994265,0.513
"Hong Kong, China (SAR)",1990,-0.12308939721590274,-0.6208484604199973,-0.16367303414893042,0.739
Hungary,1990,-0.2750240626142818,-0.46007015209674657,-0.24512393624962137,0.721
Iceland,1990,-0.11113785615747956,-0.2967257718491106,-0.1349732742204824,0.834
India,1990,-0.519788749758575,-1.1538891695548057,-0.8295024999143619,0.434
Indonesia,1990,-0.4089866862072912,-0.9431104846774733,-0.5726315206033418,0.526
Iran (Islamic Republic of),1990,-0.38189132004289533,-0.7105291292121741,-0.37555459293851445,0.613
Iraq,1990,-0.5254187670945418,-1.1328271350533847,-0.4384616841317435,0.497
Ireland,1990,-0.16993094613640392,-0.5354790238571266,-0.18434624734849805,0.743
Israel,1990,-0.12793827211665618,-0.40605134974755264,-0.20827811504472263,0.781
Italy,1990,-0.13149390926461532,-0.4974758832343045,-0.11701478220302945,0.78
Jamaica,1990,-0.2173144199137823,-0.6274715816820342,-0.38431718389936353,0.664
Japan,1990,-0.09712104920828772,-0.27417519645537786,-0.1319067774815895,0.846
Jordan,1990,-0.26528853598473784,-0.7276840879163651,-0.43277888555597893,0.622
Kazakhstan,1990,-0.3704841392129187,-0.5295850701568454,-0.29287373830192015,0.672
Kenya,1990,-0.5207723648820122,-1.0591216158674694,-0.6191779124920817,0.48
Korea (Republic of),1990,-0.2242980636610348,-0.4020713901223359,-0.31328352101468215,0.731
Kuwait,1990,-0.1988074750708657,-0.8308164321174385,-0.0490199685632983,0.698
Kyrgyzstan,1990,-0.38403484685106687,-0.452241349005629,-0.518092669480099,0.637
Lao People's Democratic Republic,1990,-0.6565037502457408,-1.2290454728057134,-0.8068506602458289,0.408
Latvia,1990,-0.27857495051547304,-0.4202064978845445,-0.23669463151258668,0.732
Lesotho,1990,-0.5006722163014732,-0.9561793693559028,-0.7522637967481447,0.479
Libya,1990,-0.2739713670092437,-0.5272735500082324,-0.16799509834934767,0.724
Lithuania,1990,-0.24240478672788732,-0.41638647198433665,-0.2442724063377695,0.74
Luxembourg,1990,-0.15611414462483178,-0.5350194514401503,-0.0038069129043709336,0.793
Malawi,1990,-1.0249472717474304,-1.5005027614796262,-1.0954124825750713,0.299
Malaysia,1990,-0.2365600747859582,-0.7014093760224756,-0.3584377500270399,0.649
Mali,1990,-0.8927244569286716,-2.5000143868371163,-0.939031663836072,0.236
Malta,1990,-0.14930347218347678,-0.5725099843667583,-0.23888929551288995,0.726
Mauritania,1990,-0.4912744106760377,-1.7263565006453623,-0.556369509632068,0.397
Mauritius,1990,-0.27470003822861183,-0.7503191142442278,-0.40768363074486763,0.62
Mexico,1990,-0.2629444327325567,-0.6752766098125654,-0.2821017953089666,0.666
Moldova (Republic of),1990,-0.30179139892418394,-0.5274704370059657,-0.2914396993768115,0.688
Mongolia,1990,-0.5168694922247148,-0.5720721922439842,-0.5503596201632378,0.579
Morocco,1990,-0.42610747250025327,-1.3957938077755063,-0.5848055949548363,0.448
Mozambique,1990,-0.9769802596430894,-1.8274408594633074,-1.4914525123165538,0.239
Myanmar,1990,-0.5726737501692554,-1.3746040040446803,-1.3541153464923599,0.333
Namibia,1990,-0.42497731604166844,-0.6655939739635576,-0.4674484799549094,0.595
Nepal,1990,-0.6238220565826583,-1.2721005195534356,-0.8901256261746354,0.395
Netherlands,1990,-0.1312132025837075,-0.24800886781357065,-0.11939200921366802,0.847
New Zealand,1990,-0.159374556955667,-0.296671417669961,-0.16802307869779837,0.812
Nicaragua,1990,-0.41095708451740454,-1.0812022180681629,-0.6678042097897151,0.487
Niger,1990,-1.090094819362166,-2.540366555051844,-1.0209383059532184,0.212
Norway,1990,-0.13860799304624358,-0.27207843311098245,-0.09442142223270751,0.845
Pakistan,1990,-0.48385917553617624,-1.6392568215457817,-0.6676955738713085,0.394
Panama,1990,-0.24066148282425778,-0.5993837748385565,-0.3518574973152313,0.672
Papua New Guinea,1990,-0.492507254801946,-1.5720585133848497,-0.7295956470908325,0.394
Paraguay,1990,-0.3043536067397529,-0.8123390212162401,-0.3976936757282758,0.604
Peru,1990,-0.3653719945417204,-0.5378108482203118,-0.5294031192544448,0.62
Philippines,1990,-0.3477260936186281,-0.6208967830095019,-0.574066070714287,0.598
Poland,1990,-0.24889537852052715,-0.41721392603743185,-0.3420092105791364,0.715
Portugal,1990,-0.17978938084382132,-0.6841043877094715,-0.19278441261641335,0.703
Qatar,1990,-0.18573661223260043,-0.5988788368744062,-0.02305073669037168,0.764
Romania,1990,-0.26779900595753664,-0.4621457878694477,-0.3018680582855108,0.709
Russian Federation,1990,-0.29210208273144755,-0.3955332065502272,-0.20961222566014828,0.741
Saint Lucia,1990,-0.2558654277276617,-0.6056648244224827,-0.35946129859951415,0.666
San Marino,1990,-0.10245874695786861,-0.36749090882225627,-0.04779402316524225,0.841
Sao Tome and Principe,1990,-0.4493928821108634,-1.013577181033798,-0.7376778671766032,0.48
Saudi Arabia,1990,-0.2836287597722156,-0.705439355966228,-0.08473555594591409,0.699
Senegal,1990,-0.5648757511652736,-1.679388506438507,-0.7322520793968212,0.371
Sierra Leone,1990,-0.9939612554026357,-1.6454704917866139,-0.8357732425679234,0.314
Singapore,1990,-0.16807278518057198,-0.4695043446645842,-0.10635304902046364,0.78
South Africa,1990,-0.4045040316286139,-0.5973826798941658,-0.3609920653268343,0.635
Spain,1990,-0.1313009149573484,-0.5195852219734789,-0.16582704900857412,0.762
Sri Lanka,1990,-0.2245483837832656,-0.5247464382285748,-0.5838604566582504,0.641
Sudan,1990,-0.78216336303259,-1.9017374452631695,-0.7184309380095601,0.322
Sweden,1990,-0.1210730572315285,-0.38833781249900357,-0.1300520686590081,0.808
Switzerland,1990,-0.12460432476300531,-0.3201843320990993,-0.04148010026489061,0.85
Syrian Arab Republic,1990,-0.2660309786551155,-0.8869970480527894,-0.5709353545458596,0.563
Tajikistan,1990,-0.43960276192431985,-0.4488019883632808,-0.5630897919157384,0.616
Tanzania (United Republic of),1990,-0.7248760279549311,-1.3425005952016709,-0.9507678097066806,0.366
Thailand,1990,-0.2535036360352946,-0.9323840960611994,-0.4410622032066514,0.581
Togo,1990,-0.6372031790338946,-1.2697565295442228,-0.845855418611824,0.399
Tonga,1990,-0.31800383233817,-0.4605984350625766,-0.5614543361471093,0.64
Trinidad and Tobago,1990,-0.29753558747893166,-0.6184685235222674,-0.3483363476523783,0.656
Tunisia,1990,-0.2601666809240038,-0.9448266567198642,-0.5010604042559882,0.566
Tuvalu,1990,-0.4448218305102842,-0.619226055805556,-0.6549270224050086,0.564
Türkiye,1990,-0.3092672105537486,-0.9254668450334252,-0.3089514844079004,0.598
Uganda,1990,-0.8993957969009488,-1.3263454973438187,-1.1104882420282511,0.329
Ukraine,1990,-0.2663321260288765,-0.41782955340496464,-0.2560945234796002,0.731
United Arab Emirates,1990,-0.22506847972379404,-0.7743965437235614,0.0,0.717
United Kingdom,1990,-0.15376101216781926,-0.3565190625333144,-0.14282178824739203,0.804
United States,1990,-0.1603493390607612,-0.1437085739764783,-0.0959817369110824,0.875
Uruguay,1990,-0.2010434144859071,-0.5131519638387144,-0.3474969498911253,0.702
Venezuela (Bolivarian Republic of),1990,-0.2321842959663589,-0.7690539907848115,-0.2605943866583056,0.657
Viet Nam,1990,-0.278229453657074,-1.0490301481471371,-0.7978064841892429,0.492
Yemen,1990,-0.5185735099870359,-1.8357812392059256,-0.7350385309796175,0.357
Zambia,1990,-0.8448291153756341,-1.0053639020812137,-0.7756111801085517,0.417
Zimbabwe,1990,-0.49996177275185116,-0.839075905338813,-0.8715880476660771,0.479
Afghanistan,1991,-0.891110433343857,-2.118695989009219,-0.6846250363813754,0.292
Albania,1991,-0.1969885938373585,-0.5580044022704841,-0.6215142895993803,0.632
Algeria,1991,-0.3097074759780117,-0.8349460060788232,-0.40760286412244556,0.596
Argentina,1991,-0.2170276760791995,-0.4400574078298396,-0.28135004290432214,0.731
Armenia,1991,-0.2898793565081335,-0.4668545710139064,-0.5539384534758923,0.646
Australia,1991,-0.12289801797996548,-0.15172288989749527,-0.15640406683077,0.866
Austria,1991,-0.15273885640630766,-0.3145904280293516,-0.10612540788446709,0.826
Bahamas,1991,-0.270073907537544,-0.4287463652876348,-0.13807818019170126,0.757
Bahrain,1991,-0.20855812990896386,-0.6409306949501336,-0.10574111195254787,0.727
Bangladesh,1991,-0.6435075604305898,-1.2989227893304194,-0.828978797984361,0.397
Barbados,1991,-0.207062016682836,-0.43562690738321685,-0.3046776091903849,0.729
Belgium,1991,-0.14554168990623215,-0.3395177728466511,-0.1159795505837196,0.818
Belize,1991,-0.25741652474355736,-0.7474622160225106,-0.4481590846070141,0.616
Benin,1991,-0.6591471721928215,-1.6670026501065154,-0.7767833471396003,0.355
Bolivia (Plurinational State of),1991,-0.5608511660854913,-0.6398350644572004,-0.5611262758643727,0.556
Botswana,1991,-0.4987703760152788,-0.7235084707310357,-0.3714655323656632,0.588
Brazil,1991,-0.33902934940297647,-0.717377180558691,-0.3607491463791443,0.624
Brunei Darussalam,1991,-0.22562740275151785,-0.5130668361850924,-0.009013926225977433,0.779
Bulgaria,1991,-0.2381205330970263,-0.5456489538078486,-0.2954647216577639,0.698
Burundi,1991,-0.9869195561871167,-1.7669680166119508,-0.9926357633120176,0.287
Cambodia,1991,-0.5966349263338642,-1.2385001250684218,-1.0378622949227883,0.384
Cameroon,1991,-0.6288586906775835,-1.2003046807726807,-0.6583035650018578,0.436
Canada,1991,-0.12100360072863539,-0.17982335762699378,-0.1358259708090184,0.865
Central African Republic,1991,-0.7984393224869322,-1.6038150120820864,-0.9543258998735742,0.327
Chile,1991,-0.1933233941325028,-0.45251343252912685,-0.3656209466505932,0.714
China,1991,-0.2996716092780053,-0.9601121219536799,-0.8856869614793951,0.489
Colombia,1991,-0.2863905990703454,-0.7288066507221914,-0.4099193653906921,0.622
Congo,1991,-0.6121203419175719,-0.687799276546698,-0.5621548374467541,0.538
Congo (Democratic Republic of the),1991,-0.8088861528917558,-1.2101225791349046,-0.9068874139465892,0.377
Costa Rica,1991,-0.13853730793073263,-0.7255219906781789,-0.3732682081670631,0.662
Cuba,1991,-0.18368248243329607,-0.4368838063755245,-0.5438097462784256,0.678
Cyprus,1991,-0.19067636117670836,-0.5398246048305445,-0.1840778137554539,0.737
Czechia,1991,-0.22372064087528662,-0.4407791276747081,-0.21264343794221902,0.746
Côte d'Ivoire,1991,-0.6986082187682393,-1.1672824380747198,-0.6948952425353506,0.426
Denmark,1991,-0.16295341301234015,-0.24163551629528174,-0.10704801692279509,0.843
Dominican Republic,1991,-0.3110294364487721,-0.8152688226476653,-0.4842202694634663,0.585
Ecuador,1991,-0.2698925308882827,-0.6176110273044418,-0.42010094099864415,0.647
Egypt,1991,-0.37318409957273496,-0.822686208817538,-0.4704823293134802,0.574
El Salvador,1991,-0.3934757303352071,-0.9973461293092712,-0.5231063330474809,0.528
Estonia,1991,-0.2681409172449455,-0.37828899689810475,-0.2731150700924014,0.736
Eswatini (Kingdom of),1991,-0.4205396994333674,-0.8911793768195964,-0.5212815818728233,0.543
Fiji,1991,-0.3535370152478051,-0.5943463369045422,-0.4248671125858869,0.633
Finland,1991,-0.15968133033375315,-0.3040797789953802,-0.1503501189570356,0.815
France,1991,-0.1310904181841884,-0.4154038844270863,-0.12733263832396174,0.799
Gabon,1991,-0.4756317451114945,-0.779734995749389,-0.25614718129303377,0.604
Gambia,1991,-0.7046904718087894,-1.8202576305121352,-0.7885074999589875,0.331
Germany,1991,-0.15663581650505745,-0.2783278440582022,-0.10527075187079049,0.835
Ghana,1991,-0.5905350536494067,-1.0509750332871255,-0.743817675201829,0.452
Greece,1991,-0.12488318214669016,-0.47080367928043226,-0.1785282298193673,0.773
Guatemala,1991,-0.4196030408939824,-1.1980334097794993,-0.49970619743199246,0.494
Guinea,1991,-0.8585299354004972,-2.099318975963322,-0.9244186630353057,0.274
Guyana,1991,-0.42201671800050283,-0.8728715543287853,-0.8244749632679762,0.493
Haiti,1991,-0.666100867301986,-1.146416034320794,-0.6141659228745586,0.445
Honduras,1991,-0.3511517632826222,-1.021705568482646,-0.6256336958127804,0.514
"Hong Kong, China (SAR)",1991,-0.11916475902738653,-0.5944469360189448,-0.1573335246088957,0.748
Hungary,1991,-0.2736072304135386,-0.4581164325521273,-0.27310302028218475,0.715
Iceland,1991,-0.11677585072975724,-0.2518229180399137,-0.13609940367726792,0.845
India,1991,-0.5094163608333766,-1.141141774166873,-0.8338075431835058,0.437
Indonesia,1991,-0.40077611862203294,-0.9339463831436665,-0.5540267772930685,0.533
Iran (Islamic Republic of),1991,-0.3358170666765358,-0.6862370288138421,-0.35742219081795695,0.631
Iraq,1991,-0.42443623504275907,-1.1015373774888824,-0.7339125085490864,0.471
Ireland,1991,-0.16649060708284372,-0.5185699730888057,-0.18114478571377435,0.749
Israel,1991,-0.13133600206108698,-0.3930169631704392,-0.1980054248457046,0.786
Italy,1991,-0.13152900314073748,-0.48151637612338827,-0.11484216836794912,0.785
Jamaica,1991,-0.21957301021260686,-0.6263885181151219,-0.3839324975083284,0.664
Japan,1991,-0.09258773517583148,-0.2674396000715687,-0.12658910345776297,0.85
Jordan,1991,-0.2605059921255268,-0.6917271131331458,-0.43805660044229394,0.629
Kazakhstan,1991,-0.3791677800103743,-0.5231699767634174,-0.31820387096501285,0.666
Kenya,1991,-0.5366695398776333,-1.0372955407948103,-0.6254003025772769,0.48
Korea (Republic of),1991,-0.21507999549404747,-0.3849410591384045,-0.2943608648562465,0.742
Kuwait,1991,-0.1814112020618254,-0.8540619788807209,-0.08924639464718326,0.687
Kyrgyzstan,1991,-0.383854162055201,-0.45622145264400416,-0.5431861563342952,0.631
Lao People's Democratic Republic,1991,-0.6345880387958535,-1.2097372659003907,-0.8021205175401606,0.414
Latvia,1991,-0.279103588471789,-0.40963378101388326,-0.2573906055854644,0.73
Lesotho,1991,-0.5058891104735677,-0.9414551408412,-0.76458625103541,0.478
Libya,1991,-0.265970760061603,-0.5195219688038596,-0.14662564806048098,0.733
Lithuania,1991,-0.2511078562117917,-0.41676951540152046,-0.25570836326860846,0.735
Luxembourg,1991,-0.1520221774657009,-0.511439136963768,0.0,0.802
Malawi,1991,-1.0254190204427882,-1.4827133178079595,-1.0715073108203785,0.303
Malaysia,1991,-0.23393231047325697,-0.6804842042058452,-0.34701358400661314,0.657
Mali,1991,-0.8705822342421311,-2.4609536785347745,-0.9024531296770554,0.244
Malta,1991,-0.1587612923849416,-0.5559609034369797,-0.2313836973486649,0.73
Mauritania,1991,-0.48710909714867473,-1.6968845160908141,-0.5567300333423952,0.401
Mauritius,1991,-0.26038622208386325,-0.7395312597414948,-0.39919130184342366,0.627
Mexico,1991,-0.2564219550118617,-0.6789338448593573,-0.27702513788902566,0.668
Moldova (Republic of),1991,-0.3247291496642214,-0.5151960030688653,-0.33157477195855783,0.677
Mongolia,1991,-0.5047670907205121,-0.5930015082927731,-0.5618635745590159,0.575
Morocco,1991,-0.4144437573506966,-1.3821308253433395,-0.5713146909484226,0.454
Mozambique,1991,-0.969204772159439,-1.8251498076989245,-1.466798647021275,0.242
Myanmar,1991,-0.5630910504400803,-1.304865739376772,-1.3371618406984673,0.344
Namibia,1991,-0.43438703627398656,-0.6436414921216087,-0.45293766046112055,0.6
Nepal,1991,-0.5989005031367913,-1.2496693388975177,-0.8773341547084855,0.403
Netherlands,1991,-0.1286028982889134,-0.23691276620722776,-0.1160016999994127,0.852
New Zealand,1991,-0.14762585899733285,-0.28298552083269785,-0.18314036129819497,0.815
Nicaragua,1991,-0.391767048679667,-1.0299362338622633,-0.6749389756348133,0.497
Niger,1991,-1.0734844987361063,-2.513260983010338,-1.0357695495230879,0.214
Norway,1991,-0.13066955751792655,-0.2572158330088337,-0.09064866264544895,0.853
Pakistan,1991,-0.4790536885419023,-1.616533260542844,-0.662980173028761,0.399
Panama,1991,-0.23851102844533162,-0.5992741133518734,-0.343071096491834,0.675
Papua New Guinea,1991,-0.4878104648443763,-1.5348190127427517,-0.7095062392099872,0.402
Paraguay,1991,-0.2995885717657613,-0.7872124420778182,-0.3999965158473771,0.609
Peru,1991,-0.35812654645460823,-0.5370814423709321,-0.5198366538178701,0.624
Philippines,1991,-0.3391589194465638,-0.6172783206984365,-0.5785405277080853,0.6
Poland,1991,-0.2548326980521445,-0.40646744845011407,-0.36193470260941263,0.711
Portugal,1991,-0.1809686262634971,-0.6460114297228248,-0.184201144939841,0.714
Qatar,1991,-0.18603305126096914,-0.6018332493532041,-0.0309166826452693,0.761
Romania,1991,-0.26468695983713636,-0.5026206542607572,-0.3280302403568927,0.694
Russian Federation,1991,-0.29437106060257756,-0.395359633135352,-0.22001073014872918,0.738
Saint Lucia,1991,-0.2503961686916372,-0.5977709079700997,-0.36221798832714536,0.668
San Marino,1991,-0.09932746908540359,-0.36278027571627175,-0.04759917847675293,0.844
Sao Tome and Principe,1991,-0.4504061511963518,-1.0023999076364,-0.7486356465097805,0.48
Saudi Arabia,1991,-0.2751253417701052,-0.6918132555447495,-0.07134333322729744,0.707
Senegal,1991,-0.5597196394816538,-1.6704583642336652,-0.7331249765601454,0.372
Sierra Leone,1991,-1.0171315621849746,-1.696213016126343,-0.8577344660779178,0.304
Singapore,1991,-0.1610900865268587,-0.45095058456805887,-0.10172974858016509,0.788
South Africa,1991,-0.40704327583693495,-0.5530605234513852,-0.3668578369327587,0.643
Spain,1991,-0.12905789715926608,-0.49707118098305425,-0.16189410383466804,0.769
Sri Lanka,1991,-0.2279435142653607,-0.5106507833847942,-0.575314254153187,0.645
Sudan,1991,-0.7661149745615198,-1.8555401483559923,-0.7261154484347893,0.328
Sweden,1991,-0.1186449454554788,-0.3741115422569891,-0.13483021892484565,0.811
Switzerland,1991,-0.12003171588989975,-0.3164949389925487,-0.04474629407102128,0.852
Syrian Arab Republic,1991,-0.26164452354314216,-0.876601496710266,-0.5592111052634096,0.568
Tajikistan,1991,-0.45161376413414467,-0.44424072989197344,-0.5868734568627072,0.61
Tanzania (United Republic of),1991,-0.730577497429606,-1.3308499728111896,-0.951147871579574,0.366
Thailand,1991,-0.24812610978097846,-0.9024133300985294,-0.42607195918325264,0.591
Togo,1991,-0.6401752957938396,-1.2257067591795563,-0.8585069029032959,0.403
Tonga,1991,-0.3132786832690405,-0.44424620189220265,-0.5478942979418878,0.647
Trinidad and Tobago,1991,-0.2854486709148651,-0.6110136077153863,-0.345505817058738,0.661
Tunisia,1991,-0.25199817846831396,-0.9264392104082505,-0.49859783619811043,0.572
Tuvalu,1991,-0.43888666889710887,-0.6139225854800432,-0.6500800996688846,0.567
Türkiye,1991,-0.2996716092780053,-0.909532313741083,-0.3115515322015682,0.602
Uganda,1991,-0.9042101506718856,-1.3147144293167166,-1.1002939441576591,0.331
Ukraine,1991,-0.281078284511616,-0.4121008709975981,-0.275245996230505,0.724
United Arab Emirates,1991,-0.21851964269107338,-0.7310664038436024,0.0,0.729
United Kingdom,1991,-0.15064401485708329,-0.3413829813057705,-0.14518081264600333,0.809
United States,1991,-0.15758992057477098,-0.14406240168690773,-0.09849622590172198,0.875
Uruguay,1991,-0.19835713449319858,-0.5069993948101409,-0.33884417110833437,0.706
Venezuela (Bolivarian Republic of),1991,-0.2263795507479811,-0.7360763499340237,-0.24715250210416373,0.668
Viet Nam,1991,-0.2653888338695394,-1.011866461198911,-0.7819839449526839,0.503
Yemen,1991,-0.5095700021324597,-1.7941385850811349,-0.7502697970341301,0.361
Zambia,1991,-0.8749642492448128,-0.9926706569359408,-0.8009593340457537,0.411
Zimbabwe,1991,-0.5344092361398731,-0.8027252240413837,-0.8615871358561309,0.481
Afghanistan,1992,-0.856716435211775,-2.0422014519146074,-0.7242414957079503,0.299
Albania,1992,-0.1906949777771314,-0.6141789245285383,-0.6492524619660954,0.616
Algeria,1992,-0.3082616168545284,-0.8131533357914627,-0.4067462166640425,0.601
Argentina,1992,-0.21490832331119555,-0.43829209578287087,-0.26672209305764577,0.736
Armenia,1992,-0.2902083376974891,-0.4826459317506985,-0.7042127711445393,0.611
Australia,1992,-0.123002402113672,-0.15088386782109955,-0.14918739402085252,0.868
Austria,1992,-0.14916058697363913,-0.29934250666149353,-0.10483036738388461,0.832
Bahamas,1992,-0.24909272227425086,-0.4227876772973722,-0.1440200481248431,0.762
Bahrain,1992,-0.2049825422293854,-0.6619265353492013,-0.09002833191396856,0.727
Bangladesh,1992,-0.5464528014091419,-1.2660811963736096,-0.8161869814286318,0.416
Barbados,1992,-0.20570041734994923,-0.4230908596845219,-0.3196210232226978,0.729
Belgium,1992,-0.1427163022015951,-0.2849244159728862,-0.11412222689306015,0.835
Belize,1992,-0.26278435269219486,-0.7258947966432827,-0.4277298086915295,0.624
Benin,1992,-0.6454125182916555,-1.632177034697823,-0.7839756071411988,0.36
Bolivia (Plurinational State of),1992,-0.5466122401849899,-0.616059954216781,-0.5591104469583666,0.563
Botswana,1992,-0.5276848946808869,-0.709538279774557,-0.3698842296860787,0.585
Brazil,1992,-0.33047181368216866,-0.7049174642158782,-0.3647971976859205,0.627
Brunei Darussalam,1992,-0.22158707095078578,-0.5157832513147346,-0.006141305375821114,0.78
Bulgaria,1992,-0.23835481200713915,-0.5401093127068921,-0.2911444641993781,0.7
Burundi,1992,-1.0007180378655154,-1.777761543359998,-0.9972219247627596,0.284
Cambodia,1992,-0.5902851681789465,-1.2220766330833546,-1.027982240764587,0.388
Cameroon,1992,-0.6339788222005183,-1.2026823269242666,-0.6729014162542367,0.433
Canada,1992,-0.11653381625595163,-0.16844469634282208,-0.13677143126348984,0.869
Central African Republic,1992,-0.8142549678520811,-1.7121317283798052,-0.971924241623843,0.312
Chile,1992,-0.18290634313277546,-0.4488307892418978,-0.34447927008011814,0.722
China,1992,-0.28801033145107674,-0.9444159179846944,-0.8425795672823465,0.501
Colombia,1992,-0.2817917621335896,-0.6934907501065368,-0.40447824436594243,0.631
Congo,1992,-0.628714434247103,-0.684617846479404,-0.5559640533338112,0.536
Congo (Democratic Republic of the),1992,-0.7987128454645677,-1.1804783271536101,-0.9624185007295898,0.375
Costa Rica,1992,-0.1379013666278785,-0.6914936304721782,-0.3590681158975717,0.673
Cuba,1992,-0.18240771435156408,-0.4360189000486594,-0.5770264283946253,0.671
Cyprus,1992,-0.18213080575732113,-0.523060728909059,-0.17288740510409026,0.746
Czechia,1992,-0.21681744951152074,-0.4428127143912741,-0.21373055865258428,0.747
Côte d'Ivoire,1992,-0.7043481392760756,-1.1361734573394062,-0.7026469236215663,0.428
Denmark,1992,-0.16221128451765282,-0.23911873696899344,-0.10397477122072245,0.845
Dominican Republic,1992,-0.30143778845362923,-0.7947928964038502,-0.4635400159879851,0.595
Ecuador,1992,-0.26002699800400453,-0.6049451953904238,-0.41699534818500034,0.652
Egypt,1992,-0.36703612841146044,-0.7991604557621442,-0.46583533017460027,0.58
El Salvador,1992,-0.37537619994501853,-0.9753067833491141,-0.5083989222433954,0.538
Estonia,1992,-0.275571091954773,-0.3728833384589922,-0.3128632393936424,0.726
Eswatini (Kingdom of),1992,-0.4430471645929371,-0.8978213567982815,-0.5220588181698493,0.537
Fiji,1992,-0.3495138328232896,-0.5786367939949163,-0.4175889808137168,0.639
Finland,1992,-0.155359101982986,-0.27671309367326224,-0.15913361865687156,0.821
France,1992,-0.12615645663956013,-0.39623762707835475,-0.12524736032994738,0.806
Gabon,1992,-0.4719748014991165,-0.7641475424938644,-0.2720702821371589,0.605
Gambia,1992,-0.6796691873798649,-1.7668839805150125,-0.7899160272105527,0.34
Germany,1992,-0.14869635099058442,-0.26220829556460606,-0.10360339103162204,0.842
Ghana,1992,-0.5844721639342892,-1.025486399046037,-0.7390931809029886,0.457
Greece,1992,-0.126400831651686,-0.4620105382316135,-0.1782112273539553,0.774
Guatemala,1992,-0.4152124595630446,-1.1858054407232803,-0.49509743343262763,0.497
Guinea,1992,-0.8293017910336498,-2.0568914721056237,-0.9195843148208559,0.281
Guyana,1992,-0.41815295176346867,-0.8566346699015832,-0.7532886934054509,0.509
Haiti,1992,-0.6526846352492022,-1.1272619950267324,-0.6351166618765657,0.447
Honduras,1992,-0.34594154472283856,-1.009864633900945,-0.6188331115173998,0.518
"Hong Kong, China (SAR)",1992,-0.1136856720961284,-0.5680044671381501,-0.1494319513637372,0.758
Hungary,1992,-0.27916460314583713,-0.4550646992352286,-0.27781728456358296,0.714
Iceland,1992,-0.10334545324337227,-0.23526708195985088,-0.1435566521273984,0.852
India,1992,-0.49930252680389,-1.1285498224887387,-0.8224744995150437,0.442
Indonesia,1992,-0.3873380920094572,-0.9167060075197069,-0.5404900746051472,0.541
Iran (Islamic Republic of),1992,-0.3290170190222678,-0.6624755191998263,-0.3557601808693473,0.638
Iraq,1992,-0.33047181368216866,-1.0710754511133156,-0.6686396689847509,0.502
Ireland,1992,-0.15930238865916857,-0.49530475601531154,-0.17872049673155302,0.757
Israel,1992,-0.1336368926949539,-0.3815339479507538,-0.1897948775674779,0.791
Italy,1992,-0.1249703410286712,-0.4579675210446704,-0.11380729158602715,0.793
Jamaica,1992,-0.2195155251826511,-0.6252145220083065,-0.37952347020482924,0.665
Japan,1992,-0.09191288024402386,-0.2617507929629534,-0.12543355456082847,0.852
Jordan,1992,-0.2560641519190111,-0.6575913092518082,-0.41294270278967,0.643
Kazakhstan,1992,-0.3865905131107336,-0.5177529080177117,-0.3302309846383198,0.663
Kenya,1992,-0.5564937435149875,-1.0158847985427977,-0.6357930834995509,0.479
Korea (Republic of),1992,-0.20492588982022658,-0.37141410503645483,-0.2843958421172679,0.751
Kuwait,1992,-0.15456871591011587,-0.8778607671373839,-0.04939782560095315,0.697
Kyrgyzstan,1992,-0.3890165155929395,-0.4608751386025965,-0.5853664249005336,0.62
Lao People's Democratic Republic,1992,-0.6204115782465025,-1.1907948151067753,-0.793208385024723,0.42
Latvia,1992,-0.2878872216985771,-0.4040266199784905,-0.34656883782983966,0.707
Lesotho,1992,-0.5223014766107131,-0.9377229717696304,-0.7644915451944221,0.476
Libya,1992,-0.25773499608382877,-0.5118241684421236,-0.15555902107706668,0.735
Lithuania,1992,-0.25354328396171316,-0.42838873093812085,-0.30333192898607875,0.72
Luxembourg,1992,-0.16002430610316956,-0.487839562839356,0.0,0.806
Malawi,1992,-1.0210958462402815,-1.370604210239443,-1.1187476467014263,0.31
Malaysia,1992,-0.2323007352531058,-0.6584435167081898,-0.3347825149456007,0.665
Mali,1992,-0.8603467303481043,-2.4030485356393476,-0.9229678386253474,0.248
Malta,1992,-0.16013263868429928,-0.5407029393569712,-0.22682359663506504,0.734
Mauritania,1992,-0.47900401144303456,-1.6379501154459042,-0.5614693749314703,0.41
Mauritius,1992,-0.2566207898404254,-0.7288585420112782,-0.3883109155461943,0.633
Mexico,1992,-0.2501195380510539,-0.6762815352222297,-0.2738654373034532,0.67
Moldova (Republic of),1992,-0.3250910943757962,-0.5030208626208424,-0.40878362145699115,0.662
Mongolia,1992,-0.49452333370865587,-0.6389927504187893,-0.587195619593012,0.564
Morocco,1992,-0.4039047875800742,-1.3539035515480142,-0.5805100968276481,0.459
Mozambique,1992,-0.9575535286616612,-1.8228312611427862,-1.5361088572538988,0.237
Myanmar,1992,-0.5567084797928225,-1.239675454784465,-1.3025305636915545,0.356
Namibia,1992,-0.4476100927786924,-0.6214491341395946,-0.44950683775097605,0.603
Nepal,1992,-0.5713380723868942,-1.2216434660477555,-0.872770908024191,0.411
Netherlands,1992,-0.12505750750798528,-0.2365992853711906,-0.1150800929202397,0.853
New Zealand,1992,-0.14564846477153034,-0.2553807855021491,-0.18262406839896803,0.823
Nicaragua,1992,-0.3841703818757836,-1.006996062587443,-0.6747525162239553,0.502
Niger,1992,-1.0412000608877983,-2.4868707756208996,-1.0406678124283861,0.218
Norway,1992,-0.12702949889787338,-0.24303268443107673,-0.08421002007188996,0.859
Pakistan,1992,-0.4826120126696752,-1.5943146078329982,-0.649187261039685,0.403
Panama,1992,-0.2335435986592976,-0.592575901127551,-0.3278792801748883,0.681
Papua New Guinea,1992,-0.48007261329176143,-1.4984244762560677,-0.6792063127968223,0.412
Paraguay,1992,-0.2949907672945853,-0.7625818597485956,-0.40439545869808496,0.614
Peru,1992,-0.34251197765391334,-0.5452804851559299,-0.5274555672390396,0.624
Philippines,1992,-0.32236907840452034,-0.612737378468682,-0.5798792885175327,0.604
Poland,1992,-0.2443868312368384,-0.3965007197372486,-0.3593175201807436,0.716
Portugal,1992,-0.16942051882475298,-0.590059222947152,-0.18129697774544504,0.731
Qatar,1992,-0.1831465123608622,-0.5971871430094189,-0.019223568860703723,0.766
Romania,1992,-0.27431539558724544,-0.5218072058331756,-0.3462308554150389,0.683
Russian Federation,1992,-0.31239519807305594,-0.39677057633177726,-0.25185341113117826,0.726
Saint Lucia,1992,-0.24651060054432383,-0.589856160752209,-0.3480190016676471,0.674
San Marino,1992,-0.09949739550767182,-0.35804989460747316,-0.04862290141238528,0.845
Sao Tome and Principe,1992,-0.45391225419195025,-0.991222011944728,-0.7530051887263673,0.481
Saudi Arabia,1992,-0.2638653905937583,-0.6782951671376839,-0.07234396138623347,0.713
Senegal,1992,-0.5604469024461946,-1.661328207681265,-0.7349306488234632,0.373
Sierra Leone,1992,-1.0122511230200661,-1.647577808647163,-0.9012450697944258,0.305
Singapore,1992,-0.15618608318932886,-0.4327228990876341,-0.09403310141817345,0.796
South Africa,1992,-0.4052882006802831,-0.5224095551969982,-0.37545835306064596,0.648
Spain,1992,-0.1210383283770561,-0.4780457327665138,-0.16148916360050564,0.776
Sri Lanka,1992,-0.21300283492976685,-0.4967218190986198,-0.5654698551351631,0.654
Sudan,1992,-0.9204918519263964,-1.8104338143040741,-0.7016703970359657,0.318
Sweden,1992,-0.11272087006411878,-0.34775942562572487,-0.14087509207215093,0.818
Switzerland,1992,-0.11491024300261213,-0.30916005259925605,-0.04706014179985286,0.855
Syrian Arab Republic,1992,-0.2571180499475378,-0.879193717606544,-0.5326424805668639,0.573
Tajikistan,1992,-0.6169271546485363,-0.4396422471856,-0.6916332398799422,0.558
Tanzania (United Republic of),1992,-0.74075496709032,-1.319333485794309,-0.9594496683081895,0.365
Thailand,1992,-0.2448190852517421,-0.8733147346442981,-0.40994871550498774,0.601
Togo,1992,-0.6392710706676946,-1.2615233292470738,-0.8826991587865349,0.395
Tonga,1992,-0.3097494161294217,-0.42807233640256814,-0.5495299467394962,0.651
Trinidad and Tobago,1992,-0.29507342387719576,-0.6035979063464931,-0.3503852135844236,0.659
Tunisia,1992,-0.2484416356271349,-0.907892014381676,-0.485937634489061,0.578
Tuvalu,1992,-0.47330754270038244,-0.6085328740941097,-0.6443037577482186,0.562
Türkiye,1992,-0.2931121734162715,-0.8956542039901086,-0.3027002327442915,0.608
Uganda,1992,-0.9022361161685758,-1.3603750155289631,-1.1061790039603836,0.325
Ukraine,1992,-0.29016720912957983,-0.4155757433385592,-0.30088587834167496,0.715
United Arab Emirates,1992,-0.2172761826515657,-0.7086857568104938,0.0,0.734
United Kingdom,1992,-0.143586168492321,-0.32383019773926514,-0.14448183660749947,0.815
United States,1992,-0.15300774348431856,-0.1360102524923023,-0.09510417056225384,0.88
Uruguay,1992,-0.19580902826747457,-0.5136503668581504,-0.3229946517795384,0.709
Venezuela (Bolivarian Republic of),1992,-0.22688129722215958,-0.7113911281354045,-0.24029550097478325,0.675
Viet Nam,1992,-0.2632046174651837,-0.9760345674059394,-0.7551968225636271,0.514
Yemen,1992,-0.4999110460924446,-1.7534206785079096,-0.7488958835694953,0.368
Zambia,1992,-0.89678980921143,-0.9801365128634507,-0.8095624270106652,0.408
Zimbabwe,1992,-0.5788574187733916,-0.8157856130134277,-0.9002872360535602,0.465
Afghanistan,1993,-0.7254796720774055,-1.971144821572375,-0.8439588143254352,0.307
Albania,1993,-0.18653349147344286,-0.644762635616415,-0.6140780561181789,0.618
Algeria,1993,-0.30905762845967577,-0.7966769915731751,-0.41495963242174216,0.602
Argentina,1993,-0.21233677086784286,-0.4365298941419223,-0.252700821732851,0.74
Armenia,1993,-0.2858171458422686,-0.46039470721378195,-0.7221882156679511,0.613
Australia,1993,-0.11377186041766407,-0.15004554814440915,-0.14321449205028886,0.873
Austria,1993,-0.14500798652589553,-0.28825661398768315,-0.10521179422300193,0.836
Bahamas,1993,-0.24932958619703535,-0.4168632045608723,-0.14946683836421965,0.762
Bahrain,1993,-0.19704479834684852,-0.6538386173126052,-0.08309840347096199,0.732
Bangladesh,1993,-0.5387240103890256,-1.234283965878041,-0.8061634818423259,0.423
Barbados,1993,-0.20051686114141093,-0.4107100203614618,-0.32010542015315085,0.733
Belgium,1993,-0.14260983994236548,-0.23315783614808455,-0.1147730712273425,0.849
Belize,1993,-0.2626042932720999,-0.7046340641852575,-0.41927168426740674,0.63
Benin,1993,-0.6323560567686296,-1.5972535601642237,-0.7738479617919948,0.367
Bolivia (Plurinational State of),1993,-0.5258611701309169,-0.5922625137258933,-0.5534542275819048,0.573
Botswana,1993,-0.5442233236164833,-0.6957605691537054,-0.36583339673016496,0.586
Brazil,1993,-0.3219232043247108,-0.69260236515437,-0.3590598993777945,0.633
Brunei Darussalam,1993,-0.21716147963666235,-0.5183706736096457,-0.009631273768329365,0.78
Bulgaria,1993,-0.2381400542433088,-0.5288428009705612,-0.2931136225371262,0.702
Burundi,1993,-1.3350164514660692,-1.7232028160438078,-1.0126890302800229,0.257
Cambodia,1993,-0.5886485747012143,-1.205918519613951,-1.029101839641571,0.39
Cameroon,1993,-0.646204876478993,-1.2050656397531039,-0.7054711093748189,0.426
Canada,1993,-0.11873156228864819,-0.17404080207600975,-0.13378296411945656,0.867
Central African Republic,1993,-0.8296544252146083,-1.6844527916225198,-0.9877175972751343,0.311
Chile,1993,-0.18179861662792396,-0.488393302663026,-0.33296470094985353,0.716
China,1993,-0.2781684960124584,-0.928795555381428,-0.8022522746107169,0.512
Colombia,1993,-0.27561162455312066,-0.6813001916345965,-0.3950952786679408,0.637
Congo,1993,-0.6437418210465953,-0.6832113637835029,-0.5795978727724397,0.53
Congo (Democratic Republic of the),1993,-0.7882696856685752,-1.1516155907594943,-1.0229405427143046,0.372
Costa Rica,1993,-0.13656015050870815,-0.6681875114914082,-0.34932755336142207,0.681
Cuba,1993,-0.18058153305214925,-0.4324782215417824,-0.6230161831618216,0.662
Cyprus,1993,-0.17343805527308948,-0.5062935438944182,-0.1757577714957475,0.752
Czechia,1993,-0.20687279476280437,-0.42388690054675493,-0.21418630622291385,0.755
Côte d'Ivoire,1993,-0.7109978679770342,-1.1058306639497513,-0.710301678673166,0.431
Denmark,1993,-0.16364173154984998,-0.2286690661850956,-0.10369517802492254,0.848
Dominican Republic,1993,-0.2934009582529493,-0.7745388167026144,-0.45524969429591283,0.602
Ecuador,1993,-0.25548796052805894,-0.5924377824191566,-0.4145907875921882,0.656
Egypt,1993,-0.35737848807117295,-0.7761754662607525,-0.46458593045214913,0.587
El Salvador,1993,-0.36251614641793223,-0.9534096031166349,-0.4978715569177988,0.546
Estonia,1993,-0.2911959311361938,-0.3728466065727305,-0.32951454969553867,0.718
Eswatini (Kingdom of),1993,-0.4796997154987244,-0.9044712479176888,-0.5288974351451547,0.529
Fiji,1993,-0.34731231703030147,-0.5631702286179667,-0.4144627064497498,0.643
Finland,1993,-0.1510912620580622,-0.2589152282857749,-0.16225059905096256,0.826
France,1993,-0.12524930051161565,-0.3821087728656458,-0.12691215141851556,0.809
Gabon,1993,-0.46771701477315175,-0.7487894102705285,-0.27177842354910153,0.609
Gambia,1993,-0.6554661135922568,-1.715120839196604,-0.7957008143883764,0.348
Germany,1993,-0.14732276115681311,-0.2276099177095547,-0.10663961775580051,0.852
Ghana,1993,-0.5793790313917714,-1.0004332701166603,-0.7329620192550642,0.463
Greece,1993,-0.11992764137245134,-0.45739614905844417,-0.1831835876323838,0.776
Guatemala,1993,-0.4051036349859077,-1.1737010198190017,-0.49110953575070126,0.502
Guinea,1993,-0.8084026439892261,-2.016160271801515,-0.9058242972819706,0.288
Guyana,1993,-0.4096585034982629,-0.8404612289756292,-0.6908003065696056,0.524
Haiti,1993,-0.6377852512272786,-1.108365570851809,-0.6568363231330872,0.449
Honduras,1993,-0.3403041845493251,-0.9981622678850158,-0.6032965338744087,0.523
"Hong Kong, China (SAR)",1993,-0.10833930682865034,-0.5417376733157291,-0.1342522968164092,0.77
Hungary,1993,-0.2789002331075905,-0.43073033619275003,-0.2726481893894912,0.721
Iceland,1993,-0.1014366003612089,-0.23104954229652008,-0.14337093307079926,0.853
India,1993,-0.490143544186229,-1.1161094978051094,-0.8132993141642398,0.446
Indonesia,1993,-0.37669825492442566,-0.8950673301105421,-0.5250662743142328,0.549
Iran (Islamic Republic of),1993,-0.32128658601953275,-0.6392206454591889,-0.360399116503998,0.644
Iraq,1993,-0.3264335623741692,-1.0413943666932497,-0.5710664080904905,0.524
Ireland,1993,-0.16172286634964164,-0.46039288303280407,-0.17402130135043148,0.767
Israel,1993,-0.12347226560087243,-0.37018129745662876,-0.1872374106271946,0.797
Italy,1993,-0.11996233167478074,-0.4382931000312529,-0.11495661805343706,0.799
Jamaica,1993,-0.22466393728466516,-0.62404190300857,-0.3765227798805251,0.665
Japan,1993,-0.0895208167076469,-0.24343085000709774,-0.12673631805816152,0.858
Jordan,1993,-0.25205756147885205,-0.638491666515171,-0.411822216520437,0.648
Kazakhstan,1993,-0.3857077307045241,-0.5165521569924916,-0.3505269382540253,0.659
Kenya,1993,-0.57387465645185,-0.9948725967256594,-0.6491826503564248,0.477
Korea (Republic of),1993,-0.1987699389423377,-0.3492381387159046,-0.2731494306432154,0.761
Kuwait,1993,-0.15272093317152188,-0.8841290107280956,-0.0218558723913346,0.703
Kyrgyzstan,1993,-0.3942512955101485,-0.47219376208561575,-0.6330972689602603,0.607
Lao People's Democratic Republic,1993,-0.6066872376334177,-1.1722045203900766,-0.7831716192547351,0.426
Latvia,1993,-0.3193368132284825,-0.4103537988913476,-0.379991773649607,0.691
Lesotho,1993,-0.5370379803260351,-0.9497430284455419,-0.7623834739698001,0.472
Libya,1993,-0.25399934813586333,-0.5041793881679602,-0.16625201488773758,0.735
Lithuania,1993,-0.28275066212443567,-0.4380937859384848,-0.33998887444376724,0.702
Luxembourg,1993,-0.15007183016886935,-0.4643999200505493,0.0,0.815
Malawi,1993,-1.022164199582213,-1.3480069414264162,-1.083056809475795,0.316
Malaysia,1993,-0.22649531605324846,-0.6485467001940448,-0.3203482654344851,0.671
Mali,1993,-0.8517642300395848,-2.3284659256008027,-0.9177567722050242,0.255
Malta,1993,-0.13668360838768231,-0.5245119994562928,-0.22203635707575972,0.745
Mauritania,1993,-0.4760774220526141,-1.560345622930288,-0.5586445242443411,0.421
Mauritius,1993,-0.2569588998089404,-0.7182985294420553,-0.3807917158697412,0.636
Mexico,1993,-0.24369953923833584,-0.6736362411818141,-0.2710763279444937,0.673
Moldova (Republic of),1993,-0.3340106534200057,-0.49094272596245314,-0.4108133000610024,0.662
Mongolia,1993,-0.4845582667461127,-0.6985992259527105,-0.6105706370242243,0.55
Morocco,1993,-0.39311096651573324,-1.3148215990605259,-0.5884899322917987,0.465
Mozambique,1993,-0.9414507613791022,-1.8204851937399,-1.4837676170978966,0.243
Myanmar,1993,-0.546559091101799,-1.2206838739594712,-1.273882261450089,0.363
Namibia,1993,-0.46423568050616115,-0.5997386038795449,-0.4615889795295265,0.601
Nepal,1993,-0.5468780279815788,-1.215474628207769,-0.8686297653390397,0.416
Netherlands,1993,-0.13072215541577598,-0.22487607258227033,-0.11320171193186415,0.855
New Zealand,1993,-0.14014663174324182,-0.21129252531426673,-0.17483388582887782,0.839
Nicaragua,1993,-0.37474939506228183,-0.985669095957402,-0.6879579092621978,0.505
Niger,1993,-1.003987658484551,-2.443022751894759,-1.052625727450745,0.223
Norway,1993,-0.1274663060195327,-0.22112973900715965,-0.08082251538457337,0.867
Pakistan,1993,-0.48715917853093127,-1.572578912292987,-0.6524735719618341,0.405
Panama,1993,-0.22699712063019983,-0.582346902374837,-0.31653325675460964,0.687
Papua New Guinea,1993,-0.47293715860784863,-1.4628192328477267,-0.6320360200834101,0.425
Paraguay,1993,-0.29008495706809134,-0.7384243352792391,-0.4006258558429813,0.621
Peru,1993,-0.3310500402560109,-0.5437777463496158,-0.520489077978623,0.628
Philippines,1993,-0.3127737390125722,-0.6086648082956445,-0.5790124158613768,0.606
Poland,1993,-0.23436006805789364,-0.36049732645170557,-0.3502904871217895,0.73
Portugal,1993,-0.1714090081373803,-0.5188758497816991,-0.185112430400357,0.747
Qatar,1993,-0.1809133180585107,-0.5688156985949904,-0.026046228894556024,0.772
Romania,1993,-0.27084008294853473,-0.5299234402263577,-0.3430742537310086,0.683
Russian Federation,1993,-0.3673026470138153,-0.40078004426259706,-0.2693134479437704,0.708
Saint Lucia,1993,-0.24032883760687862,-0.5819933956987245,-0.35301789296290326,0.676
San Marino,1993,-0.09805394047538808,-0.3532997304016697,-0.03784197526971388,0.85
Sao Tome and Principe,1993,-0.4574550013396657,-0.9800434937273514,-0.7576238730893292,0.481
Saudi Arabia,1993,-0.2563225524213485,-0.6648823941170794,-0.07847802939945185,0.717
Senegal,1993,-0.5635774712036236,-1.651998380041666,-0.7420444284728258,0.373
Sierra Leone,1993,-1.0133948274759863,-1.6011986834049072,-0.8794171708661113,0.312
Singapore,1993,-0.15257755885678462,-0.4148097784062206,-0.08506138103112634,0.805
South Africa,1993,-0.41214118978571906,-0.4926701967859646,-0.37646496516806677,0.652
Spain,1993,-0.11861030082279488,-0.4473558751422062,-0.16327936462917667,0.784
Sri Lanka,1993,-0.2031147052635305,-0.4829551542627775,-0.5502741947448153,0.662
Sudan,1993,-0.8944163456676253,-1.7663302824466138,-0.6838554254048483,0.328
Sweden,1993,-0.11161937777506555,-0.26446631732226417,-0.14684056413764324,0.84
Switzerland,1993,-0.10993506553857305,-0.2977240590696548,-0.04798374574926533,0.859
Syrian Arab Republic,1993,-0.25851169515200106,-0.8785020820958619,-0.5263360204927544,0.574
Tajikistan,1993,-0.6819181550187571,-0.46198438003694403,-0.754797378757037,0.531
Tanzania (United Republic of),1993,-0.7446024313815692,-1.2992268070971087,-0.966159631186981,0.367
Thailand,1993,-0.24122919193753278,-0.8450389803417856,-0.3940932729556807,0.611
Togo,1993,-0.6423078353455777,-1.225316861809899,-0.9422378173754846,0.392
Tonga,1993,-0.3062116642477673,-0.41207143694043713,-0.5415102471180183,0.657
Trinidad and Tobago,1993,-0.28643157260144997,-0.5922591512351516,-0.35308361067295746,0.663
Tunisia,1993,-0.23796437764395595,-0.881438387860537,-0.48842227495499746,0.585
Tuvalu,1993,-0.42126621372023604,-0.6031720560398496,-0.6347929868574672,0.575
Türkiye,1993,-0.28438494983675977,-0.8810914088935214,-0.2908512040154703,0.615
Uganda,1993,-0.9072166416241304,-1.3162945616144133,-1.079264546775551,0.333
Ukraine,1993,-0.30583559872436467,-0.4181348195628872,-0.3366853812121018,0.702
United Arab Emirates,1993,-0.21317418027673216,-0.6780586463988799,0.0,0.743
United Kingdom,1993,-0.14612909280139616,-0.3122344990220051,-0.14078688013197124,0.819
United States,1993,-0.15679777002475137,-0.12802242290170052,-0.09282421334470774,0.882
Uruguay,1993,-0.19323006963382106,-0.5059456416231852,-0.3184245651636615,0.712
Venezuela (Bolivarian Republic of),1993,-0.22458690013346122,-0.6962339534564127,-0.24414142464509972,0.678
Viet Nam,1993,-0.25002075993625283,-0.941442307821055,-0.738037320842825,0.526
Yemen,1993,-0.4890390432330184,-1.7135639201944155,-0.7460688274231109,0.374
Zambia,1993,-0.9082844066647545,-0.9677575308302966,-0.7877463887227856,0.412
Zimbabwe,1993,-0.6355751770463229,-0.7979698982397481,-0.8966324025883121,0.46
Afghanistan,1994,-0.724558466821745,-1.904803998409901,-0.9791978926591899,0.3
Albania,1994,-0.18298023521342546,-0.6491727788845079,-0.5881412505447092,0.623
Algeria,1994,-0.31658816467793754,-0.7765880362902846,-0.42281548762015764,0.603
Argentina,1994,-0.20085532789028437,-0.43477079287430676,-0.2446448784285581,0.746
Armenia,1994,-0.281078284511616,-0.467846117548818,-0.6997977040071693,0.617
Australia,1994,-0.11643010512592589,-0.149207931045951,-0.14051771606744157,0.873
Austria,1994,-0.1393858592571269,-0.27680856023426176,-0.10221973145165952,0.841
Bahamas,1994,-0.2454874819110527,-0.4109725469961771,-0.14762526524898478,0.765
Bahrain,1994,-0.19438790945839698,-0.6487027896839153,-0.09311132269834418,0.732
Bangladesh,1994,-0.5206946758710838,-1.2034667187236754,-0.7982547087174596,0.431
Barbados,1994,-0.20012212800407816,-0.398480593517608,-0.31287626119579337,0.738
Belgium,1994,-0.13636617605982496,-0.21701099880130895,-0.10869811157752439,0.857
Belize,1994,-0.2560641519190111,-0.6836680439136547,-0.42631711848964043,0.634
Benin,1994,-0.6216139487786926,-1.5629322015416713,-0.7808010881638663,0.372
Bolivia (Plurinational State of),1994,-0.5111077148319858,-0.5685605969019585,-0.5452627493173334,0.582
Botswana,1994,-0.5865996773429744,-0.6871568175538375,-0.38192361220500043,0.576
Brazil,1994,-0.31222700363989536,-0.6804284429511883,-0.3533234550799775,0.638
Brunei Darussalam,1994,-0.21256508571500762,-0.5247301916113642,-0.008728790149466112,0.78
Bulgaria,1994,-0.24450470016672501,-0.5183201661169526,-0.2885604851702526,0.704
Burundi,1994,-0.9930056494550168,-1.710592540220509,-1.028952880581468,0.288
Cambodia,1994,-0.5898965815192327,-1.1900173448362887,-1.0269299725314704,0.392
Cameroon,1994,-0.6620063592728668,-1.2074546464275924,-0.7106508276474978,0.423
Canada,1994,-0.11568715662300327,-0.16195005669607151,-0.12840237442319932,0.873
Central African Republic,1994,-0.8474465893955322,-1.6575193894441094,-0.9840625831524764,0.313
Chile,1994,-0.17409700975585893,-0.47621245557410474,-0.32785708454648516,0.722
China,1994,-0.27201064151929644,-0.9156039963698578,-0.7647985788227721,0.522
Colombia,1994,-0.2701343737319209,-0.6722876526118865,-0.3846441775378765,0.643
Congo,1994,-0.6557624713575175,-0.6818068558879075,-0.5952108710651268,0.525
Congo (Democratic Republic of the),1994,-0.7770640497820822,-1.1234917670918134,-1.0889564991959355,0.369
Costa Rica,1994,-0.13714229971410927,-0.6589423480452138,-0.3423820351635759,0.684
Cuba,1994,-0.1778209305922412,-0.44951416638056296,-0.622319074376802,0.659
Cyprus,1994,-0.17215799658134215,-0.4896889340036734,-0.16939250725719096,0.758
Czechia,1994,-0.20254938216633328,-0.38977918181299787,-0.2088738850534374,0.766
Côte d'Ivoire,1994,-0.7169040772228898,-1.0762108360659433,-0.7089722289122123,0.434
Denmark,1994,-0.159103952694705,-0.21893513220096797,-0.09537966806661126,0.854
Dominican Republic,1994,-0.2868209049014819,-0.7544981917367366,-0.4521638263703776,0.608
Ecuador,1994,-0.24733773045086807,-0.580084874300119,-0.40856272686194134,0.662
Egypt,1994,-0.3497538948040808,-0.753706937815548,-0.46078370286781745,0.594
El Salvador,1994,-0.349273828458422,-0.9197307816635933,-0.4881070842513825,0.557
Estonia,1994,-0.3055849669220544,-0.35246152074330156,-0.3284618335197338,0.72
Eswatini (Kingdom of),1994,-0.5297732320797163,-0.9001337543500335,-0.5347253414733226,0.52
Fiji,1994,-0.3430321675349458,-0.5479392385399775,-0.40692542039485635,0.649
Finland,1994,-0.138820078376036,-0.23740003790032696,-0.15411649005830294,0.838
France,1994,-0.11795228074675654,-0.33983677677950375,-0.12383112331672835,0.824
Gabon,1994,-0.46813460772435583,-0.7336537757497246,-0.2653686532333778,0.613
Gambia,1994,-0.627042578674935,-1.6648212151282524,-0.8055150427079952,0.356
Germany,1994,-0.1420422325695159,-0.21309413344237957,-0.10437094279171427,0.858
Ghana,1994,-0.5877620498204571,-0.9757951437403166,-0.7307657762909185,0.465
Greece,1994,-0.1173465924500385,-0.44053098969775073,-0.18096577623919366,0.782
Guatemala,1994,-0.39644437904094115,-1.1617173343094527,-0.48742425454045046,0.506
Guinea,1994,-0.8012122048072483,-1.9681459029216786,-0.9010193750451759,0.294
Guyana,1994,-0.4045731982857016,-0.8243487340037071,-0.6498665640988404,0.535
Haiti,1994,-0.6290029679209842,-1.0897178914533245,-0.6994347554663638,0.447
Honduras,1994,-0.3333448243845931,-0.9821796892404085,-0.6111173282610133,0.526
"Hong Kong, China (SAR)",1994,-0.10140254679494595,-0.5156340037965731,-0.1269699617800795,0.78
Hungary,1994,-0.2703157942551112,-0.4069740940216206,-0.2670059536981136,0.73
Iceland,1994,-0.0940402173173901,-0.2175318953852979,-0.13989528719618172,0.86
India,1994,-0.48012234350536304,-1.103817121909787,-0.7979153954451909,0.452
Indonesia,1994,-0.3709299110742659,-0.8595687770293803,-0.5078958948254171,0.56
Iran (Islamic Republic of),1994,-0.31433147009274437,-0.6164500220361252,-0.36603760452745143,0.649
Iraq,1994,-0.32970136464350125,-1.012450940848154,-0.5970886042568249,0.524
Ireland,1994,-0.15259547952200023,-0.4316216056258431,-0.1638813321751233,0.779
Israel,1994,-0.11932075580376951,-0.3602475458657494,-0.17908924810662785,0.803
Italy,1994,-0.11615359468589499,-0.40877473742752474,-0.11164978533515582,0.809
Jamaica,1994,-0.22817542073079283,-0.6228706569780944,-0.3743661731629814,0.665
Japan,1994,-0.08298035166087926,-0.22544049832004068,-0.12551643518040373,0.865
Jordan,1994,-0.24848108335889535,-0.6249299394053339,-0.4108989352363107,0.652
Kazakhstan,1994,-0.3910388988306698,-0.5153528459854909,-0.3772462264061903,0.652
Kenya,1994,-0.5833136070354177,-0.9741418757284988,-0.647298198019503,0.48
Korea (Republic of),1994,-0.1926329989938236,-0.3329814273672714,-0.2579374775973499,0.77
Kuwait,1994,-0.15327670288203646,-0.7693414551127189,-0.013087647140066046,0.732
Kyrgyzstan,1994,-0.39594137242265776,-0.48375867162803426,-0.70564940496542,0.59
Lao People's Democratic Republic,1994,-0.5978649731748169,-1.1370802982777923,-0.767576971326527,0.434
Latvia,1994,-0.34069344107428684,-0.4100277537464909,-0.3760879978237788,0.687
Lesotho,1994,-0.5363275381116753,-0.9206788016076438,-0.7655589095673369,0.477
Libya,1994,-0.2483430231052368,-0.49658688303902787,-0.16660894302657,0.738
Lithuania,1994,-0.28438494983675977,-0.43669100163801744,-0.3612117808184755,0.697
Luxembourg,1994,-0.14074858279093147,-0.44111113682709613,0.0,0.824
Malawi,1994,-1.0147944671912754,-1.3008128949175428,-1.126707222835529,0.317
Malaysia,1994,-0.22001383859375995,-0.6338934378592442,-0.30759194849697247,0.679
Mali,1994,-0.8514397595545389,-2.252036325650761,-0.9161254664660992,0.262
Malta,1994,-0.13800732876417435,-0.5144413357480836,-0.21681841455009243,0.748
Mauritania,1994,-0.47714289945007315,-1.465814142802318,-0.5766045629041558,0.432
Mauritius,1994,-0.2556071453043313,-0.7078488663923508,-0.376098849605345,0.64
Mexico,1994,-0.23710595825339653,-0.6630545725332739,-0.26548623592252835,0.678
Moldova (Republic of),1994,-0.3661704331930804,-0.4789593711019345,-0.4978657207232145,0.639
Mongolia,1994,-0.47543373021022606,-0.7020285657499317,-0.5995166406108879,0.553
Morocco,1994,-0.3823647568648323,-1.2735978286547955,-0.5640381598821528,0.477
Mozambique,1994,-0.9315605708716498,-1.8074198947056672,-1.4745178368678582,0.245
Myanmar,1994,-0.5379596757841248,-1.2059240966739972,-1.2438326827566815,0.369
Namibia,1994,-0.48936524610900567,-0.578489422353808,-0.46532207445867635,0.6
Nepal,1994,-0.5223533519025234,-1.2062864893320373,-0.8490106147961483,0.423
Netherlands,1994,-0.12237626068961499,-0.15112004699512446,-0.10837695958194017,0.88
New Zealand,1994,-0.1327404966739854,-0.17914638153570012,-0.16757555697120058,0.852
Nicaragua,1994,-0.36371062541325405,-0.9647874873004759,-0.6881604251247501,0.511
Niger,1994,-0.9670173852136384,-2.4010168850753,-1.0598201919844707,0.229
Norway,1994,-0.11786573138327319,-0.1820535265172787,-0.07285531952242542,0.883
Pakistan,1994,-0.4826120126696752,-1.5513056242816208,-0.65080611511448,0.409
Panama,1994,-0.221299099515562,-0.5830101058652224,-0.3124751803524053,0.689
Papua New Guinea,1994,-0.4667842017835982,-1.4279522743673188,-0.5839758463472279,0.438
Paraguay,1994,-0.28616527465344327,-0.720424483922477,-0.3989181511986119,0.626
Peru,1994,-0.3194215069548452,-0.5346777604834223,-0.49756598633744203,0.637
Philippines,1994,-0.3043953229444189,-0.6046087572085761,-0.5709288122171262,0.611
Poland,1994,-0.22873608348750715,-0.3413650828614907,-0.33290781718637147,0.74
Portugal,1994,-0.1538686683141921,-0.48358265432256026,-0.184359705017457,0.76
Qatar,1994,-0.17897945553356007,-0.5473368644822957,-0.02846668836786232,0.778
Romania,1994,-0.2708199129151529,-0.5253647500648417,-0.33442153242795103,0.686
Russian Federation,1994,-0.39167600094783056,-0.4023515162865274,-0.2949537779451999,0.696
Saint Lucia,1994,-0.2427185122206565,-0.5741818389669519,-0.35134887208540755,0.677
San Marino,1994,-0.09322926947771197,-0.3485297502924354,-0.029568230272080564,0.855
Sao Tome and Principe,1994,-0.45913369089660083,-0.9688643527814852,-0.7550034850516503,0.483
Saudi Arabia,1994,-0.24836274483167753,-0.6515723239967852,-0.08455252910692797,0.72
Senegal,1994,-0.564686313658787,-1.64275479394201,-0.7505181764622312,0.373
Sierra Leone,1994,-1.0421592517531086,-1.5568755772265281,-0.8955550657965513,0.312
Singapore,1994,-0.1510912620580622,-0.39720030881373125,-0.06923061369504707,0.814
South Africa,1994,-0.4222513661466859,-0.4637897847741763,-0.3728346679179075,0.657
Spain,1994,-0.11192904986920318,-0.4236130036953181,-0.16296393740403436,0.792
Sri Lanka,1994,-0.20632425358481832,-0.46934656411142944,-0.5402960555355126,0.667
Sudan,1994,-0.5731375657426748,-1.7231498707141402,-0.6808714775311551,0.371
Sweden,1994,-0.1011642042956479,-0.24325840378926475,-0.137659035681991,0.852
Switzerland,1994,-0.10546308502044764,-0.29356865323643255,-0.048554181480823626,0.861
Syrian Arab Republic,1994,-0.2595482332080095,-0.8802763231103469,-0.5054517058954305,0.578
Tajikistan,1994,-0.5505798125254158,-0.4833294047567576,-0.9191820917677179,0.522
Tanzania (United Republic of),1994,-0.7469699872574521,-1.3010330949274502,-0.9740834419105313,0.365
Thailand,1994,-0.2381205330970263,-0.8220653462438021,-0.38039620675661384,0.619
Togo,1994,-0.6469391016841529,-1.190375626561069,-0.899215815620145,0.402
Tonga,1994,-0.302894634847533,-0.3962383160087483,-0.5203050679591478,0.666
Trinidad and Tobago,1994,-0.29259669354465534,-0.5765957503466761,-0.34981662383382733,0.666
Tunisia,1994,-0.23057494197808379,-0.8402011654750187,-0.48401700203451076,0.596
Tuvalu,1994,-0.41495615983075623,-0.5978398226787941,-0.6094874775968036,0.582
Türkiye,1994,-0.2765646138686324,-0.8692395513077134,-0.30640691710841034,0.616
Uganda,1994,-0.902805149396502,-1.30434892081126,-1.0667973609812014,0.336
Ukraine,1994,-0.3148582794315606,-0.4153658641560168,-0.3894255157944559,0.689
United Arab Emirates,1994,-0.2117091736885466,-0.6529227801795048,0.0,0.75
United Kingdom,1994,-0.13622512736252862,-0.300771720370692,-0.13409889983047993,0.827
United States,1994,-0.15372512936106233,-0.12516931675454537,-0.08854864574499541,0.885
Uruguay,1994,-0.19045298900050694,-0.4982998251319483,-0.30559571886473275,0.718
Venezuela (Bolivarian Republic of),1994,-0.22597447768462284,-0.6813030927099011,-0.2530514095392553,0.679
Viet Nam,1994,-0.24729832779512406,-0.9080067705056819,-0.7132311990142852,0.536
Yemen,1994,-0.49268349953079643,-1.6745103381474318,-0.7507190570274571,0.378
Zambia,1994,-0.9219219420338812,-0.955529916042469,-0.8215941234725108,0.407
Zimbabwe,1994,-0.6904431474472418,-0.7804660353978622,-0.880023589708116,0.457
Afghanistan,1995,-0.6917942500294878,-1.8425918033828719,-0.8995843494823245,0.318
Albania,1995,-0.1787218895308483,-0.6457639715503378,-0.549903527271336,0.632
Algeria,1995,-0.31462644913030213,-0.7627453602446598,-0.42022657535776015,0.607
Argentina,1995,-0.2015890657530323,-0.42187536838650497,-0.25349676982138236,0.747
Armenia,1995,-0.2762400900031389,-0.47747816523205905,-0.6660520790800302,0.623
Australia,1995,-0.10943719008299062,-0.1301853887442316,-0.1360291788541351,0.882
Austria,1995,-0.13525595575211616,-0.2653089740889156,-0.09867192229538177,0.847
Azerbaijan,1995,-0.4294819875191729,-0.4316306535767682,-0.673598600178668,0.6
Bahamas,1995,-0.24721952714103773,-0.40511531354341707,-0.1198794765677551,0.773
Bahrain,1995,-0.18913239026124015,-0.6364286744849839,-0.09041791832531375,0.737
Bangladesh,1995,-0.49892239020356244,-1.1735708505707465,-0.7882093874065673,0.44
Barbados,1995,-0.19848846288001817,-0.3863989204301571,-0.31017986192759833,0.742
Belarus,1995,-0.28671843433606226,-0.407572182414233,-0.48947316516147205,0.674
Belgium,1995,-0.1341821537741848,-0.19796584677936646,-0.10549008335007436,0.864
Belize,1995,-0.2646268221217501,-0.6629853812364376,-0.42926494007269755,0.636
Benin,1995,-0.6106459590482015,-1.529176192232738,-0.767869871694391,0.379
Bolivia (Plurinational State of),1995,-0.4972262087358993,-0.5348559161110693,-0.5384536839164018,0.592
Botswana,1995,-0.6173549133421249,-0.652168391399279,-0.3660586862574939,0.58
Brazil,1995,-0.30487518441970785,-0.668392375757208,-0.34253620355230197,0.645
Brunei Darussalam,1995,-0.20757309478479988,-0.5236863345998806,-0.005750186216581299,0.782
Bulgaria,1995,-0.24252242225395185,-0.4885070145352564,-0.3403065759956446,0.7
Burundi,1995,-0.993878122972627,-1.698139305514955,-1.0868389092403559,0.284
Cambodia,1995,-0.5823491672312564,-1.174365064662645,-1.0004601875284214,0.399
Cameroon,1995,-0.6711749628267518,-1.2098493740321232,-0.7109058742771172,0.421
Canada,1995,-0.11361672678696745,-0.15564490655411747,-0.12544114097585485,0.877
Central African Republic,1995,-0.8656707410276469,-1.6312924103043231,-0.9726172080180446,0.315
Chile,1995,-0.17418856556376572,-0.4641781977304708,-0.3121892263814557,0.728
China,1995,-0.262204277266126,-0.8910045531077719,-0.738954055039365,0.532
Colombia,1995,-0.2637051630703325,-0.6669702417908857,-0.37740494356118787,0.647
Congo,1995,-0.6585525357954464,-0.6804043184168785,-0.6535847592008452,0.515
Congo (Democratic Republic of the),1995,-0.7595828848272648,-1.096067604657862,-1.1145390834121285,0.372
Costa Rica,1995,-0.139226701026984,-0.6362315497153292,-0.3396602863637555,0.69
Croatia,1995,-0.20059206607488983,-0.5536501661833224,-0.2774320733168626,0.709
Cuba,1995,-0.17393223042247621,-0.449572347184791,-0.6183587043559953,0.661
Cyprus,1995,-0.16463882194164678,-0.4732417709589019,-0.1662218785989297,0.765
Czechia,1995,-0.20076129785702235,-0.3645564640620878,-0.19893229550141409,0.775
Côte d'Ivoire,1995,-0.7209137436681108,-1.0472741410339812,-0.6975622172160791,0.44
Denmark,1995,-0.16186755797586605,-0.21072519634490242,-0.09057173578696716,0.857
Djibouti,1995,-0.5825144337238511,-2.038860481824673,-0.7985497384624554,0.32
Dominican Republic,1995,-0.28281189973659615,-0.734663009570283,-0.44350019638571236,0.614
Ecuador,1995,-0.24175803857454375,-0.5678827004662109,-0.406944201305066,0.667
Egypt,1995,-0.3389861631189337,-0.7317321704307668,-0.45486706021795403,0.601
El Salvador,1995,-0.33859757046708017,-0.8871493642921832,-0.47786678642349967,0.567
Estonia,1995,-0.2881745013673083,-0.3311308482796678,-0.31307184839456803,0.733
Eswatini (Kingdom of),1995,-0.5867656478559277,-0.8958149934774576,-0.5079801742829655,0.515
Fiji,1995,-0.33954773033816676,-0.5329367559570326,-0.399244178392177,0.654
Finland,1995,-0.13830761580551224,-0.22383069241103312,-0.14604972510791944,0.844
France,1995,-0.11617087434859644,-0.3259387487964249,-0.12087772908921014,0.829
Gabon,1995,-0.46806090217798013,-0.7187341125041273,-0.26335691105496023,0.617
Gambia,1995,-0.6058691724528847,-1.6158547852905931,-0.8109876213566871,0.364
Germany,1995,-0.1390498882535689,-0.20077712987917928,-0.10268009839513854,0.863
Ghana,1995,-0.5752957711727226,-0.9515527629070464,-0.7255273286344727,0.472
Greece,1995,-0.11703523840338018,-0.4328623327353093,-0.1786599044494417,0.784
Guatemala,1995,-0.3857756093827259,-1.1452940981750521,-0.4818352543527103,0.511
Guinea,1995,-0.7776665602605602,-1.9200362979520724,-0.8945170318428479,0.302
Guyana,1995,-0.41002935460579526,-0.8082947607693608,-0.6320804917836668,0.54
Haiti,1995,-0.6035315053929245,-1.071310505705612,-0.6758941409930028,0.457
Honduras,1995,-0.32128658601953275,-0.9664485401175376,-0.6028222392320071,0.532
"Hong Kong, China (SAR)",1995,-0.09431067947124117,-0.4896814913526152,-0.12389778662420717,0.79
Hungary,1995,-0.26298445674697085,-0.39126751815787025,-0.2649324849288799,0.736
Iceland,1995,-0.11008962902583301,-0.2104932122066683,-0.14083166614207301,0.857
India,1995,-0.47071773030906544,-1.0916691486631873,-0.7796689202994451,0.458
Indonesia,1995,-0.36247193384386905,-0.8260725756063502,-0.49294715229693037,0.571
Iran (Islamic Republic of),1995,-0.30767548717749427,-0.5941426989178261,-0.36384932092192335,0.656
Iraq,1995,-0.3357094506933063,-0.9842053950449914,-0.6636412409629867,0.516
Ireland,1995,-0.15840072412546446,-0.4144641880379872,-0.14976969542933163,0.786
Israel,1995,-0.12025724784266112,-0.3504115038682968,-0.1728195559442819,0.807
Italy,1995,-0.11194625668654466,-0.3949134300476715,-0.10629853094839706,0.815
Jamaica,1995,-0.23185445826291914,-0.621700781098113,-0.3708934652620157,0.665
Japan,1995,-0.08555788836164654,-0.21964172805500015,-0.12144729242085242,0.867
Jordan,1995,-0.24511391106096334,-0.6048818483934246,-0.40432717308313093,0.658
Kazakhstan,1995,-0.3965358619794369,-0.4963186464283112,-0.3920137367505325,0.652
Kenya,1995,-0.6015642179280186,-0.953832203562918,-0.6385469595280738,0.481
Korea (Republic of),1995,-0.1864964132383624,-0.31508006362309454,-0.24233319400461698,0.78
Kuwait,1995,-0.15733780460008767,-0.6569676371646265,-0.0027872401467300906,0.762
Kyrgyzstan,1995,-0.39185810470194754,-0.49265673481452565,-0.7269724429907438,0.584
Lao People's Democratic Republic,1995,-0.5802306680965875,-1.1530865486683366,-0.7530029425574315,0.437
Latvia,1995,-0.32392057016659687,-0.39334943888719565,-0.37024540251072546,0.696
Lesotho,1995,-0.570984008134152,-0.9082560286827618,-0.7636612189216926,0.473
Libya,1995,-0.24079848655293046,-0.48904592484066894,-0.17423504202373605,0.74
Lithuania,1995,-0.2759156714192196,-0.4213613440310214,-0.3537553104552438,0.704
Luxembourg,1995,-0.1365248796283434,-0.4294969398955981,0.0,0.828
Malawi,1995,-1.0114047770679764,-0.9803852323146188,-1.056277880609859,0.362
Malaysia,1995,-0.2157860687069127,-0.6192598659127927,-0.29440129022498535,0.686
Maldives,1995,-0.3141629497013784,-0.9117956628930489,-0.36711972470878323,0.588
Mali,1995,-0.8487758751900767,-2.1810357271190095,-0.9232714717954473,0.268
Malta,1995,-0.12974078387038893,-0.5035588286048575,-0.2084831786156214,0.755
Mauritania,1995,-0.4790536885419023,-1.4357284532697852,-0.5589625297557598,0.438
Mauritius,1995,-0.25189921461972703,-0.6975072705082269,-0.36861983878817756,0.644
Mexico,1995,-0.2299745216658399,-0.6504371682514789,-0.28485116242096176,0.678
Moldova (Republic of),1995,-0.3655271965818301,-0.46706864270445053,-0.49886117551404147,0.642
Mongolia,1995,-0.4703236804566608,-0.7022756329825152,-0.5789714863023518,0.558
Morocco,1995,-0.3736087232842919,-1.236549576151458,-0.5842704285814969,0.481
Mozambique,1995,-0.9147534525552686,-1.7913826398704897,-1.4818268534314611,0.248
Myanmar,1995,-0.5300084431827646,-1.2094579068860576,-1.2167387798225087,0.373
Namibia,1995,-0.5202545521115357,-0.5885789861256964,-0.4582640280693536,0.593
Nepal,1995,-0.5027048406102225,-1.19549951750581,-0.8442664194293839,0.428
Netherlands,1995,-0.12182001947518267,-0.16557958231160902,-0.10285864956593319,0.878
New Zealand,1995,-0.13504462489526348,-0.15904543658140818,-0.1609745248916545,0.859
Nicaragua,1995,-0.35430413016635626,-0.9443330160378317,-0.6650277224350971,0.52
Niger,1995,-0.9250210380294377,-2.3607046093097557,-1.0621122279494495,0.235
North Macedonia,1995,-0.22943251623251681,-0.7031258418553055,-0.3868952056793171,0.644
Norway,1995,-0.11745039867850546,-0.19823394431489835,-0.06649299568186906,0.88
Pakistan,1995,-0.48856247651092954,-1.5304754784563943,-0.6450365301235003,0.411
Panama,1995,-0.21576697909070883,-0.5700750354542953,-0.31701045389055016,0.692
Papua New Guinea,1995,-0.4596207948298543,-1.3937767412383109,-0.6075467194282597,0.44
Paraguay,1995,-0.28238331518152926,-0.7027429072610424,-0.3943045181625493,0.631
Peru,1995,-0.3106305658769825,-0.515436432894586,-0.48559921562146285,0.646
Philippines,1995,-0.2985511842292651,-0.6005690907290097,-0.5645320727610535,0.614
Poland,1995,-0.2247024580859028,-0.3318730204821285,-0.32020908747405613,0.747
Portugal,1995,-0.1571037538099982,-0.4576728814866539,-0.17634974213664326,0.768
Qatar,1995,-0.18078427747506814,-0.5384314258461487,-0.029204087579593113,0.779
Romania,1995,-0.2712032131346953,-0.510887522737248,-0.3217141221085364,0.692
Russian Federation,1995,-0.38790481196296595,-0.3935888231124079,-0.3042854662279722,0.696
Rwanda,1995,-1.1802061988343826,-1.4735169837172724,-1.1772426161326381,0.279
Saint Lucia,1995,-0.24252242225395185,-0.5664308300457865,-0.35301453624066204,0.679
Samoa,1995,-0.2765037576212127,-0.39584912159068003,-0.615882617720965,0.651
San Marino,1995,-0.08663102975039273,-0.34373992137474985,-0.018020541105054726,0.861
Sao Tome and Principe,1995,-0.4594502814624112,-0.9576845887480491,-0.7584173505136104,0.484
Saudi Arabia,1995,-0.24234597415374207,-0.6383624265673287,-0.08722742809748084,0.724
Senegal,1995,-0.5678302032851991,-1.6335958698863393,-0.740915180575193,0.375
Serbia,1995,-0.22759575537468443,-0.5332599317436039,-0.4168595943401732,0.675
Sierra Leone,1995,-1.051317747880451,-1.5144339125283601,-0.909275730059695,0.314
Singapore,1995,-0.14946424245204146,-0.37988413466619136,-0.061925684139321265,0.821
Slovakia,1995,-0.21825168984917018,-0.4820841025309401,-0.30181540984295,0.716
Slovenia,1995,-0.1747563987459752,-0.43614974802834666,-0.2086033232392907,0.761
South Africa,1995,-0.4304989327509017,-0.4446158110042208,-0.36999841898400765,0.66
Spain,1995,-0.11045037009496197,-0.40611577714735886,-0.15570670849490836,0.799
Sri Lanka,1995,-0.21815600980317063,-0.45583371942760875,-0.5304010508957319,0.669
Sudan,1995,-0.7089326566541092,-1.6808203066471674,-0.6690331471334634,0.361
Sweden,1995,-0.09988833589424272,-0.2251119901276478,-0.13165548647259434,0.859
Switzerland,1995,-0.10425002137379924,-0.28876769011404047,-0.04751196179965206,0.863
Syrian Arab Republic,1995,-0.25407868488071833,-0.8862526838231036,-0.49533186317833877,0.58
Tajikistan,1995,-0.5021962970679362,-0.47496214228877126,-0.9102509968186693,0.533
Tanzania (United Republic of),1995,-0.7473272287077544,-1.3003465799923077,-0.9701624639321715,0.366
Thailand,1995,-0.24358176516812424,-0.7996076689166022,-0.3666282794021482,0.625
Togo,1995,-0.6469391016841529,-1.118851744637043,-0.8830544306095532,0.414
Tonga,1995,-0.2996508492535077,-0.3805679889510116,-0.5204412531983035,0.67
Trinidad and Tobago,1995,-0.279103588471789,-0.5611739122002686,-0.34338602791399053,0.674
Tunisia,1995,-0.22337434717629515,-0.8111068998239581,-0.4806274054055505,0.603
Tuvalu,1995,-0.41091067757491756,-0.5925358718535958,-0.6259069865653836,0.581
Türkiye,1995,-0.27021500101220497,-0.857159266509552,-0.2943038655879183,0.623
Uganda,1995,-0.8947174257948481,-1.291764549279012,-1.0294793255344292,0.342
Ukraine,1995,-0.327905955278211,-0.3968473250986811,-0.4174632242744992,0.683
United Arab Emirates,1995,-0.2098666955097372,-0.6284032644132066,0.0,0.756
United Kingdom,1995,-0.1380956391221535,-0.28943884986715923,-0.13063946436265675,0.83
United States,1995,-0.1516461265332293,-0.12691487275197505,-0.08606282278891803,0.886
Uruguay,1995,-0.18733100623727839,-0.49071202391175667,-0.3092380609040229,0.72
Venezuela (Bolivarian Republic of),1995,-0.22039732564618453,-0.6665918869486,-0.24974749935135257,0.685
Viet Nam,1995,-0.2350604299401458,-0.8756530932130638,-0.6832892041861179,0.55
Yemen,1995,-0.4742464635046829,-1.6362069397370602,-0.7219560353319371,0.389
Zambia,1995,-0.9336325433089945,-0.9434500114923113,-0.8197924226570146,0.407
Zimbabwe,1995,-0.755644709017733,-0.7632632945285576,-0.8861873143206985,0.449
Afghanistan,1996,-0.670543051273339,-1.7856516098358712,-0.9017821863898101,0.326
Albania,1996,-0.1744999180264232,-0.6226922884617196,-0.5252301325774585,0.644
Algeria,1996,-0.28770258548268457,-0.7400507516624097,-0.4153927474443098,0.618
Argentina,1996,-0.1983196152645896,-0.409144121402543,-0.245940463060519,0.752
Armenia,1996,-0.26671370960532964,-0.48709859156149743,-0.6469495937608778,0.627
Australia,1996,-0.10794504927051125,-0.13056608036897838,-0.1310770625744359,0.884
Austria,1996,-0.130862430003511,-0.2563278283962759,-0.0944676620721627,0.852
Azerbaijan,1996,-0.42201671800050283,-0.42511149826000244,-0.6725269999158731,0.603
Bahamas,1996,-0.2482641400887095,-0.3992911205368483,-0.10505169904717501,0.778
Bahrain,1996,-0.1788506642396733,-0.6263653540353351,-0.08951978859018085,0.742
Bangladesh,1996,-0.49828915014643393,-1.1457582522040288,-0.7809870433562813,0.446
Barbados,1996,-0.19384617233708992,-0.3811112319394077,-0.30283280731380313,0.746
Belarus,1996,-0.28458942372615664,-0.38846174165804115,-0.4814517922350149,0.681
Belgium,1996,-0.1281306184805914,-0.18512173644016958,-0.10341187184283636,0.87
Belize,1996,-0.2662518111946836,-0.642575295223119,-0.4348482750458376,0.639
Benin,1996,-0.6032221038012572,-1.495951463927524,-0.7623285445484749,0.385
Bolivia (Plurinational State of),1996,-0.4834100176995546,-0.5022502983240243,-0.5316676890725155,0.603
Botswana,1996,-0.6375814874179371,-0.6310761130630415,-0.3665690755799355,0.58
Brazil,1996,-0.294701523046463,-0.6548507742543483,-0.3409360374398872,0.65
Brunei Darussalam,1996,-0.20221034164774404,-0.5262478775329583,-0.005003101035275026,0.783
Bulgaria,1996,-0.2450352823457162,-0.4574493608366695,-0.33016755998681924,0.709
Burundi,1996,-0.9809113076601682,-1.6858392480845712,-1.129511901157639,0.282
Cambodia,1996,-0.5813031132365676,-1.1587317800448258,-0.9896390391365157,0.403
Cameroon,1996,-0.6833491842336923,-1.2121118397265007,-0.7067872824009118,0.42
Canada,1996,-0.10928272739829369,-0.15016718744166432,-0.12430368768575545,0.88
Central African Republic,1996,-0.8848293344419057,-1.60393069605483,-1.0162145735050092,0.311
Chile,1996,-0.16889213648229384,-0.45261587478181936,-0.3003804546364717,0.735
China,1996,-0.25705836567730955,-0.8600794362092136,-0.7123876678397644,0.543
Colombia,1996,-0.25859139071499293,-0.6362483042327459,-0.37781948261974263,0.654
Congo,1996,-0.6631105238757149,-0.6841064031040746,-0.6508253826919591,0.514
Congo (Democratic Republic of the),1996,-0.7965608745567219,-1.0783133718478728,-1.091788853960544,0.372
Costa Rica,1996,-0.13478052411287042,-0.6296291024389625,-0.340755915257495,0.692
Croatia,1996,-0.18707128043205976,-0.5263320134438505,-0.26310688013125183,0.722
Cuba,1996,-0.16881927806438204,-0.42556285146180434,-0.597617240658515,0.672
Cyprus,1996,-0.1576079312911476,-0.45694712402180016,-0.16644646889131634,0.771
Czechia,1996,-0.188463456627957,-0.3399086852864608,-0.19229241902275812,0.786
Côte d'Ivoire,1996,-0.7237650049059586,-1.0070155158209249,-0.6931114108138305,0.446
Denmark,1996,-0.1550895819964476,-0.19624845986449338,-0.08704882399557314,0.864
Djibouti,1996,-0.5857149661987323,-1.9971719959899716,-0.8254829442935535,0.321
Dominican Republic,1996,-0.280589336758165,-0.7165627268550498,-0.4324091034247446,0.621
Ecuador,1996,-0.23548867046213634,-0.555827626484944,-0.40790145405939254,0.67
Egypt,1996,-0.3297441517988037,-0.7069550326330254,-0.4481892997419144,0.61
El Salvador,1996,-0.3226239528802214,-0.8555960856205995,-0.47847712479288784,0.576
Estonia,1996,-0.25946846135546553,-0.3056553219603454,-0.300716026575143,0.749
Eswatini (Kingdom of),1996,-0.6517690330291424,-0.8959143460062948,-0.49648222172682116,0.506
Fiji,1996,-0.33691541173187384,-0.5323833413825354,-0.38816403993020554,0.658
Finland,1996,-0.1336193085769287,-0.2089586138183867,-0.13900281871402456,0.852
France,1996,-0.11289308788564445,-0.3137882805624944,-0.11822646582556706,0.834
Gabon,1996,-0.4703236804566608,-0.7036198844984018,-0.26184493078484083,0.62
Gambia,1996,-0.5906183626843197,-1.5791605816107268,-0.8066141948916358,0.371
Germany,1996,-0.13499179915855233,-0.1888721704920918,-0.10156701129861292,0.868
Ghana,1996,-0.5683460940907054,-0.932995341150982,-0.7185043174049921,0.477
Greece,1996,-0.11468591361711057,-0.4205241189669752,-0.17680845965479025,0.789
Guatemala,1996,-0.37077386831823395,-1.1166631882106208,-0.4815430578938305,0.519
Guinea,1996,-0.7552190029122454,-1.8741079068550508,-0.8868778414918149,0.31
Guyana,1996,-0.4084310406022745,-0.7917237221727635,-0.5915892687385843,0.55
Haiti,1996,-0.5865996773429744,-1.0523739991279228,-0.6689060515495989,0.463
Honduras,1996,-0.314942594686348,-0.9520556753105498,-0.6050893139049945,0.536
"Hong Kong, China (SAR)",1996,-0.08888165634074083,-0.46386871633979243,-0.12218090781751446,0.799
Hungary,1996,-0.2504949838974016,-0.3731135199088438,-0.2654856624635541,0.744
Iceland,1996,-0.1033625129951532,-0.20271618415960144,-0.13337712776576804,0.864
India,1996,-0.46120552325873587,-1.0741800739945933,-0.761838733065172,0.465
Indonesia,1996,-0.3598668458287296,-0.7959991761743636,-0.47778534932760924,0.58
Iran (Islamic Republic of),1996,-0.3017289879897679,-0.5719272588942153,-0.35327040913886426,0.664
Iraq,1996,-0.3372817949944126,-0.9587654070887932,-0.560110710901399,0.539
Ireland,1996,-0.15207591057336806,-0.39972084815488784,-0.1377574112049633,0.795
Israel,1996,-0.10914544726079799,-0.3416320716257569,-0.16788913915091408,0.814
Italy,1996,-0.10643801903306807,-0.381081074163937,-0.10381918714999118,0.821
Jamaica,1996,-0.2330384990856644,-0.6205322722906265,-0.37243038408227724,0.665
Japan,1996,-0.07424289249766564,-0.21494430999829595,-0.11595954900382364,0.874
Jordan,1996,-0.2413075219418811,-0.5903760652273611,-0.4067102569071669,0.662
Kazakhstan,1996,-0.39857352509647714,-0.4777401010643679,-0.38815026865796415,0.656
Kenya,1996,-0.614449756072416,-0.935679725944187,-0.6301559341035341,0.483
Korea (Republic of),1996,-0.1803051296119307,-0.294517385177742,-0.2295852838581125,0.791
Kuwait,1996,-0.15588038002471866,-0.6306586670027795,-0.005162391981924491,0.768
Kyrgyzstan,1996,-0.3839445003722596,-0.4854073384241641,-0.7085742275654731,0.591
Lao People's Democratic Republic,1996,-0.5664196510372174,-1.0965296164363132,-0.7393315529505674,0.449
Latvia,1996,-0.2839352543956339,-0.3748184265436527,-0.36242954954000495,0.711
Lesotho,1996,-0.6124325093553677,-0.9071434226414904,-0.7517037849365849,0.469
Libya,1996,-0.23700845720518274,-0.48144789958655376,-0.17373903992434364,0.743
Lithuania,1996,-0.2577549039105917,-0.39547705420414325,-0.34341264588169823,0.717
Luxembourg,1996,-0.1384312896248058,-0.4058510155608679,0.0,0.834
Malawi,1996,-1.0199006439807865,-0.9733082405828746,-1.0342591084001664,0.365
Malaysia,1996,-0.21687477964712215,-0.589295396184997,-0.2804971979693119,0.696
Maldives,1996,-0.2886671728885435,-0.9018966569422524,-0.34720751488170437,0.599
Mali,1996,-0.8496390603968879,-2.1159256867601353,-0.9056887325218426,0.275
Malta,1996,-0.14566626169088412,-0.49793311321520894,-0.2045262586946466,0.754
Mauritania,1996,-0.4839340547934091,-1.3954635921065577,-0.5388879993248177,0.447
Mauritius,1996,-0.2540390157215009,-0.6872715295216791,-0.3611688523262529,0.648
Mexico,1996,-0.22243226587614554,-0.6378697421926258,-0.2745732503597538,0.685
Moldova (Republic of),1996,-0.3847353089587236,-0.4569293537035312,-0.5036693735539601,0.639
Mongolia,1996,-0.47791173916007285,-0.6784303128846466,-0.5762976973975341,0.561
Morocco,1996,-0.3624498282898475,-1.2068491758227011,-0.5549562721673448,0.493
Mozambique,1996,-0.8921235856472611,-1.726093238288024,-1.4247581992973113,0.26
Myanmar,1996,-0.5123395897471676,-1.198922838671561,-1.1933068458923977,0.38
Namibia,1996,-0.5656880329092289,-0.6018798544501945,-0.46201599752094263,0.581
Nepal,1996,-0.48598292862993747,-1.1605696197847082,-0.8361243318593562,0.437
Netherlands,1996,-0.12173313472774552,-0.15794960569128394,-0.09693637787662668,0.882
New Zealand,1996,-0.13469250601629307,-0.14782090369537462,-0.1595122097686486,0.863
Nicaragua,1996,-0.34461607708421904,-0.9143997394694768,-0.6468865207848591,0.53
Niger,1996,-0.8906229851255771,-2.3198052863316816,-1.0704560391116824,0.24
North Macedonia,1996,-0.21863450160616582,-0.686478407649179,-0.385892011557999,0.65
Norway,1996,-0.10993506553857305,-0.19015110036577018,-0.059344350517006456,0.887
Pakistan,1996,-0.47560699110443827,-1.5097670611372582,-0.6407135805887548,0.417
Panama,1996,-0.2102463102053844,-0.5580349021330235,-0.3134850143181767,0.697
Papua New Guinea,1996,-0.45825750129154047,-1.368192971568063,-0.6031724682297196,0.445
Paraguay,1996,-0.2784529968170761,-0.6776317078353618,-0.3829281286852212,0.64
Peru,1996,-0.3001284388885081,-0.5129036132915277,-0.4803255119116384,0.65
Philippines,1996,-0.2904757146285663,-0.5785272728506148,-0.5541280912337733,0.622
Poland,1996,-0.21840479696703638,-0.3151701643597326,-0.30655529719597563,0.756
Portugal,1996,-0.15843677510154847,-0.42641245125460353,-0.17117161392528288,0.777
Qatar,1996,-0.17279782110844802,-0.5271654293125938,-0.0324394015112359,0.783
Romania,1996,-0.282934386212201,-0.4829543297330522,-0.31348665981604784,0.698
Russian Federation,1996,-0.3583907007222356,-0.3747335946512593,-0.31299052808188005,0.706
Rwanda,1996,-1.1443501926496558,-1.4655788730409276,-1.206033265159328,0.28
Saint Lucia,1996,-0.2444457639651462,-0.5587394374149582,-0.34070767528919343,0.683
Samoa,1996,-0.27063840091973673,-0.39188717404688617,-0.5877502081320319,0.659
San Marino,1996,-0.09272276083091102,-0.33893021114931343,-0.0128793170926159,0.862
Sao Tome and Principe,1996,-0.458452143758275,-0.946504201542274,-0.7532706709639491,0.487
Saudi Arabia,1996,-0.23722297206115925,-0.6241247816481919,-0.08989744779695763,0.728
Senegal,1996,-0.5723737488033629,-1.6254423795148587,-0.7383462136518114,0.376
Serbia,1996,-0.23175746787459073,-0.5253754370993996,-0.4039963523569913,0.679
Sierra Leone,1996,-1.0097564598798323,-1.4751232966748815,-1.013277957244014,0.312
Singapore,1996,-0.13950966650708393,-0.36414708827680686,-0.057498228682501325,0.829
Slovakia,1996,-0.20901308897049664,-0.45575301177214195,-0.28861343504623843,0.728
Slovenia,1996,-0.1656550637494589,-0.4110791527748274,-0.20314520195598496,0.771
South Africa,1996,-0.4496822828122681,-0.4540622674067349,-0.36461693067445133,0.655
Spain,1996,-0.10806502424730295,-0.3892641905938117,-0.152371947885547,0.805
Sri Lanka,1996,-0.21813687489248235,-0.44097766565378327,-0.5231833432533715,0.674
Sudan,1996,-0.7000633499093769,-1.6392758227004438,-0.6491198117149476,0.369
Sweden,1996,-0.09612127788622699,-0.20324668336078108,-0.12891357689187025,0.867
Switzerland,1996,-0.09601966219667718,-0.2849296513220019,-0.04708323994947011,0.867
Syrian Arab Republic,1996,-0.25544823542576167,-0.8807931724342052,-0.48427158700656836,0.583
Tajikistan,1996,-0.5075233898393815,-0.47716637752260344,-1.001662386420548,0.516
Tanzania (United Republic of),1996,-0.7486924166330943,-1.2922551090668495,-0.9555292559637681,0.368
Thailand,1996,-0.2298389927640941,-0.780571088398423,-0.35884512942599217,0.634
Togo,1996,-0.6451485383525978,-1.0831947264541792,-0.8624977621148016,0.422
Tonga,1996,-0.2964796321036242,-0.37459731507256816,-0.5195332124774129,0.672
Trinidad and Tobago,1996,-0.28238331518152926,-0.5459863000094789,-0.3295964243980788,0.68
Tunisia,1996,-0.21586243081607137,-0.7832681968519548,-0.4685249207495166,0.613
Tuvalu,1996,-0.4083153199517953,-0.587259904504741,-0.6429232570298649,0.579
Türkiye,1996,-0.2595482332080095,-0.8419830312944672,-0.2835775422669981,0.63
Uganda,1996,-0.8908479317017142,-1.2281368362096141,-1.0032722352320878,0.353
Ukraine,1996,-0.3210956795313141,-0.3812377628435419,-0.43999533403602,0.683
United Arab Emirates,1996,-0.20850127457733975,-0.6077215657564601,0.0,0.762
United Kingdom,1996,-0.13353139262452263,-0.2767054417285332,-0.12772998926207196,0.836
United States,1996,-0.14591545182424434,-0.13134071226711172,-0.08186375898563109,0.887
Uruguay,1996,-0.18377492010726043,-0.47853081356698324,-0.29891295958334796,0.726
Venezuela (Bolivarian Republic of),1996,-0.22101121098401227,-0.6520939674607663,-0.2542687240389514,0.687
Viet Nam,1996,-0.23261130631814314,-0.8417336538306058,-0.6635561446770039,0.56
Yemen,1996,-0.4714076914029192,-1.5923596032914238,-0.6888365470385047,0.4
Zambia,1996,-0.9462346082472274,-0.9315142910383626,-0.8054077358282202,0.409
Zimbabwe,1996,-0.8086443692178841,-0.7463514901018323,-0.8530624870302798,0.448
Afghanistan,1997,-0.6588498097950788,-1.7317796784861834,-0.9367888796000022,0.33
Albania,1997,-0.1871825832314401,-0.5950310978945831,-0.5535780547070389,0.641
Algeria,1997,-0.27908325107436505,-0.7110158107134849,-0.4154381158895346,0.626
Argentina,1997,-0.20239868330005695,-0.3965729235775738,-0.23346111559033156,0.758
Armenia,1997,-0.26416588641411926,-0.47086554476599907,-0.6261660975009046,0.635
Australia,1997,-0.103106647272088,-0.13094691697503333,-0.12482827813032202,0.887
Austria,1997,-0.12383786767320785,-0.2512647519433671,-0.09191372206348704,0.856
Azerbaijan,1997,-0.4138152583949645,-0.4185923419529549,-0.6576506450070851,0.609
Bahamas,1997,-0.24150337380016176,-0.3934995888971624,-0.12920894599209903,0.775
Bahrain,1997,-0.1755445725149309,-0.6055360019705981,-0.09570525353514205,0.747
Bangladesh,1997,-0.4504544277243134,-1.1186983084911584,-0.7719091641631027,0.458
Barbados,1997,-0.19382749698015672,-0.3758513556935605,-0.2926219210100005,0.75
Belarus,1997,-0.28969435213944716,-0.37940003752537843,-0.45500802226404863,0.687
Belgium,1997,-0.12434296657011623,-0.18249809717629084,-0.09742667030148237,0.874
Belize,1997,-0.27824977369771453,-0.622427543233101,-0.43273339731827815,0.641
Benin,1997,-0.5914796293551426,-1.4620224491991192,-0.7517099272487581,0.393
Bolivia (Plurinational State of),1997,-0.46688235165853587,-0.47067432266140097,-0.5231886304517761,0.615
Botswana,1997,-0.6643952758413731,-0.6104195446368617,-0.3504831577123717,0.582
Brazil,1997,-0.2863905990703454,-0.6414817012062572,-0.33768364344146085,0.656
Brunei Darussalam,1997,-0.19725090857907734,-0.5288159992939501,-0.010710146657453616,0.782
Bulgaria,1997,-0.25536878995510465,-0.43785740927558137,-0.36052003103931407,0.704
Burundi,1997,-0.9401500379147371,-1.6736886454755275,-1.125727522875128,0.288
Cambodia,1997,-0.570439538570161,-1.1433391378096638,-0.9774386231960295,0.408
Cameroon,1997,-0.685881333183404,-1.2143794355755195,-0.7021416880888305,0.42
Canada,1997,-0.10597608970004097,-0.1586788017779046,-0.11845364213473,0.88
Central African Republic,1997,-0.9040961580812805,-1.5772977491425584,-1.0013867975971547,0.313
Chile,1997,-0.15627601367312544,-0.44118571208433144,-0.2883321891967686,0.744
China,1997,-0.24901378009935324,-0.8356965087234987,-0.6878967507464261,0.554
Colombia,1997,-0.2525723620050218,-0.6147165972814319,-0.3744706698191064,0.661
Congo,1997,-0.8715380112512578,-0.6878222440548123,-0.6240164810962262,0.483
Congo (Democratic Republic of the),1997,-0.7598788741738093,-1.0608688609394497,-1.1279512050037577,0.374
Costa Rica,1997,-0.13010868534702053,-0.6110136829630202,-0.33440932793558503,0.699
Croatia,1997,-0.18825914946070793,-0.5023365265148123,-0.2504470646258164,0.731
Cuba,1997,-0.16302584528819403,-0.4213452628660126,-0.5908081075526866,0.676
Cyprus,1997,-0.15187890329241646,-0.4408002492271483,-0.16550049005834835,0.777
Czechia,1997,-0.18640372366494629,-0.32525751525970475,-0.192971958743304,0.791
Côte d'Ivoire,1997,-0.7260200837570919,-0.9681528335574631,-0.6766023157768222,0.454
Denmark,1997,-0.14832154842683073,-0.18402334468055656,-0.08221329675995892,0.871
Djibouti,1997,-0.5917854185020108,-1.9616488162728674,-0.8222350978819607,0.325
Dominican Republic,1997,-0.2791849421978347,-0.6985959361708578,-0.41678776871493384,0.628
Ecuador,1997,-0.22929706076329534,-0.5439161485125578,-0.40149439317167557,0.676
Egypt,1997,-0.32005693864614054,-0.6962764680991851,-0.4406733652615613,0.615
El Salvador,1997,-0.30537615506078214,-0.8250080374462926,-0.47466451504606033,0.586
Estonia,1997,-0.24783039469045395,-0.27891555166963483,-0.2799141717704548,0.764
Eswatini (Kingdom of),1997,-0.7072773115427669,-0.9019110616089956,-0.4931924642449915,0.496
Fiji,1997,-0.33605386261336323,-0.5222841371495207,-0.39670222931153193,0.658
Finland,1997,-0.13021382491990027,-0.19508940423116894,-0.12749480158107251,0.86
France,1997,-0.10664338947071546,-0.3066135705170093,-0.11430348329227612,0.839
Gabon,1997,-0.4690932745136062,-0.6887212090823772,-0.25725942237578203,0.624
Gambia,1997,-0.5892030521204659,-1.5437653194689367,-0.8188279698453974,0.374
Germany,1997,-0.1273789293298305,-0.17802554514718882,-0.09918855846432041,0.874
Ghana,1997,-0.5581053906982864,-0.91457828594699,-0.7130569900900704,0.483
Greece,1997,-0.10845932911864807,-0.40549883922705215,-0.17114088733331023,0.796
Guatemala,1997,-0.3558840479881952,-1.0888292423672783,-0.47660555960111056,0.527
Guinea,1997,-0.7289816335691612,-1.8106299687503413,-0.8783199233971832,0.32
Guyana,1997,-0.40494216794213356,-0.7752250137454436,-0.5829448406578378,0.556
Haiti,1997,-0.5766367491928028,-1.033689675381498,-0.6667430521541873,0.468
Honduras,1997,-0.3078429177465213,-0.937867029158394,-0.5966887219417897,0.541
"Hong Kong, China (SAR)",1997,-0.0843017645939198,-0.44129206472134924,-0.11525268604726323,0.808
Hungary,1997,-0.2424832088743415,-0.3595988720246471,-0.26227595044221264,0.75
Iceland,1997,-0.09695152607645043,-0.18286765241036002,-0.12501774503108568,0.874
India,1997,-0.45139628615293304,-1.055081365857492,-0.7549429128383112,0.471
Indonesia,1997,-0.3515671319282616,-0.7579286637852292,-0.471137033608599,0.59
Iran (Islamic Republic of),1997,-0.2957349226093278,-0.5501946374915546,-0.35293649566508367,0.671
Iraq,1997,-0.3492956446569501,-0.9338427775235222,-0.5184175581854197,0.549
Ireland,1997,-0.14939278580832963,-0.383705746156056,-0.12394199454355048,0.803
Israel,1997,-0.10926556635043953,-0.31939119921001863,-0.1664462947354042,0.82
Italy,1997,-0.10138552044667157,-0.3639357549130558,-0.1000070747079155,0.828
Jamaica,1997,-0.23851102844533162,-0.6193651273024935,-0.378199342277486,0.662
Japan,1997,-0.07055452980122796,-0.21026885455063102,-0.1145286751513495,0.877
Jordan,1997,-0.23724247569371132,-0.5768560912973627,-0.4022646387511901,0.667
Kazakhstan,1997,-0.3967874832221723,-0.45950043173995303,-0.38160257509509937,0.662
Kenya,1997,-0.6243102186621596,-0.9178508946008904,-0.6349902356140942,0.484
Korea (Republic of),1997,-0.16758149644758613,-0.26712893927390924,-0.22041225232977202,0.804
Kuwait,1997,-0.15119863115733864,-0.6471315586374491,-0.0011008955737972094,0.766
Kyrgyzstan,1997,-0.3769897903087944,-0.4655846880526347,-0.6890572694879934,0.6
Lao People's Democratic Republic,1997,-0.5556084434611898,-1.0720854056085112,-0.7314256174016436,0.455
Latvia,1997,-0.27628064972733857,-0.34807709572057227,-0.3419258446273753,0.725
Lesotho,1997,-0.6600397903008259,-0.9028352422528513,-0.7356670672241242,0.465
Libya,1997,-0.2400354189844278,-0.4739016192136877,-0.1675223495157392,0.745
Lithuania,1997,-0.2442689761983992,-0.3656159447146991,-0.32684070065305576,0.732
Luxembourg,1997,-0.13328526906925617,-0.3902186669497879,0.0,0.84
Malawi,1997,-1.0332135606914732,-0.9512191180927604,-1.0267212831028172,0.367
Malaysia,1997,-0.21769687297233165,-0.5495198499304651,-0.27333753659939664,0.707
Maldives,1997,-0.27798564537044795,-0.8915867991852544,-0.3329361627811977,0.606
Mali,1997,-0.8233960544608,-2.0304253075317558,-0.8971372073064995,0.286
Malta,1997,-0.12568533055227266,-0.4879889183045305,-0.1966451658176292,0.763
Mauritania,1997,-0.47427118385571315,-1.3784797413320826,-0.5562301490729102,0.448
Mauritius,1997,-0.2495467607568767,-0.6732002286899513,-0.34989987409342893,0.654
Mexico,1997,-0.21462226848207,-0.628186739859619,-0.26324896384198093,0.692
Moldova (Republic of),1997,-0.3639098440342133,-0.44684255629133035,-0.49890955231338585,0.646
Mongolia,1997,-0.4653376089923178,-0.6595791917264602,-0.5688954715320534,0.569
Morocco,1997,-0.3538437906030027,-1.1780055051261809,-0.5632821105818915,0.497
Mozambique,1997,-0.863552328313873,-1.664806542481268,-1.372692690907393,0.272
Myanmar,1997,-0.5046141855214374,-1.1884976019319442,-1.1831301250956299,0.383
Namibia,1997,-0.6032221038012572,-0.6153600239816172,-0.45910793967074087,0.572
Nepal,1997,-0.4664162255261801,-1.1472479956416686,-0.824584893735208,0.444
Netherlands,1997,-0.11525546342928082,-0.16769170230718938,-0.0913379534602456,0.883
New Zealand,1997,-0.12524930051161565,-0.13345096055768074,-0.15568287293585545,0.871
Nicaragua,1997,-0.3346124286751151,-0.8853364844905304,-0.6354283505571917,0.539
Niger,1997,-0.8600194635682156,-2.2805131983705187,-1.077683644463059,0.245
North Macedonia,1997,-0.2178881543669737,-0.671344877130265,-0.38342212682587884,0.654
Norway,1997,-0.10983203648428859,-0.17869692345462623,-0.05189024642297524,0.893
Pakistan,1997,-0.47054531439218605,-1.4894787966522427,-0.6475410731419937,0.419
Panama,1997,-0.20466155433920188,-0.5437783857041963,-0.3070034275497662,0.703
Papua New Guinea,1997,-0.45166209899809134,-1.3432474367873415,-0.6311420046701467,0.445
Paraguay,1997,-0.2759562179869581,-0.6489471031625494,-0.38614651338825595,0.646
Peru,1997,-0.2906608636226047,-0.5121219194276173,-0.46881128869488914,0.655
Philippines,1997,-0.284937125319883,-0.5738200302846022,-0.54359345169156,0.627
Poland,1997,-0.21176621170439971,-0.28948984400509437,-0.2939992463322949,0.767
Portugal,1997,-0.15041152534041896,-0.4128302836980061,-0.16551078410976042,0.784
Qatar,1997,-0.1709343303616436,-0.5201840269501352,0.0,0.794
Romania,1997,-0.273465657538665,-0.47049247084265533,-0.3233759902162799,0.701
Russian Federation,1997,-0.3378424056434479,-0.35558816422160755,-0.3112120101242407,0.715
Rwanda,1997,-1.147156329282275,-1.4577032799954652,-1.2071470770327541,0.281
Saint Lucia,1997,-0.24698316242918866,-0.5511067515409145,-0.34405640173128094,0.683
Samoa,1997,-0.2648673946856095,-0.3879205947732176,-0.5885221885116668,0.661
San Marino,1997,-0.0865807005132895,-0.3341005886961122,-0.0075731757056654945,0.867
Sao Tome and Principe,1997,-0.4564102849580049,-0.9353231907953178,-0.7576101098801995,0.488
Saudi Arabia,1997,-0.23313561380736125,-0.6100128078834828,-0.09261536203598467,0.732
Senegal,1997,-0.5745849613664261,-1.6173548310846322,-0.7366058535605695,0.377
Serbia,1997,-0.22991643560163852,-0.5175407616621192,-0.3891438572499084,0.685
Sierra Leone,1997,-1.008279510566092,-1.4372997327974202,-1.0966055504942165,0.307
Singapore,1997,-0.12734398079154963,-0.3486426803969009,-0.045223939478023736,0.841
Slovakia,1997,-0.20996158567444267,-0.4359430451668957,-0.27880018553468994,0.735
Slovenia,1997,-0.1638229467796739,-0.38020808498998704,-0.1945568062829783,0.782
South Africa,1997,-0.46558264697443097,-0.4635988105345092,-0.36204460028346824,0.65
Spain,1997,-0.09934446042831481,-0.3821043133268795,-0.14667669075088438,0.811
Sri Lanka,1997,-0.2205315808655579,-0.4263390873789771,-0.5086168241768091,0.68
Sudan,1997,-0.6829531627215024,-1.5984563870971318,-0.6060995438827502,0.382
Sweden,1997,-0.09226712229625937,-0.1746264526645142,-0.12366782924824064,0.878
Switzerland,1997,-0.09292533350455012,-0.2749093053195465,-0.04136689802529788,0.872
Syrian Arab Republic,1997,-0.25672022208240597,-0.8753633056186875,-0.47333755942959665,0.586
Tajikistan,1997,-0.4768454427030481,-0.4793754822343805,-0.9831921834258749,0.524
Tanzania (United Republic of),1997,-0.7526032546250933,-1.2664288335286757,-0.9518244084925632,0.371
Thailand,1997,-0.21355505286041498,-0.7591795885228486,-0.36873486008654743,0.639
Togo,1997,-0.6423955713188454,-1.0628775648258417,-0.8263181370961147,0.43
Tonga,1997,-0.2930296787783764,-0.36773849566381944,-0.5220913916425941,0.674
Trinidad and Tobago,1997,-0.28831817215620553,-0.5310259048581843,-0.31012622253395516,0.686
Tunisia,1997,-0.2066836086409338,-0.76652534629059,-0.45714453262208404,0.621
Tuvalu,1997,-0.40494216794213356,-0.5820116269607394,-0.6202401188508163,0.585
Türkiye,1997,-0.25102875480374554,-0.8270336753114802,-0.27127656085422414,0.638
Uganda,1997,-0.8794026187751297,-1.168316558174352,-0.9926794328928961,0.363
Ukraine,1997,-0.3108824656222164,-0.36586811880050707,-0.445074153457516,0.688
United Arab Emirates,1997,-0.20528474262832347,-0.5874589471074619,0.0,0.768
United Kingdom,1997,-0.12884787195546962,-0.2641321371116415,-0.12036856571035216,0.843
United States,1997,-0.1401820305998624,-0.13446441842442022,-0.07689585021534888,0.889
Uruguay,1997,-0.17989987604660027,-0.4508806545604217,-0.2822296348469575,0.738
Venezuela (Bolivarian Republic of),1997,-0.20971488997233845,-0.6378032368151871,-0.2462439459502109,0.694
Viet Nam,1997,-0.22695851133693795,-0.8089270976361035,-0.6469119967686956,0.571
Yemen,1997,-0.4579169681105885,-1.549656974130951,-0.6794698988050109,0.408
Zambia,1997,-0.9577138685826365,-0.9166638567682579,-0.8017905233767884,0.41
Zimbabwe,1997,-0.8424327909756425,-0.7297209446815427,-0.8583406809584573,0.445
Afghanistan,1998,-0.6796084746119513,-1.6806621779693398,-0.9708614706731129,0.329
Albania,1998,-0.1672359193759138,-0.5691165822612223,-0.5284901415561669,0.656
Algeria,1998,-0.27340498958447096,-0.6828001659099505,-0.40654708939107664,0.635
Argentina,1998,-0.1951917154292768,-0.3841578007476293,-0.22912457925552351,0.764
Armenia,1998,-0.2521367443120553,-0.4416849655827471,-0.6118368104321809,0.647
Australia,1998,-0.09637536229443393,-0.13132789867286684,-0.11828817984178881,0.891
Austria,1998,-0.11769265512544212,-0.24447053353256556,-0.08653057863300674,0.861
Azerbaijan,1998,-0.400225015253243,-0.41207318409619664,-0.6301654740044837,0.618
Bahamas,1998,-0.2336601963391359,-0.3877403479691337,-0.14075169160751724,0.776
Bahrain,1998,-0.17360275319003313,-0.5851316738321434,-0.09120884023633723,0.753
Bangladesh,1998,-0.3920857810382526,-1.0923513541368597,-0.7615967422438731,0.473
Barbados,1998,-0.19045298900050694,-0.37061900104873907,-0.2995326151498168,0.751
Belarus,1998,-0.2899204732385368,-0.3750476176869337,-0.43496256530082283,0.693
Belgium,1998,-0.12305459826682744,-0.17988132305427826,-0.09454893796738346,0.876
Belize,1998,-0.2907843153325677,-0.6025323822813629,-0.434219966412702,0.642
Benin,1998,-0.5848310370764863,-1.4292069360712027,-0.7465786050479172,0.398
Bolivia (Plurinational State of),1998,-0.45275025154352855,-0.4400649461669753,-0.5139271774518864,0.626
Botswana,1998,-0.6924397385483727,-0.5901810486523967,-0.3462677247170123,0.581
Brazil,1998,-0.27871724863026337,-0.6282806872527931,-0.34098652210825364,0.66
Brunei Darussalam,1998,-0.19248378701928587,-0.5313907332889868,-0.014918786360262585,0.782
Bulgaria,1998,-0.24428861774026062,-0.4177806303043154,-0.34879114096487623,0.714
Burundi,1998,-0.8952821954779636,-1.6616839095631504,-1.1111598632137338,0.294
Cambodia,1998,-0.5627128866906723,-1.1281798417329425,-0.969774565844125,0.412
Cameroon,1998,-0.6906272812516596,-1.2166521853104517,-0.692798503343939,0.42
Canada,1998,-0.10239057133744395,-0.16726348575271066,-0.1137363759141401,0.88
Central African Republic,1998,-0.9153296553946046,-1.5513557536387286,-0.9955048335033958,0.315
Chile,1998,-0.15496383085778515,-0.4298847233490369,-0.28121691245805336,0.749
China,1998,-0.23919476244084859,-0.8060249319191674,-0.6694693304111657,0.565
Colombia,1998,-0.24771213313517662,-0.5936387495355883,-0.3759600421451778,0.666
Congo,1998,-0.7438252796035778,-0.6915519438712939,-0.5971863443184118,0.508
Congo (Democratic Republic of the),1998,-0.7833749132918472,-1.0437234507961595,-1.144116906467175,0.371
Costa Rica,1998,-0.13316223000419766,-0.5907202648417418,-0.3266608614597116,0.705
Croatia,1998,-0.18714548092181688,-0.4687415627689984,-0.2460182615707104,0.74
Cuba,1998,-0.15685176036049436,-0.41084715651581694,-0.590816132659925,0.68
Cyprus,1998,-0.14579084899559874,-0.42479658060520004,-0.1421970919323427,0.789
Czechia,1998,-0.17521456371170127,-0.32320933038931743,-0.19330442696856048,0.794
Côte d'Ivoire,1998,-0.7369222490629403,-0.9305847956577868,-0.6712543954895696,0.459
Denmark,1998,-0.14131545614534977,-0.17194588010952114,-0.07859395068580527,0.878
Djibouti,1998,-0.585991354360023,-1.9414037086501004,-0.8366443849823441,0.326
Dominican Republic,1998,-0.2806097048088412,-0.6807579103651857,-0.4061794507892835,0.634
Ecuador,1998,-0.2222785409282054,-0.532144884847767,-0.39915553913900387,0.681
Egypt,1998,-0.3142682716179132,-0.685710731459846,-0.4322414782094713,0.62
El Salvador,1998,-0.29327718311096557,-0.795327915158366,-0.46982247125540966,0.595
Estonia,1998,-0.25803365510704446,-0.25287221464313747,-0.26721962678920286,0.772
Eswatini (Kingdom of),1998,-0.7621510411182654,-0.9079439547970203,-0.5005561894297641,0.485
Fiji,1998,-0.33107146247728175,-0.5122859083330662,-0.3998764312482547,0.661
Finland,1998,-0.12680243457656235,-0.17816023398687736,-0.11970448254803095,0.868
France,1998,-0.10385737243957649,-0.30011377070245815,-0.10882403204797018,0.843
Gabon,1998,-0.4659503165661701,-0.6740318602111822,-0.24814155437928925,0.63
Gambia,1998,-0.5755966505633866,-1.5095801716087076,-0.8167732110491744,0.38
Germany,1998,-0.12126408749303932,-0.16769951972975464,-0.09653515173407981,0.879
Ghana,1998,-0.5473832194997883,-0.8962959934845629,-0.7066630670615269,0.488
Greece,1998,-0.10996941091568885,-0.36953947694636247,-0.16620354171449797,0.806
Guatemala,1998,-0.34327067836121544,-1.0617490912308254,-0.46952175751101427,0.535
Guinea,1998,-0.7071212882637771,-1.750942090366452,-0.8704362397123423,0.33
Guyana,1998,-0.3924729498145115,-0.7587958694331459,-0.5822714001136581,0.561
Haiti,1998,-0.5598273487743773,-1.0152489303856007,-0.6660437426202143,0.474
Honduras,1998,-0.41969666727796595,-0.9238768874599966,-0.5931846525338919,0.524
"Hong Kong, China (SAR)",1998,-0.07776197718440435,-0.4186859188184811,-0.1248939268340769,0.813
Hungary,1998,-0.24417077427552633,-0.3424247193137855,-0.2547823279708052,0.755
Iceland,1998,-0.08920118545844778,-0.16340542964320182,-0.11457795461502122,0.885
India,1998,-0.44168233624167114,-1.0372952940323574,-0.7417854865226985,0.477
Indonesia,1998,-0.34657230176092285,-0.7343533833463374,-0.5168631649481139,0.587
Iran (Islamic Republic of),1998,-0.2880924130402222,-0.5289242942137788,-0.35154871906213797,0.677
Iraq,1998,-0.3569826835934152,-0.9094135551379596,-0.4519790313091205,0.564
Ireland,1998,-0.14566626169088412,-0.27509692126686935,-0.11259525906984638,0.837
Israel,1998,-0.10638668301313847,-0.29763423961107943,-0.16334861958460614,0.828
Italy,1998,-0.10014337938053941,-0.3533847431777454,-0.09722455416494623,0.832
Jamaica,1998,-0.24275773482857277,-0.6181993434074616,-0.38305363424924804,0.661
Japan,1998,-0.06943252856152085,-0.20561515695540683,-0.11728635041996477,0.877
Jordan,1998,-0.23331044407675391,-0.5635164719378687,-0.39892965030903516,0.671
Kazakhstan,1998,-0.394479517434137,-0.44158749688006027,-0.38189182445685405,0.666
Kenya,1998,-0.6326746065012798,-0.900334370456457,-0.6323932506807243,0.486
Korea (Republic of),1998,-0.15865310825544782,-0.2707915695119939,-0.23337310701177025,0.802
Kuwait,1998,-0.14623593040833543,-0.6297352046737592,0.0,0.772
Kyrgyzstan,1998,-0.3651946502716922,-0.44614734954711405,-0.6900685315702917,0.606
Lao People's Democratic Republic,1998,-0.545655988617979,-1.0430123642087485,-0.7264509238457549,0.462
Latvia,1998,-0.2792459618360071,-0.31380011172282124,-0.3271410607879433,0.736
Lesotho,1998,-0.7154557142492943,-0.8985455426785494,-0.6904201412374439,0.464
Libya,1998,-0.2410138160568409,-0.46640636582970707,-0.1765204720602026,0.745
Lithuania,1998,-0.23886260468239978,-0.3377749794444977,-0.3109286223667493,0.744
Luxembourg,1998,-0.1313009149573484,-0.3658864077578954,0.0,0.847
Malawi,1998,-1.0455236837384632,-0.9296073985152031,-1.0193586274756274,0.369
Malaysia,1998,-0.21991798980473587,-0.5112660623929927,-0.29425470783257435,0.71
Maldives,1998,-0.2709611116930093,-0.880865699697411,-0.3269179698526061,0.611
Mali,1998,-0.8014521979514532,-1.9634999605395966,-0.8789569523859049,0.297
Malta,1998,-0.11883551239269192,-0.46594278946775186,-0.19265381968755918,0.772
Mauritania,1998,-0.47039755297734787,-1.3282812482663877,-0.5547657999471592,0.456
Mauritius,1998,-0.24672716368809225,-0.6504614596864211,-0.3396920811370802,0.662
Mexico,1998,-0.20702416943432653,-0.6115801457046524,-0.2566936899218167,0.699
Moldova (Republic of),1998,-0.35656505986631815,-0.43680719697054116,-0.5192480667674414,0.646
Mongolia,1998,-0.44232860168776755,-0.634925118973503,-0.5597441589154649,0.579
Morocco,1998,-0.3453546455982961,-1.1584737620428647,-0.5470134363244917,0.505
Mozambique,1998,-0.8413259840004514,-1.6070599863316066,-1.3351798992044048,0.283
Myanmar,1998,-0.49067112273858093,-1.1781799303255998,-1.1578717722369545,0.39
Namibia,1998,-0.645060560522954,-0.6193400647144996,-0.45579167087767775,0.564
Nepal,1998,-0.4475138162724925,-1.134101506743491,-0.8201106275920209,0.449
Netherlands,1998,-0.11399598482488818,-0.16800107682277246,-0.08724230970180522,0.884
New Zealand,1998,-0.11098313058017344,-0.11928459117683382,-0.15332678405738678,0.88
Nicaragua,1998,-0.3630910878339731,-0.8570941012434933,-0.6230147162495937,0.541
Niger,1998,-0.8353844918265994,-2.242706786882954,-1.045360946640453,0.253
North Macedonia,1998,-0.2153852632734965,-0.6512323281518048,-0.3772192665390999,0.661
Norway,1998,-0.10693440314185244,-0.14957362084820675,-0.048717951208998224,0.903
Pakistan,1998,-0.4586224870003187,-1.4695939740004207,-0.6498625125035375,0.423
Panama,1998,-0.19884501260840787,-0.5297222639524608,-0.29717973836216055,0.71
Papua New Guinea,1998,-0.46990517255429315,-1.3189090662654546,-0.6282232983609582,0.447
Paraguay,1998,-0.2728591435601428,-0.6210624131163986,-0.39115585199188735,0.652
Peru,1998,-0.2808949010869259,-0.4809028478931435,-0.47167117490051397,0.663
Philippines,1998,-0.2805282350951623,-0.5691348420764851,-0.5289355687970949,0.632
Poland,1998,-0.2050014270790155,-0.2675214960824982,-0.28485595006669545,0.777
Portugal,1998,-0.14696629303911116,-0.3994301221911038,-0.15833976201695824,0.791
Qatar,1998,-0.17053285584988237,-0.5132510272546081,0.0,0.796
Romania,1998,-0.2598673842689038,-0.45524334395217975,-0.32784770259938195,0.706
Russian Federation,1998,-0.32910253661756494,-0.33391884715202835,-0.3264623747425912,0.719
Rwanda,1998,-1.0979509689266835,-1.4498892274441941,-1.1809826549637137,0.289
Saint Lucia,1998,-0.2486586174113791,-0.5435318820626925,-0.33193887496351676,0.687
Samoa,1998,-0.258950099367703,-0.3839436283300986,-0.5840908694542325,0.664
San Marino,1998,-0.07947620150179667,-0.32925102326641714,-0.0010077476774511458,0.872
Sao Tome and Principe,1998,-0.45626459731205954,-0.924141556342547,-0.7592002052241646,0.49
Saudi Arabia,1998,-0.2254731858837422,-0.5960232322044837,-0.09075026697328906,0.738
Senegal,1998,-0.5793241119859854,-1.6057345621420898,-0.724802938269481,0.379
Serbia,1998,-0.23780824657160385,-0.5097551717375841,-0.3811195042752643,0.686
Sierra Leone,1998,-1.048109306495003,-1.400854804356063,-1.1201973882384006,0.304
Singapore,1998,-0.11416842240291239,-0.3333639310631189,-0.053900681019589336,0.846
Slovakia,1998,-0.2121655689347451,-0.3975922524588946,-0.27120417732975777,0.746
Slovenia,1998,-0.16087322558808514,-0.3407607532686367,-0.1887053732626578,0.794
South Africa,1998,-0.4854828160941957,-0.4732271761837686,-0.3640230521960997,0.643
Spain,1998,-0.09781639466186451,-0.3762142597520425,-0.1400403055864683,0.815
Sri Lanka,1998,-0.22158707095078578,-0.41191170907670505,-0.4997607675624556,0.685
Sudan,1998,-0.8136647207991999,-1.5583070468554503,-0.6017898399890169,0.371
Sweden,1998,-0.0898405501536474,-0.14005139256182253,-0.1149041897322353,0.891
Switzerland,1998,-0.08883121370661581,-0.2649883709698067,-0.03650940934419439,0.878
Syrian Arab Republic,1998,-0.25845192764757546,-0.8699627630218681,-0.4689145256827984,0.587
Tajikistan,1998,-0.44823611610646696,-0.4815894778963996,-0.9630446122738819,0.532
Tanzania (United Republic of),1998,-0.7431781141655103,-1.2266699003368793,-0.9455969348301476,0.378
Thailand,1998,-0.20670252564258979,-0.7274256046914058,-0.3910564876390961,0.643
Togo,1998,-0.6421908660206498,-1.042964983882278,-0.8440233969035825,0.43
Tonga,1998,-0.28989991466201204,-0.36084079493228893,-0.5137019104720153,0.678
Trinidad and Tobago,1998,-0.2793069851978031,-0.5162860276179734,-0.29208123569982986,0.696
Tunisia,1998,-0.2009117501545249,-0.7213034316907425,-0.4482085453932052,0.633
Tuvalu,1998,-0.4035131682290735,-0.5767907495956122,-0.5796016005845605,0.595
Türkiye,1998,-0.24179722352752672,-0.7910423279226183,-0.26729266035184146,0.648
Uganda,1998,-0.8720898368883642,-1.1118736600222314,-0.9847022369286026,0.372
Ukraine,1998,-0.2949081175435205,-0.35073112940687773,-0.44909526941112327,0.694
United Arab Emirates,1998,-0.20285084804644732,-0.5675987613833752,0.0,0.774
United Kingdom,1998,-0.12648812291650446,-0.25171495912553393,-0.1146768056233104,0.848
United States,1998,-0.13731877549326665,-0.13759791264134028,-0.07178678068507718,0.891
Uruguay,1998,-0.17569127805882973,-0.42397450067497305,-0.27455733874983423,0.747
Venezuela (Bolivarian Republic of),1998,-0.21037920940153967,-0.6237138570788087,-0.2495084005501293,0.697
Viet Nam,1998,-0.2210879731556519,-0.7771627120279438,-0.636577248168157,0.58
Yemen,1998,-0.4517104361984102,-1.5080149141331767,-0.6637661345833868,0.417
Zambia,1998,-0.9675435412512751,-0.9020307345831192,-0.8135441169751793,0.409
Zimbabwe,1998,-0.8852766783449856,-0.7133624564144985,-0.868379423991303,0.439
Afghanistan,1999,-0.6234489168949237,-1.6320310918883896,-1.0071717330416972,0.337
Albania,1999,-0.16373233505989182,-0.5485359761788786,-0.4976892186170586,0.668
Algeria,1999,-0.26172446918015174,-0.6553588455483841,-0.40347118138957627,0.644
Angola,1999,-0.9401894289296516,-1.4482514014562082,-0.603521036112615,0.369
Argentina,1999,-0.19056466885171647,-0.33889953660730365,-0.23815986285647175,0.774
Armenia,1999,-0.2572374291756939,-0.43193612651054974,-0.6001974858419961,0.651
Australia,1999,-0.09203094698560334,-0.13170902557307562,-0.11318972143704256,0.894
Austria,1999,-0.11470316793716127,-0.2379736139237744,-0.08276299482719726,0.865
Azerbaijan,1999,-0.38591138056323865,-0.40555402556120396,-0.6020684055971394,0.628
Bahamas,1999,-0.22755712296208555,-0.3820130314937307,-0.12142522389043955,0.784
Bahrain,1999,-0.1674177871585374,-0.5651353711861541,-0.0885328762380528,0.761
Bangladesh,1999,-0.3408015947824423,-1.0666807793649973,-0.7524612959425039,0.487
Barbados,1999,-0.18468126178610608,-0.3654138814491553,-0.29959485109213696,0.753
Belarus,1999,-0.2954041185456912,-0.35915129311752675,-0.425083693461821,0.698
Belgium,1999,-0.12006640980285613,-0.17727137857133524,-0.08935633916197716,0.879
Belize,1999,-0.2872103888401933,-0.5828805383469785,-0.4237886231671415,0.65
Benin,1999,-0.576362934125787,-1.3974341534479635,-0.7391034648349367,0.405
Bolivia (Plurinational State of),1999,-0.4397938067010201,-0.4524919346865379,-0.5185841348348907,0.625
Botswana,1999,-0.7182598813750205,-0.5604487765797082,-0.3420789171736397,0.583
Brazil,1999,-0.27192986933719204,-0.615243432861928,-0.3451487211059246,0.663
Brunei Darussalam,1999,-0.1879434841005029,-0.5170938233168069,-0.0135760660866881,0.787
Bulgaria,1999,-0.2309431197927474,-0.3958213786913572,-0.36556774393557356,0.718
Burkina Faso,1999,-0.7624148150655232,-1.9581874507710557,-0.9531760032759437,0.294
Burundi,1999,-0.8591836014004579,-1.6498215794806395,-1.1290229570655776,0.297
Cambodia,1999,-0.5449924626165932,-1.113246922471012,-0.9346677664634061,0.421
Cameroon,1999,-0.6871651088823978,-1.2189301121113763,-0.6864936154414051,0.421
Canada,1999,-0.09880088060212516,-0.16317543253043953,-0.10665014138874128,0.884
Central African Republic,1999,-0.925952642785892,-1.5260697632011864,-0.9787895904485094,0.319
Chile,1999,-0.14871420223615558,-0.4064616800710856,-0.28525799866908474,0.756
China,1999,-0.2343795159327279,-0.7772084465367121,-0.649763498703775,0.575
Colombia,1999,-0.24401367125489784,-0.5932720769031047,-0.38887542928766977,0.665
Congo,1999,-0.6852705901955983,-0.6952956065084335,-0.6471012559617865,0.509
Congo (Democratic Republic of the),1999,-0.7750249041792114,-1.0268670573764302,-1.1965204439344272,0.368
Costa Rica,1999,-0.12891787545567307,-0.5840825887700629,-0.32593605847670215,0.707
Croatia,1999,-0.183201944221262,-0.4358704704961544,-0.2507009616305032,0.748
Cuba,1999,-0.15094812118931059,-0.4004581164546057,-0.5756422411077436,0.687
Cyprus,1999,-0.14378154864054327,-0.40893171943461626,-0.15112409554923326,0.791
Czechia,1999,-0.17175603059686845,-0.31202072820522814,-0.1912337567791245,0.799
Côte d'Ivoire,1999,-0.7417881250939501,-0.9323792619115239,-0.6814382551304595,0.456
Denmark,1999,-0.13880240288045892,-0.14313664396098424,-0.07381238207377533,0.888
Djibouti,1999,-0.5790770119778643,-1.920943601506164,-0.8292867474443996,0.33
Dominican Republic,1999,-0.27688924308405477,-0.663044096520553,-0.39725710097227473,0.64
Ecuador,1999,-0.21427911066423655,-0.5205105732386903,-0.41951355685282826,0.681
Egypt,1999,-0.3086804913449139,-0.6752554635112501,-0.42451218032912974,0.625
El Salvador,1999,-0.27486203729747144,-0.7880940653216841,-0.46896191776933166,0.6
Estonia,1999,-0.24030927368665977,-0.23307465865562288,-0.26764215277067127,0.781
Eswatini (Kingdom of),1999,-0.816340981889465,-0.9140134648023425,-0.492516570227222,0.477
Fiji,1999,-0.3292949779502805,-0.5023866553846812,-0.38303315092518186,0.667
Finland,1999,-0.12345485931197991,-0.15905629089871542,-0.11109661300618186,0.877
France,1999,-0.10107909573963328,-0.29296464319588666,-0.10289967891310263,0.847
Gabon,1999,-0.4645049286934222,-0.6595458784731795,-0.2755810996803527,0.627
Gambia,1999,-0.568454736602627,-1.4765251219203885,-0.8060922405479737,0.387
Germany,1999,-0.11729469337642535,-0.1574790322539491,-0.09373934767524869,0.884
Ghana,1999,-0.5360119479554689,-0.878143069367396,-0.7011704692305734,0.494
Greece,1999,-0.10792791116307227,-0.3645631660797965,-0.16455595767305048,0.809
Guatemala,1999,-0.3270307937977614,-1.0353829809265118,-0.4665584013818591,0.544
Guinea,1999,-0.6975877947399308,-1.69461707480302,-0.8588231204785545,0.338
Guyana,1999,-0.386341444287202,-0.7424336077608417,-0.5809127302359002,0.566
Haiti,1999,-0.5378279529814002,-0.9970435621401138,-0.6638626035574272,0.481
Honduras,1999,-0.29443301399299676,-0.9100797725431532,-0.6004082399496717,0.548
"Hong Kong, China (SAR)",1999,-0.0743091758257759,-0.3960459174599023,-0.12301488552567554,0.821
Hungary,1999,-0.2417776308591026,-0.3223499039283769,-0.25075585702927844,0.762
Iceland,1999,-0.09295909960676324,-0.1590940805365447,-0.10948201680568195,0.886
India,1999,-0.43180118583245125,-1.0198200462697236,-0.7206466075114163,0.485
Indonesia,1999,-0.34095302962788937,-0.7099185005792402,-0.5230101121020998,0.592
Iran (Islamic Republic of),1999,-0.276524042625524,-0.5080969716477645,-0.35004659372023966,0.685
Iraq,1999,-0.3417971581154017,-0.8854553505912658,-0.4227144006022091,0.577
Ireland,1999,-0.14735841495840366,-0.27005413692988256,-0.10187711378785588,0.841
Israel,1999,-0.10199865169299342,-0.27634058356188534,-0.16380173883915913,0.835
Italy,1999,-0.09339816272069495,-0.3471121172142123,-0.09397042377946593,0.837
Jamaica,1999,-0.24318928508145005,-0.6170349165290975,-0.3830186609545763,0.661
Japan,1999,-0.069960372332024,-0.2023418361266205,-0.11818134521774554,0.878
Jordan,1999,-0.2290455492746659,-0.5503524575427428,-0.3964267493923633,0.676
Kazakhstan,1999,-0.39053860319099926,-0.42398979723228003,-0.3776344717114884,0.672
Kenya,1999,-0.6335728838975652,-0.8909335221692483,-0.6349950596746496,0.487
Korea (Republic of),1999,-0.14898200916681417,-0.2549328297353056,-0.2137464609535998,0.814
Kuwait,1999,-0.1416344636801775,-0.6126363163349441,-0.012843578051163677,0.774
Kyrgyzstan,1999,-0.3548743681464977,-0.42708062870782176,-0.6883720075622788,0.613
Lao People's Democratic Republic,1999,-0.5401488127408799,-1.0267615308713238,-0.7059862959910049,0.469
Latvia,1999,-0.2641057800257939,-0.2778199589843348,-0.32304186856875033,0.75
Lesotho,1999,-0.7704935266857391,-0.8942741660682965,-0.6884712538496551,0.456
Liberia,1999,-0.7747577834056438,-1.0524495177897994,-0.9842595004970219,0.392
Libya,1999,-0.24142502845383512,-0.4589614366048459,-0.17848442225735206,0.746
Lithuania,1999,-0.23158290887805566,-0.30619099024886604,-0.3118190940175004,0.753
Luxembourg,1999,-0.12050018530481255,-0.32708783950870185,0.0,0.861
Madagascar,1999,-0.553465508964928,-1.084258539730244,-0.8903470745324226,0.431
Malawi,1999,-1.0144974101753628,-0.901134689570968,-1.016133295284509,0.376
Malaysia,1999,-0.21771599946539413,-0.49712185939725634,-0.29095718214253974,0.715
Maldives,1999,-0.2606058114526279,-0.8354734558458965,-0.3152940887000674,0.625
Mali,1999,-0.7799795525928975,-1.8815904052592178,-0.866932955967998,0.308
Malta,1999,-0.11627455859559611,-0.46455841132808295,-0.18156331131754883,0.776
Mauritania,1999,-0.46523961060921254,-1.3003232563702962,-0.551919666807587,0.462
Mauritius,1999,-0.23543026322741017,-0.6282282674680681,-0.3359095552602286,0.67
Mexico,1999,-0.19985905911609403,-0.6000535247238501,-0.25388808637958504,0.704
Moldova (Republic of),1999,-0.3553351824793944,-0.42682224640573363,-0.5250020358972808,0.647
Mongolia,1999,-0.42420107372100935,-0.6166573092957988,-0.5554318402364299,0.587
Morocco,1999,-0.3369585086784618,-1.1104377694456824,-0.5460851515818217,0.515
Mozambique,1999,-0.8135953028685207,-1.5524668253871767,-1.2846063044941805,0.296
Myanmar,1999,-0.4884872498907008,-1.167967626945355,-1.1084837353863508,0.398
Namibia,1999,-0.6767893939471664,-0.6414874694178804,-0.45965746899692783,0.553
Nepal,1999,-0.43403078827411384,-1.1211256076797,-0.807511517777416,0.455
Netherlands,1999,-0.11463415244315563,-0.17008220958696987,-0.07804210967133134,0.886
New Zealand,1999,-0.11535905280110395,-0.10531610775498296,-0.14736592802245493,0.885
Nicaragua,1999,-0.3216897305523057,-0.8296274906214153,-0.6080547690771935,0.556
Niger,1999,-0.8161669810886223,-2.20627778362,-1.0596687368338085,0.256
North Macedonia,1999,-0.2083686247064788,-0.6280862195428571,-0.369836167694989,0.669
Norway,1999,-0.10729400758084906,-0.13923695915574477,-0.046230060868561136,0.907
Pakistan,1999,-0.4443898650608028,-1.4500968605182987,-0.6446738294478616,0.429
Panama,1999,-0.19242783826832718,-0.5158609812415835,-0.29598472995784825,0.716
Papua New Guinea,1999,-0.44455782945274674,-1.2905754000295366,-0.6319582582727219,0.454
Paraguay,1999,-0.2697111871305444,-0.5939342317485565,-0.39940777105162634,0.656
Peru,1999,-0.26751751970829196,-0.4506289726270543,-0.4721452445782978,0.672
Philippines,1999,-0.2765037576212127,-0.5594331173484881,-0.5274876590307184,0.635
Poland,1999,-0.20418970041641876,-0.2484797046946956,-0.27557963454916684,0.784
Portugal,1999,-0.14330204731272722,-0.4176546738333004,-0.1526368384373975,0.788
Qatar,1999,-0.17069707594166728,-0.5164882590990935,0.0,0.795
Romania,1999,-0.25041593095164993,-0.4303810630684197,-0.32837525486977515,0.714
Russian Federation,1999,-0.35379995978993417,-0.31039762820762423,-0.31217643847705123,0.722
Rwanda,1999,-0.9709906318758964,-1.442135761450048,-1.1645234628018974,0.303
Saint Lucia,1999,-0.2482838602594867,-0.5360139601320922,-0.32575163011063485,0.691
Samoa,1999,-0.25328560053428695,-0.3774833353747131,-0.5789393205068496,0.668
San Marino,1999,-0.0757685217009309,-0.32438148509809556,0.0,0.875
Sao Tome and Principe,1999,-0.4512754854859663,-0.9129592979066133,-0.7475549873807902,0.495
Saudi Arabia,1999,-0.2205315808655579,-0.582152894271954,-0.10072699893038771,0.74
Senegal,1999,-0.5740931580778248,-1.5942477740847374,-0.7148697661255438,0.382
Serbia,1999,-0.2672160151985155,-0.502017946776629,-0.4023870198016472,0.677
Sierra Leone,1999,-1.0801227402774003,-1.3656915354621693,-1.155041658885476,0.301
Singapore,1999,-0.10587346770805801,-0.318304169445106,-0.04965337206197537,0.854
Slovakia,1999,-0.2047748324181267,-0.37594496609611766,-0.2729327219245786,0.752
Slovenia,1999,-0.15404812098403214,-0.2912888164215572,-0.17896757433486649,0.812
Solomon Islands,1999,-0.32277265966258667,-1.0203808566104726,-0.7282122900293365,0.501
South Africa,1999,-0.5046651513233954,-0.48294914927496935,-0.3613443873189264,0.638
Spain,1999,-0.09773157054462075,-0.3683431946127871,-0.13306323502168219,0.819
Sri Lanka,1999,-0.2113290033676662,-0.3976895231894057,-0.4913304732797321,0.693
Sudan,1999,-0.5630640340005755,-1.5187773621656337,-0.6029897393535737,0.409
Sweden,1999,-0.08827651260064005,-0.13305015415261903,-0.10496434445299432,0.897
Switzerland,1999,-0.08467006405902656,-0.26184324915287877,-0.033538901161151116,0.881
Syrian Arab Republic,1999,-0.25390018605536163,-0.8645912297556927,-0.4833088512468195,0.586
Tajikistan,1999,-0.42204018033758733,-0.4838083867545661,-0.9509043916995196,0.539
Tanzania (United Republic of),1999,-0.7165575386670081,-1.1884314787143924,-0.939014320498574,0.388
Thailand,1999,-0.2127744201274947,-0.6855583635878197,-0.38173703527493436,0.653
Togo,1999,-0.6323271027331591,-1.023441184841566,-0.8481629198570083,0.434
Tonga,1999,-0.28647254781145387,-0.3539042308324416,-0.5116857537535178,0.681
Trinidad and Tobago,1999,-0.29536277573106656,-0.5017602626558848,-0.27771799368015,0.699
Tunisia,1999,-0.1945560944622973,-0.6908679279640515,-0.43694508783167724,0.644
Tuvalu,1999,-0.40330590240991937,-0.56279779567325,-0.5847175537691055,0.596
Türkiye,1999,-0.24855998349109412,-0.756301480724675,-0.279852877482047,0.652
Uganda,1999,-0.8498549731689672,-1.0584470712507261,-0.9670558127424612,0.383
Ukraine,1999,-0.30068937878915897,-0.3358198569004792,-0.44891552129059153,0.696
United Arab Emirates,1999,-0.1915330837068996,-0.5481253339505031,0.0,0.781
United Kingdom,1999,-0.12476117247291461,-0.23383575677233115,-0.11135505389471091,0.855
United States,1999,-0.13710700829521416,-0.14344302070220835,-0.06586040586063657,0.891
Uruguay,1999,-0.17126292943722074,-0.41155346249768576,-0.27737453462931533,0.751
Venezuela (Bolivarian Republic of),1999,-0.2182708269569794,-0.6098202330801378,-0.26540765144981165,0.695
Viet Nam,1999,-0.21706590384020438,-0.7447753891302533,-0.6258921575453399,0.589
Yemen,1999,-0.4373130669320326,-1.4673574043346638,-0.6704790388526338,0.424
Zambia,1999,-0.9692453244820788,-0.887608656212921,-0.8017132237511427,0.412
Zimbabwe,1999,-0.947305208480337,-0.6972672663355249,-0.8791082183967627,0.431
Afghanistan,2000,-0.6105609647852632,-1.5856557146604648,-1.03618429657225,0.34
Albania,2000,-0.15973547658278495,-0.5292584953892817,-0.47786404330772964,0.678
Algeria,2000,-0.2528496720989057,-0.6311410199757983,-0.39992674312005705,0.652
Andorra,2000,-0.06484215697385626,-0.478294230444138,-0.07204725072737336,0.815
Angola,2000,-0.9153680807245866,-1.3938033525403282,-0.5907669721821205,0.38
Argentina,2000,-0.18677453351790463,-0.3159615978195486,-0.24193973181105455,0.78
Armenia,2000,-0.2499614977504486,-0.4345072192891946,-0.5815594942639105,0.656
Australia,2000,-0.08621169681906544,-0.13209029778638295,-0.11156892532937558,0.896
Austria,2000,-0.10988354968455763,-0.23151863238060932,-0.07651077944646235,0.87
Azerbaijan,2000,-0.37014994067359785,-0.3989917835233053,-0.5921225197685238,0.635
Bahamas,2000,-0.22235540044825566,-0.3763172805964286,-0.11715329189908036,0.788
Bahrain,2000,-0.15807632381263698,-0.5264005007750054,-0.08004931454029444,0.775
Bangladesh,2000,-0.35056179920961666,-1.04165272357041,-0.7414988694980672,0.491
Barbados,2000,-0.18375643188887703,-0.3623884473392064,-0.2785234339895435,0.76
Belarus,2000,-0.2789002331075905,-0.34347003974350954,-0.4118435803631149,0.708
Belgium,2000,-0.11798690258968063,-0.16828588312153686,-0.08338344611669468,0.884
Belize,2000,-0.2915047542139084,-0.5634631762344791,-0.40485793217446214,0.657
Benin,2000,-0.574940303113253,-1.3573250055344566,-0.7308017808682352,0.412
Bolivia (Plurinational State of),2000,-0.42851330426189255,-0.46507529900450917,-0.5176199556813348,0.625
Bosnia and Herzegovina,2000,-0.17625996541535943,-0.6590890966856975,-0.42912016650649215,0.656
Botswana,2000,-0.7400452896411795,-0.5449211650418786,-0.34419724419925796,0.581
Brazil,2000,-0.2676381469701993,-0.6023658021515734,-0.33843289018799133,0.668
Brunei Darussalam,2000,-0.1839228381609285,-0.5163808379351685,-0.012462861160327805,0.789
Bulgaria,2000,-0.23069119401262536,-0.3850822277371177,-0.3569566007931022,0.723
Burkina Faso,2000,-0.7453477690053928,-1.9480861922653974,-0.9584348775332981,0.296
Burundi,2000,-0.8596923038568332,-1.6380983160851492,-1.1291977784113525,0.298
Cabo Verde,2000,-0.29039343718899396,-0.7346120840398467,-0.5599777529160821,0.59
Cambodia,2000,-0.5204875346777276,-1.098533718321507,-0.9073117566241348,0.431
Cameroon,2000,-0.6799424404594575,-1.1882227098124314,-0.688748287245804,0.426
Canada,2000,-0.09289156854244815,-0.1579709594320917,-0.09860741633931092,0.89
Central African Republic,2000,-0.9394019032943682,-1.501407417021626,-0.984908468115866,0.319
Chad,2000,-0.8622761435679169,-1.7217690136491723,-1.1065928012354045,0.292
Chile,2000,-0.1336193085769287,-0.4005977802238204,-0.27899791723226325,0.763
China,2000,-0.22543463538258102,-0.7491991450701859,-0.6284697337736745,0.586
Colombia,2000,-0.23630673014820158,-0.5684766414250846,-0.3872829200778242,0.672
Comoros,2000,-0.5170758852493633,-1.1463141864268003,-0.6796114061543735,0.458
Congo,2000,-0.6574236998617744,-0.6990533368925799,-0.6689009049446673,0.509
Congo (Democratic Republic of the),2000,-0.715518642951096,-1.0102900981325595,-1.2106704038311955,0.376
Costa Rica,2000,-0.12110778729213575,-0.5862630638319254,-0.3240935279488525,0.709
Croatia,2000,-0.17464647038251457,-0.3902800472443033,-0.2426290853085128,0.764
Cuba,2000,-0.14577304985885636,-0.38713921515742017,-0.5617758040279031,0.694
Cyprus,2000,-0.13894381559369745,-0.3932014287570368,-0.14821256186633752,0.797
Czechia,2000,-0.16743597575610622,-0.28001031085117445,-0.1839945336075378,0.81
Côte d'Ivoire,2000,-0.7455098724601725,-0.9336655739140265,-0.6889061624090195,0.454
Denmark,2000,-0.1346044956662192,-0.14409003298358203,-0.07032728615537745,0.89
Djibouti,2000,-0.5750770066445183,-1.9142035895566856,-0.8345071007779729,0.33
Dominica,2000,-0.209904650495129,-0.39141821979768204,-0.3792005857527843,0.721
Dominican Republic,2000,-0.2739713670092437,-0.6454501078407385,-0.39003092183689525,0.646
Ecuador,2000,-0.20713771547736884,-0.5090100636893617,-0.42147965212318583,0.684
Egypt,2000,-0.30304043628705957,-0.6701782455809184,-0.41529117678575816,0.629
El Salvador,2000,-0.26506791604180596,-0.7582382049482208,-0.46659183077951966,0.609
Equatorial Guinea,2000,-0.6710545679313502,-0.9611434106464785,-0.38153295088379346,0.511
Estonia,2000,-0.2361118933234253,-0.1898973816252265,-0.2515862317468377,0.798
Eswatini (Kingdom of),2000,-0.8691135895369717,-0.930972267340389,-0.4987307358355912,0.465
Ethiopia,2000,-0.7554154601343173,-1.7917750547161748,-1.2122346152659573,0.286
Fiji,2000,-0.33902934940297647,-0.4925844373971613,-0.3763163880291667,0.669
Finland,2000,-0.11963282238050443,-0.13710149940240288,-0.10131286181261641,0.887
France,2000,-0.09605353294590145,-0.3138719938890346,-0.09831599762164137,0.844
Gabon,2000,-0.45913369089660083,-0.645252938773163,-0.2998726410617046,0.626
Gambia,2000,-0.5650381547385089,-1.4445278374089146,-0.7969069788780512,0.392
Georgia,2000,-0.2709005954897773,-0.29670195205270505,-0.528269077873581,0.694
Germany,2000,-0.11284141942492269,-0.14736194753200013,-0.08898361099563361,0.89
Ghana,2000,-0.531682652902314,-0.8477475591309729,-0.6988722933380696,0.5
Greece,2000,-0.10746529325150869,-0.34175865577822634,-0.1552325833939822,0.818
Guatemala,2000,-0.31479504765546423,-1.0096942214251217,-0.4637715339276281,0.551
Guinea,2000,-0.6937935432534654,-1.6412961150379632,-0.856269792058431,0.345
Guyana,2000,-0.37928017618452675,-0.7261356275414825,-0.579171386542826,0.57
Haiti,2000,-0.5272416842660086,-0.9790657456460569,-0.6673376269120691,0.485
Honduras,2000,-0.2894888318641485,-0.8964704302107475,-0.5901664223143466,0.553
"Hong Kong, China (SAR)",2000,-0.06768603346416494,-0.37336785077910667,-0.11478680718342783,0.831
Hungary,2000,-0.22780826032588375,-0.30544676766735196,-0.24036977412679356,0.773
Iceland,2000,-0.08186102648032033,-0.14590210010108592,-0.10495319461894842,0.895
India,2000,-0.4209146086394365,-1.0026449450856334,-0.7155249439341274,0.49
Indonesia,2000,-0.3363768565546514,-0.698211316411256,-0.513591860138728,0.597
Iran (Islamic Republic of),2000,-0.26856343971031205,-0.4948789599853848,-0.34155209303910844,0.692
Iraq,2000,-0.328140885067321,-0.8669968016928502,-0.4241885298406969,0.583
Ireland,2000,-0.13940354506868508,-0.25517001846821546,-0.08940906598998241,0.851
Israel,2000,-0.0980709101929277,-0.2866701703751975,-0.15723569831406464,0.835
Italy,2000,-0.08661425305657537,-0.3413630481434149,-0.08820177416078451,0.842
Jamaica,2000,-0.24366027967371917,-0.6324959925499897,-0.3833429856527212,0.657
Japan,2000,-0.06063231415371311,-0.19946503370644475,-0.11346893329106662,0.883
Jordan,2000,-0.22472171904298024,-0.5373594853167306,-0.3888616784835418,0.681
Kazakhstan,2000,-0.3861603422810024,-0.40641794878336013,-0.36306703709821664,0.68
Kenya,2000,-0.6360109891891362,-0.8816202273920875,-0.640743274532405,0.487
Kiribati,2000,-0.3809451182961723,-0.6427973529172092,-0.7880172192414977,0.547
Korea (Republic of),2000,-0.14074858279093147,-0.24128426200080913,-0.1982793745646411,0.824
Kuwait,2000,-0.13622512736252862,-0.601511653687009,-0.00940986321492501,0.78
Kyrgyzstan,2000,-0.3589192186821269,-0.4115952168906635,-0.6771954078957652,0.617
Lao People's Democratic Republic,2000,-0.5269028911480865,-1.016777855739508,-0.701814665596202,0.473
Latvia,2000,-0.25733692275346576,-0.2528002824013216,-0.3079124918246132,0.761
Lesotho,2000,-0.8270478721361632,-0.8317547045547107,-0.6947451366594902,0.456
Liberia,2000,-0.7289816335691612,-0.8980687305330206,-0.876935121579152,0.434
Libya,2000,-0.24885591444269867,-0.45156614248034704,-0.17814827790912763,0.746
Liechtenstein,2000,-0.1316869408258748,-0.2815012916322591,0.0,0.871
Lithuania,2000,-0.22143347586552672,-0.2642045304075218,-0.30119736878242453,0.769
Luxembourg,2000,-0.11720820090554089,-0.32207825854617883,0.0,0.864
Madagascar,2000,-0.538434021591106,-1.057230796168044,-0.8842712274901487,0.438
Malawi,2000,-0.9749797282228345,-0.9235950792021305,-1.019214086322465,0.378
Malaysia,2000,-0.20834967616125274,-0.4703290926387558,-0.28193552350180295,0.726
Maldives,2000,-0.24499597030639902,-0.8114552510980234,-0.3066846461837179,0.635
Mali,2000,-0.7553827145836158,-1.834539651204869,-0.8765776126646474,0.315
Malta,2000,-0.12121198471160731,-0.4471451829483644,-0.1805505391608601,0.779
Mauritania,2000,-0.46013250945047257,-1.2882599632079637,-0.5715806584268478,0.461
Mauritius,2000,-0.23014880010513347,-0.5977308691352549,-0.3215461112997823,0.682
Mexico,2000,-0.19341672734145948,-0.5898574986790732,-0.24755151297745748,0.709
Micronesia (Federated States of),2000,-0.2669949696521854,-0.4851074089205062,-0.6023875171867257,0.637
Moldova (Republic of),2000,-0.3367214984535932,-0.4168866981792554,-0.5144001326869392,0.655
Mongolia,2000,-0.4159351124297404,-0.5872638256863655,-0.5551699713640965,0.595
Morocco,2000,-0.3287818833372066,-1.0598107426800343,-0.5432603933097029,0.525
Mozambique,2000,-0.7903021378434443,-1.4890051560939503,-1.2989257558331555,0.303
Myanmar,2000,-0.48164030425521165,-1.1578585611040195,-1.0608890577450742,0.407
Namibia,2000,-0.7089639159342105,-0.640280406590927,-0.4520205385515038,0.549
Nepal,2000,-0.4222044321124625,-1.1083159281294346,-0.7924030651324743,0.461
Netherlands,2000,-0.11184302022333428,-0.15982357979373107,-0.07273389135914789,0.892
New Zealand,2000,-0.10232240036461791,-0.091540057577083,-0.14298215514866294,0.894
Nicaragua,2000,-0.3192732976406774,-0.8028951713231922,-0.6003711379573007,0.563
Niger,2000,-0.7960491823795642,-2.1711293397623908,-1.0791323772725652,0.26
North Macedonia,2000,-0.20679711601903528,-0.6060328829853393,-0.36150872502799875,0.676
Norway,2000,-0.10208383855041683,-0.12593457933454993,-0.04299412040018414,0.914
Oman,2000,-0.19534133203699944,-0.7515804910176886,-0.11638829163590332,0.702
Pakistan,2000,-0.4342920243974306,-1.430972626248573,-0.6400639351416456,0.434
Palau,2000,-0.3481182504863989,-0.22578337780048485,-0.29974238489396315,0.747
Panama,2000,-0.18538470498430978,-0.5021821773174331,-0.29138536570063933,0.722
Papua New Guinea,2000,-0.44340663976306544,-1.263022460398361,-0.6488208603715354,0.456
Paraguay,2000,-0.2673768062910354,-0.5791446253503062,-0.41926616347484136,0.656
Peru,2000,-0.253920017684828,-0.4545067341589854,-0.47050844918837503,0.675
Philippines,2000,-0.2741737224269887,-0.5572741293369776,-0.5313509609689246,0.635
Poland,2000,-0.19034132162029374,-0.237444294218056,-0.26433874511613054,0.794
Portugal,2000,-0.13432291458660708,-0.41139247901402626,-0.14949621567455917,0.793
Qatar,2000,-0.17018625752650224,-0.5241993342403087,0.0,0.793
Romania,2000,-0.23704745648370124,-0.42288171783857215,-0.3218878863962552,0.721
Russian Federation,2000,-0.3617206190076258,-0.2785352557488041,-0.28975071425792737,0.733
Rwanda,2000,-0.8737840034691845,-1.340985193951058,-1.1332414640514152,0.328
Saint Lucia,2000,-0.24712103505479738,-0.5285521358759531,-0.3276628143553966,0.692
Saint Vincent and the Grenadines,2000,-0.23519666839658027,-0.467411310981389,-0.40678028645623077,0.691
Samoa,2000,-0.2475544728140115,-0.37986608155702256,-0.5638028083824831,0.672
San Marino,2000,-0.08089306912837542,-0.3194919449538316,0.0,0.875
Sao Tome and Principe,2000,-0.4449658604687646,-0.9017764152550682,-0.7456651372080545,0.498
Saudi Arabia,2000,-0.2142028693604732,-0.5683987372682336,-0.09720812189705613,0.746
Senegal,2000,-0.5650110856446454,-1.5620325639810795,-0.710523822784911,0.388
Serbia,2000,-0.2339906302796517,-0.4943283840227562,-0.38850164526445913,0.689
Seychelles,2000,-0.26793977880067676,-0.3506917570483256,-0.22382411671793204,0.755
Sierra Leone,2000,-0.9535134423647634,-1.3317228361058109,-1.1460297559463333,0.319
Singapore,2000,-0.09568101778699982,-0.3034570139209628,-0.042154608989332154,0.863
Slovakia,2000,-0.20143851152499692,-0.3477834599819306,-0.2702968134321356,0.761
Slovenia,2000,-0.14554168990623215,-0.2664983594969383,-0.17258301449456037,0.823
Solomon Islands,2000,-0.31946385650806397,-1.0576773286246994,-0.7761647950195667,0.488
South Africa,2000,-0.5245085531314334,-0.4927665672948395,-0.3545210208896806,0.633
Spain,2000,-0.08980688918690133,-0.3534599193084156,-0.12470043315695496,0.828
Sri Lanka,2000,-0.25528935079552906,-0.3836667747026382,-0.47861286783904594,0.689
Sudan,2000,-0.5284414131668876,-1.479820920011014,-0.5955500519503003,0.42
Sweden,2000,-0.08441893607451559,-0.12609759248267235,-0.09707235232044722,0.903
Switzerland,2000,-0.08281320863620412,-0.25840008025538763,-0.026937327862152142,0.885
Syrian Arab Republic,2000,-0.24719982794771933,-0.85924839578177,-0.49133822523673537,0.587
Tajikistan,2000,-0.40715884937072444,-0.46618098035341793,-0.9322476238115123,0.548
Tanzania (United Republic of),2000,-0.6974023749180207,-1.1516015409761235,-0.9313261383862643,0.396
Thailand,2000,-0.2170850182687311,-0.6453737761843923,-0.3718573241774778,0.663
Timor-Leste,2000,-0.521964352792316,-0.929084089182181,-0.6591809828167657,0.495
Togo,2000,-0.6264379402159056,-1.0042912763377527,-0.8600610065961897,0.436
Tonga,2000,-0.2830160521983633,-0.37003823793354806,-0.508767594688864,0.679
Trinidad and Tobago,2000,-0.28048750272718026,-0.4874424780719926,-0.269097593533345,0.708
Tunisia,2000,-0.19116050546115904,-0.6670083837592201,-0.4295832326919143,0.651
Tuvalu,2000,-0.4016493205709855,-0.5489979455254836,-0.5860310535255732,0.599
Türkiye,2000,-0.22582020728687766,-0.7115480649928567,-0.27050129943699885,0.669
Uganda,2000,-0.8300424664929584,-1.007730697222565,-0.9731452674902795,0.392
Ukraine,2000,-0.306190768008045,-0.33292293734257916,-0.440194351014971,0.698
United Arab Emirates,2000,-0.17839083069131254,-0.5290238891847838,0.0,0.79
United Kingdom,2000,-0.11648195934643901,-0.2219577026968058,-0.10420995044901415,0.863
United States,2000,-0.13465730094675923,-0.14201935987306738,-0.061134111383272585,0.894
Uruguay,2000,-0.1665996424831117,-0.39948813876305056,-0.28226142136882554,0.754
Uzbekistan,2000,-0.351763945732105,-0.45628851729502384,-0.709623426544871,0.603
Venezuela (Bolivarian Republic of),2000,-0.21399323574209636,-0.5961169996746079,-0.26485702959368407,0.699
Viet Nam,2000,-0.21429817189845193,-0.7134041816869479,-0.6096246638707822,0.599
Yemen,2000,-0.4228147464432774,-1.426230757966995,-0.6548747805190369,0.434
Zambia,2000,-0.9463138726733941,-0.8733916205620165,-0.7964777294073461,0.418
Zimbabwe,2000,-0.9681509885739001,-0.6780276394832103,-0.9122598908347626,0.426
Afghanistan,2001,-0.5964952439713288,-1.5387880961719713,-1.0643802562120008,0.344
Albania,2001,-0.15550287568342966,-0.5151843853619489,-0.4558553945440737,0.687
Algeria,2001,-0.24603826186871827,-0.6133612889787874,-0.39299294714637883,0.659
Andorra,2001,-0.052330269107000546,-0.46910448108507,-0.0635877066103198,0.823
Angola,2001,-0.8938520646407085,-1.3421111610918401,-0.5881651097005095,0.39
Argentina,2001,-0.18196469739892032,-0.28967472091696556,-0.2532061173212531,0.785
Armenia,2001,-0.24389586018444795,-0.4440554487013163,-0.5544461315160563,0.661
Australia,2001,-0.07977607655610548,-0.1299570434663402,-0.10684604509806392,0.9
Austria,2001,-0.10162391570714072,-0.22510505018482102,-0.07591473473154897,0.874
Azerbaijan,2001,-0.3564551878670864,-0.3924513637402285,-0.571661922589011,0.644
Bahamas,2001,-0.22103040097451385,-0.37162774865942666,-0.11615968263226463,0.79
Bahrain,2001,-0.150679787272977,-0.4891102377983675,-0.08177654055411242,0.786
Bangladesh,2001,-0.34281538886511786,-1.0150991784137355,-0.7325059607986295,0.498
Barbados,2001,-0.18083957854331462,-0.35352932802459075,-0.2847727488558804,0.761
Belarus,2001,-0.28534634085941507,-0.3279974622931677,-0.40014125764888636,0.713
Belgium,2001,-0.11254868189646405,-0.15700046349506144,-0.0833143796472894,0.889
Belize,2001,-0.29577628081273327,-0.5442718707752411,-0.4035491603177697,0.661
Benin,2001,-0.5727010274840783,-1.2841383032170177,-0.7241156448537773,0.423
Bolivia (Plurinational State of),2001,-0.4168449987567313,-0.4778190243511374,-0.5176509204337388,0.625
Bosnia and Herzegovina,2001,-0.16596377018117586,-0.6500451025640871,-0.42677582727350927,0.661
Botswana,2001,-0.7509066799930242,-0.5381049834904021,-0.3422445692426309,0.581
Brazil,2001,-0.2584718497521473,-0.5893148551702801,-0.33904530417853457,0.673
Brunei Darussalam,2001,-0.1803051296119307,-0.5096596195539297,-0.011416178721800414,0.792
Bulgaria,2001,-0.2247795041402197,-0.37107502453084945,-0.33961161496589115,0.732
Burkina Faso,2001,-0.7381123616207858,-1.9379750279846422,-0.9461933702877985,0.299
Burundi,2001,-0.8269071707394697,-1.6265108967394295,-1.1446437799338798,0.301
Cabo Verde,2001,-0.263785273622938,-0.7363484140360006,-0.5446346235881387,0.598
Cambodia,2001,-0.48635817723653973,-1.040919119960961,-0.8859151557869479,0.447
Cameroon,2001,-0.673585909688035,-1.0704814911388425,-0.6858224710855358,0.445
Canada,2001,-0.08923482604245167,-0.1537937301617413,-0.09776157725071574,0.893
Central African Republic,2001,-0.9399137244043818,-1.4781334969821216,-0.9890724456834011,0.321
Chad,2001,-0.847554303522344,-1.6687532660028426,-1.0725038705629018,0.302
Chile,2001,-0.13532640929683937,-0.3857605393287142,-0.27461689905827497,0.767
China,2001,-0.21155708821621835,-0.7287471956934746,-0.6086737502064753,0.597
Colombia,2001,-0.23276662802854767,-0.5653101961161426,-0.3876824784297731,0.674
Comoros,2001,-0.5066548463831566,-1.1060001710725014,-0.6785059375951561,0.466
Congo,2001,-0.6364760649176596,-0.7064264488262607,-0.6476298733711336,0.515
Congo (Democratic Republic of the),2001,-0.7050329215731996,-0.9990638019767122,-1.2534505940752259,0.373
Costa Rica,2001,-0.12182001947518267,-0.5674528449098422,-0.32080749532502384,0.714
Croatia,2001,-0.17354785087039623,-0.34667779789978403,-0.22990336807664127,0.779
Cuba,2001,-0.14154584026758613,-0.37182193086661597,-0.553086764612863,0.701
Cyprus,2001,-0.13152900314073748,-0.38103873372026575,-0.1407521183739177,0.804
Czechia,2001,-0.16134315040876293,-0.25563230827920425,-0.1801014228214249,0.82
Côte d'Ivoire,2001,-0.7465479572870605,-0.9349535426463974,-0.6950078245158068,0.453
Denmark,2001,-0.1318273508232975,-0.12685612467620735,-0.06831075361518778,0.897
Djibouti,2001,-0.5660944213408795,-1.829464840918034,-0.8402762561659535,0.34
Dominica,2001,-0.22867806931269408,-0.3992000788028867,-0.36801144404761643,0.718
Dominican Republic,2001,-0.26955002028221636,-0.6295016737076315,-0.38799172576599067,0.651
Ecuador,2001,-0.19957727636872627,-0.4976403134308057,-0.4123126116053717,0.691
Egypt,2001,-0.2967900914825082,-0.665126676231981,-0.41056536936342564,0.633
El Salvador,2001,-0.2704367595583776,-0.7372606644958731,-0.4657531373990095,0.612
Equatorial Guinea,2001,-0.6587903479249854,-0.93174952782028,-0.3480824121884498,0.524
Estonia,2001,-0.23439896418578893,-0.16666195213293486,-0.24056561432966708,0.807
Eswatini (Kingdom of),2001,-0.9172527329103459,-0.9492932675990237,-0.4869108059914504,0.456
Ethiopia,2001,-0.7390139297663435,-1.6962616565430317,-1.187436617427858,0.299
Fiji,2001,-0.3383817508914069,-0.4828773713956978,-0.37882978431947084,0.67
Finland,2001,-0.11149897563176213,-0.11922053035699746,-0.09636243720446896,0.897
France,2001,-0.09306040475483986,-0.3083899780482943,-0.09589659563843553,0.847
Gabon,2001,-0.45425142613114666,-0.6331685367541512,-0.28932849903747665,0.632
Gambia,2001,-0.5623078698769381,-1.407988395695625,-0.790096873483651,0.398
Georgia,2001,-0.2702754757388272,-0.28388272549012666,-0.5160403761701104,0.7
Germany,2001,-0.1069172823460774,-0.13184810627323038,-0.08674207195540949,0.897
Ghana,2001,-0.5339892776046056,-0.8630492632595701,-0.6906464682015862,0.499
Greece,2001,-0.09963335743854065,-0.32102180923937335,-0.14851778377440256,0.827
Guatemala,2001,-0.3043118922752564,-0.993844800306216,-0.46236287268049653,0.556
Guinea,2001,-0.6881749472410856,-1.5906749323282674,-0.8503014678272619,0.352
Guyana,2001,-0.3724470234976867,-0.7175581855010288,-0.554732479315201,0.578
Haiti,2001,-0.5240147837117156,-0.9614817302911527,-0.6736964723594535,0.487
Honduras,2001,-0.282444530301683,-0.883043817955261,-0.5908756200632219,0.557
"Hong Kong, China (SAR)",2001,-0.06169538718881086,-0.35064765783006085,-0.11309681204883494,0.839
Hungary,2001,-0.21559518894149698,-0.28946145891760505,-0.23226804930270736,0.782
Iceland,2001,-0.06837767614303351,-0.13941601609233284,-0.1006050911485278,0.902
India,2001,-0.41107311129651514,-0.9951674045613497,-0.7059255425432429,0.495
Indonesia,2001,-0.32940190580615825,-0.6775074802197237,-0.5004217502386801,0.605
Iran (Islamic Republic of),2001,-0.26326466971065526,-0.46744141540975503,-0.34002246079308807,0.7
Iraq,2001,-0.3235165254609968,-0.8428045192962768,-0.42646988815051723,0.588
Ireland,2001,-0.12942554744045792,-0.2394807677353974,-0.08699674980509683,0.859
Israel,2001,-0.09101939838716855,-0.2823196263966776,-0.15702811250675897,0.838
Italy,2001,-0.08194451496313275,-0.32473032379031025,-0.08498750880729786,0.849
Jamaica,2001,-0.247318028928925,-0.5900757886678686,-0.3824652204654021,0.666
Japan,2001,-0.05520376432661773,-0.1965964832058682,-0.11303600640620215,0.885
Jordan,2001,-0.22032061646981158,-0.526500470199176,-0.38077336482186885,0.687
Kazakhstan,2001,-0.38186878102221494,-0.3776964447499994,-0.3326273393308373,0.695
Kenya,2001,-0.6331960886813046,-0.8671208333711332,-0.6390306081717555,0.49
Kiribati,2001,-0.37542098675978763,-0.5742864834979038,-0.6475922846786568,0.587
Korea (Republic of),2001,-0.1266103434898713,-0.23246795571410683,-0.19099655233940926,0.832
Kuwait,2001,-0.13325011350588448,-0.5964409576773835,-0.018418445884440453,0.779
Kyrgyzstan,2001,-0.3509113655324614,-0.3957350653780295,-0.6576449011525607,0.626
Lao People's Democratic Republic,2001,-0.5090323608286579,-1.0063121773810124,-0.6891682497702827,0.48
Latvia,2001,-0.2609652435537838,-0.22162448103314142,-0.29193920275211027,0.772
Lesotho,2001,-0.884158693582195,-0.8024558685460706,-0.6981011137381189,0.452
Liberia,2001,-0.6854232409767034,-0.8977673742920458,-0.8771635936177264,0.44
Libya,2001,-0.24529084827820252,-0.4445317123701643,-0.18108845796924036,0.748
Liechtenstein,2001,-0.0887639608189195,-0.27206562615222146,0.0,0.887
Lithuania,2001,-0.22719018945983685,-0.23524633508228118,-0.2852426957810248,0.779
Luxembourg,2001,-0.11117224287045699,-0.31840431727691854,0.0,0.867
Madagascar,2001,-0.5219124976755006,-1.0309143684265,-0.8733637605721103,0.445
Malawi,2001,-0.9203373700197822,-0.8844285641094556,-1.050998345417361,0.386
Malaysia,2001,-0.19762576332725373,-0.48234179028660973,-0.2826924168615244,0.726
Maldives,2001,-0.21966882593987377,-0.8028854373737349,-0.3192924675145726,0.639
Mali,2001,-0.7312804851562721,-1.774181993786267,-0.8498382929046143,0.327
Malta,2001,-0.09659562101460475,-0.4231161880701776,-0.17709426916615872,0.793
Mauritania,2001,-0.4563131575024249,-1.2758547975110015,-0.5864827319749956,0.462
Mauritius,2001,-0.22531899279514195,-0.5661448504382066,-0.31424133436329094,0.692
Mexico,2001,-0.18786922437708614,-0.5788948186996938,-0.25077249991943873,0.712
Micronesia (Federated States of),2001,-0.25282986168457017,-0.48630706935809614,-0.5970747989313098,0.641
Moldova (Republic of),2001,-0.3287818833372066,-0.4146307736974895,-0.49331383301780296,0.662
Mongolia,2001,-0.40671974098478747,-0.5440293166071661,-0.5522647429681895,0.606
Morocco,2001,-0.32041719591610807,-1.020706465892322,-0.5271745801495978,0.536
Mozambique,2001,-0.7710255654041052,-1.4214811083056365,-1.254696443772224,0.317
Myanmar,2001,-0.4751615237275565,-1.1466992529180695,-1.0180533321661065,0.415
Namibia,2001,-0.7320479449023066,-0.6390747995977175,-0.45590965362750757,0.544
Nepal,2001,-0.4054035715400393,-1.1312594933315538,-0.7780578345604088,0.462
Netherlands,2001,-0.10827072913009092,-0.1577889760649089,-0.07351841521078781,0.893
New Zealand,2001,-0.10239057133744395,-0.07795121131285782,-0.1372587771114595,0.9
Nicaragua,2001,-0.31967563118060455,-0.778890619904174,-0.597685988662612,0.568
Niger,2001,-0.7785039830572505,-2.1383676190344385,-1.061529894126936,0.266
North Macedonia,2001,-0.19970876510314875,-0.5881529072006428,-0.3668067419899674,0.681
Norway,2001,-0.09861409325897173,-0.13562513230183726,-0.03844989875092342,0.913
Oman,2001,-0.1889651148977232,-0.7118042529867273,-0.11104537186830564,0.714
Pakistan,2001,-0.426743747251008,-1.3920549856132536,-0.6396473622566204,0.441
Palau,2001,-0.3337958214178048,-0.21729528021280875,-0.2963424179698875,0.754
Panama,2001,-0.17776579620215133,-0.48535111861351,-0.29526800838817935,0.727
Papua New Guinea,2001,-0.44213707208388764,-1.2373934685622274,-0.6585192305760975,0.459
Paraguay,2001,-0.264366267138164,-0.5523165733911484,-0.42200245385185725,0.662
Peru,2001,-0.24175803857454375,-0.4303154063836033,-0.4708576399875342,0.683
Philippines,2001,-0.2701142179275524,-0.5418451625674171,-0.5290301551824772,0.64
Poland,2001,-0.1813558693740259,-0.22032079577597727,-0.2616342095622104,0.802
Portugal,2001,-0.12869038199512906,-0.4052892231601621,-0.1475314719089192,0.797
Qatar,2001,-0.1622836630574472,-0.5292679044089406,0.0,0.794
Romania,2001,-0.23681348362348556,-0.41050630198371585,-0.308338933687517,0.727
Russian Federation,2001,-0.3585007855977856,-0.25760547081431856,-0.27619102737713885,0.743
Rwanda,2001,-0.8063675640394954,-1.2756481533376605,-1.103802426886121,0.346
Saint Lucia,2001,-0.23991807563766085,-0.5211455783052815,-0.3378190830237572,0.693
Saint Vincent and the Grenadines,2001,-0.22433657037083365,-0.4565773214181986,-0.40013891287056347,0.697
Samoa,2001,-0.24218915753085848,-0.37456606313114876,-0.5443088488496328,0.679
San Marino,2001,-0.07308364488506713,-0.31458106454231305,0.0,0.879
Sao Tome and Principe,2001,-0.4359560369524532,-0.8905929080383695,-0.7272527788566526,0.504
Saudi Arabia,2001,-0.20458604274813666,-0.5492459023436276,-0.1028370596442882,0.752
Senegal,2001,-0.5483411249532699,-1.5364347736141766,-0.7041548743388942,0.395
Serbia,2001,-0.21725706456872632,-0.48462662921148364,-0.3733096794824197,0.699
Seychelles,2001,-0.26266430947649305,-0.3786404877485553,-0.2243135195172223,0.749
Sierra Leone,2001,-0.9294149403061621,-1.2976939085465773,-1.0958648216166842,0.33
Singapore,2001,-0.09370224245950197,-0.2888163572132848,-0.04655973066675836,0.867
Slovakia,2001,-0.19334206007742016,-0.3342553768715752,-0.2624294195872895,0.768
Slovenia,2001,-0.1393858592571269,-0.2234373669043387,-0.16646146129561287,0.838
Solomon Islands,2001,-0.31652482342692667,-1.0020673452860687,-0.8082067097668766,0.492
South Africa,2001,-0.5564400666497035,-0.4809052098552156,-0.3521266129041687,0.629
Spain,2001,-0.08431850253632496,-0.34185596552157876,-0.12044017632939966,0.833
Sri Lanka,2001,-0.24674685357241455,-0.37817620797797674,-0.48410165347166895,0.691
Sudan,2001,-0.5221199342784331,-1.440831526024776,-0.5841538955107158,0.428
Sweden,2001,-0.08277978338342261,-0.11919303536393254,-0.09509965573743454,0.906
Switzerland,2001,-0.07586810015223637,-0.25250714764508436,-0.029386030499559943,0.888
Syrian Arab Republic,2001,-0.23001324758316483,-0.8411922377568656,-0.4870929592670374,0.595
Tajikistan,2001,-0.388903019809186,-0.45912977227884905,-0.9047363239105465,0.558
Tanzania (United Republic of),2001,-0.6730127832678101,-1.121553015619556,-0.9247149200937297,0.404
Thailand,2001,-0.2114240323991068,-0.5903245935402317,-0.3683130049664726,0.677
Timor-Leste,2001,-0.5015863859943915,-0.8955611535292213,-0.6301219839869832,0.509
Togo,2001,-0.6230472298037624,-0.9798345012598658,-0.8668281097102026,0.439
Tonga,2001,-0.2799784880667486,-0.36074666174554176,-0.5088386846772878,0.682
Trinidad and Tobago,2001,-0.2694694465975381,-0.47332680215333595,-0.258601929932342,0.716
Tunisia,2001,-0.18881644917233234,-0.6434938233980083,-0.4235279937123756,0.658
Tuvalu,2001,-0.40063831430394614,-0.5353859419280265,-0.5454759987968637,0.61
Türkiye,2001,-0.2187110815460881,-0.671403020044078,-0.2891472268571974,0.675
Uganda,2001,-0.8068845647575789,-0.9594627956568532,-0.9703337350683882,0.402
Ukraine,2001,-0.29942251742409676,-0.2999169222114991,-0.4153884299038846,0.713
United Arab Emirates,2001,-0.17369426375499183,-0.5182651787378616,0.0,0.794
United Kingdom,2001,-0.11180861043718779,-0.21016251954833004,-0.10085173158293453,0.869
United States,2001,-0.13259995841221253,-0.1405977229730355,-0.06103514218141126,0.895
Uruguay,2001,-0.1618856459012721,-0.3681922082120655,-0.29074953799458175,0.761
Uzbekistan,2001,-0.34385635532289255,-0.4416642052246329,-0.6972100268743341,0.61
Venezuela (Bolivarian Republic of),2001,-0.2386282067909075,-0.5521979965877425,-0.26156260774785794,0.704
Viet Nam,2001,-0.21077801299605767,-0.6802431817364645,-0.5956553971493115,0.609
Yemen,2001,-0.4080376450148019,-1.3837985993480857,-0.6432244760142799,0.444
Zambia,2001,-0.9155602295252088,-0.8593738789399459,-0.7881214692267808,0.426
Zimbabwe,2001,-1.0853012746084374,-0.6412292329877128,-0.9042379626651015,0.416
Afghanistan,2002,-0.5783360780928953,-1.4940190625725094,-0.9295376025416984,0.368
Albania,2002,-0.15100179661403038,-0.5068222103155129,-0.4462321546215826,0.692
Algeria,2002,-0.23806197194452614,-0.5874239792605084,-0.385417849983113,0.668
Andorra,2002,-0.04343759170132193,-0.4599144536073083,-0.06346413870415647,0.828
Angola,2002,-0.8643553359855951,-1.2927951927527332,-0.5442882356802232,0.406
Argentina,2002,-0.1778760680222995,-0.26346373886134117,-0.28329899616738025,0.785
Armenia,2002,-0.24220875826392668,-0.43862624128887034,-0.5188049510932953,0.67
Australia,2002,-0.07897660949153888,-0.12782833023471332,-0.10385167823305835,0.902
Austria,2002,-0.09944641454904886,-0.21873234037433284,-0.07273497722708694,0.878
Azerbaijan,2002,-0.3405636720629445,-0.38593248188317664,-0.5495051578286848,0.654
Bahamas,2002,-0.2186919360113047,-0.3669590626087292,-0.1135943833541459,0.792
Bahrain,2002,-0.14746538399097067,-0.47053471051109574,-0.08230013963919852,0.792
Bangladesh,2002,-0.33252925118462034,-0.9924478750578466,-0.7237311235097007,0.505
Barbados,2002,-0.1786483114276585,-0.34170077687514966,-0.2847750259374664,0.765
Belarus,2002,-0.2931534232873716,-0.3127274396786799,-0.3874711160557862,0.718
Belgium,2002,-0.11106908627865927,-0.15321802244295551,-0.0814976907979945,0.891
Belize,2002,-0.287641047652284,-0.5163967216646094,-0.3984348185435764,0.67
Benin,2002,-0.5741751084978668,-1.2291827234105945,-0.720186265718276,0.431
Bolivia (Plurinational State of),2002,-0.4060960763575392,-0.5002117043905214,-0.5159319156314196,0.622
Bosnia and Herzegovina,2002,-0.174133631073132,-0.640960609783683,-0.4183343267565858,0.663
Botswana,2002,-0.7523420557206437,-0.5394261063332932,-0.3487665491215264,0.579
Brazil,2002,-0.2541977018010977,-0.5764240354162833,-0.33560591796974854,0.678
Brunei Darussalam,2002,-0.17754528903477498,-0.49748996205197205,-0.008597337673862282,0.796
Bulgaria,2002,-0.22003300945405266,-0.3513283906738556,-0.31947377651110787,0.743
Burkina Faso,2002,-0.7316641414049835,-1.9142315086249375,-0.9436806703752516,0.302
Burundi,2002,-0.7768298381540774,-1.5576037451793763,-1.138434036522842,0.314
Cabo Verde,2002,-0.24836274483167753,-0.7133561501646466,-0.5387128325102196,0.606
Cambodia,2002,-0.4553181446186433,-0.9465406407879653,-0.8724317658234744,0.469
Cameroon,2002,-0.6653823689326036,-1.0847400154442743,-0.6777173890766514,0.445
Canada,2002,-0.0872687527652761,-0.15123864908334175,-0.09410551880073269,0.895
Central African Republic,2002,-0.9392838279227855,-1.4553889550899222,-1.0009808342419633,0.322
Chad,2002,-0.8441131932373811,-1.6171579473112565,-1.0610271000374805,0.309
Chile,2002,-0.12355930159030912,-0.37114022744439995,-0.2714842070842481,0.775
China,2002,-0.20437841526883782,-0.703633111944807,-0.585571725451513,0.608
Colombia,2002,-0.22431731683058845,-0.5621537455436334,-0.38606052670334734,0.676
Comoros,2002,-0.5093907562450328,-1.067248590907253,-0.6788307286292244,0.472
Congo,2002,-0.6165280782201048,-0.7138543275233941,-0.6409634566748733,0.518
Congo (Democratic Republic of the),2002,-0.6982988893918555,-0.9879621376118098,-1.2449978860216768,0.376
Costa Rica,2002,-0.11423740576070456,-0.5510983319031177,-0.31728685408598595,0.721
Croatia,2002,-0.17186564166038812,-0.3361709583878358,-0.21865564385392774,0.785
Cuba,2002,-0.13816629302404473,-0.3544303206264783,-0.5499005394910249,0.706
Cyprus,2002,-0.12282843461036301,-0.35456713209446017,-0.1325600933278835,0.816
Czechia,2002,-0.15901376754453042,-0.2349281419423576,-0.17888218846745788,0.826
Côte d'Ivoire,2002,-0.7440842630948279,-0.9362431723817737,-0.7073509372042321,0.451
Denmark,2002,-0.129635694018469,-0.1314480178814083,-0.0677176406701791,0.896
Djibouti,2002,-0.5576753640837631,-1.7885866290132468,-0.8371915134816478,0.346
Dominica,2002,-0.21662637279363722,-0.3984003749566962,-0.3770392506838824,0.718
Dominican Republic,2002,-0.2639054514863203,-0.6138036049350958,-0.38131117062174924,0.657
Ecuador,2002,-0.19259569391286735,-0.48639838253524564,-0.40595853235599666,0.697
Egypt,2002,-0.2915047542139084,-0.6631686544406825,-0.41223911582547945,0.634
El Salvador,2002,-0.25773499608382877,-0.7091583491972593,-0.4639683835025862,0.621
Equatorial Guinea,2002,-0.6455298650808884,-0.9030890088116342,-0.3031605770118955,0.539
Estonia,2002,-0.22562740275151785,-0.15052872809480067,-0.2268007612907047,0.818
Eswatini (Kingdom of),2002,-0.9762857442439137,-0.9679562012850924,-0.4947411163189244,0.444
Ethiopia,2002,-0.7238601871006146,-1.64011319790115,-1.1940435242537413,0.305
Fiji,2002,-0.35123919497666667,-0.47326362736777483,-0.37132911224422593,0.671
Finland,2002,-0.10929988874065433,-0.11028140152929079,-0.093362360400849,0.901
France,2002,-0.08987421225349242,-0.3022960866906392,-0.09646441346036796,0.85
Gabon,2002,-0.4537184932922935,-0.6212148750009124,-0.28786731467037213,0.635
Gambia,2002,-0.5613095291979827,-1.3727371529753372,-0.8021931553939982,0.402
Georgia,2002,-0.26188437963064026,-0.2726693136050295,-0.4976515728715376,0.709
Germany,2002,-0.10565115618028964,-0.11657127207601377,-0.08794801588750485,0.902
Ghana,2002,-0.5209277610129613,-0.8366395794637611,-0.6850360579245341,0.506
Greece,2002,-0.09737538780214904,-0.2901010439984001,-0.14354594138545665,0.838
Grenada,2002,-0.20094936676602487,-0.27568450708482034,-0.3624058593900265,0.756
Guatemala,2002,-0.29517675421404144,-0.9782426689434216,-0.4615220016619885,0.561
Guinea,2002,-0.6694907519023217,-1.5424932585653273,-0.8309370530640464,0.363
Guyana,2002,-0.37378756617129305,-0.7090536902183944,-0.5319992360937597,0.584
Haiti,2002,-0.5145505012344317,-0.9441046440175186,-0.675996087306715,0.491
Honduras,2002,-0.2751253417701052,-0.8697950938981374,-0.5890495989150363,0.561
"Hong Kong, China (SAR)",2002,-0.05935811648070366,-0.3278814252826226,-0.11425486431175752,0.846
Hungary,2002,-0.21344077585282448,-0.2685849397826781,-0.22269460152248582,0.791
Iceland,2002,-0.07103341351594893,-0.11777007430288218,-0.09651536331921333,0.909
India,2002,-0.39896321438151505,-0.97524968496246,-0.699424283677595,0.501
Indonesia,2002,-0.32139266092973373,-0.6524655002459349,-0.49107589092580073,0.614
Iran (Islamic Republic of),2002,-0.2535036360352946,-0.456210356314497,-0.3255714098032549,0.708
Iraq,2002,-0.3224540293454029,-0.8191837056485239,-0.45362174479507406,0.588
Ireland,2002,-0.12086470219379165,-0.22022007598837165,-0.08326532407589136,0.868
Israel,2002,-0.09246960268166395,-0.2616467025044434,-0.1598578482232828,0.843
Italy,2002,-0.07814451039045604,-0.3106474129635949,-0.0850504306539693,0.854
Jamaica,2002,-0.2447601305191339,-0.577474426970961,-0.3822499078069869,0.669
Japan,2002,-0.05056481485393831,-0.193736137756273,-0.1135268543697786,0.888
Jordan,2002,-0.21626342758482803,-0.5157581076924485,-0.3752883230383852,0.691
Kazakhstan,2002,-0.38410261206720747,-0.3497768858176011,-0.31127241558861496,0.706
Kenya,2002,-0.6193249635160403,-0.8737552398695662,-0.6456492007799841,0.49
Kiribati,2002,-0.3712866716916779,-0.5778324023141059,-0.6670112446030482,0.584
Korea (Republic of),2002,-0.12185477548797631,-0.2214247956102827,-0.17794956147650304,0.841
Kuwait,2002,-0.13165184140676664,-0.570995372873306,-0.025404611793831914,0.785
Kyrgyzstan,2002,-0.34875038242684087,-0.39008668874209657,-0.6592578457904046,0.627
Lao People's Democratic Republic,2002,-0.4972262087358993,-0.975901384303738,-0.6732258967971793,0.489
Latvia,2002,-0.25536878995510465,-0.19845239089291444,-0.2761229446133839,0.784
Lesotho,2002,-0.9319902499860906,-0.7758395777121873,-0.6947397988948062,0.449
Liberia,2002,-0.654281560030387,-0.8974661095207902,-0.8732474659742668,0.446
Libya,2002,-0.2424832088743415,-0.43754114171152525,-0.1834809274954947,0.75
Liechtenstein,2002,-0.08249571383460343,-0.26266047123794095,0.0,0.891
Lithuania,2002,-0.22697781579723414,-0.20879977201259356,-0.2691329134359372,0.791
Luxembourg,2002,-0.107739411363866,-0.3014411130462209,0.0,0.872
Madagascar,2002,-0.5135986959482264,-1.005272773712503,-0.9336351721588274,0.442
Malawi,2002,-0.8703985356542568,-0.8686047315402103,-1.0543239085449525,0.394
Malaysia,2002,-0.19352873869206014,-0.49469234031082926,-0.27666065774342263,0.725
Maldives,2002,-0.19861980851624833,-0.8241079889214246,-0.3052755308795421,0.642
Mali,2002,-0.7017378208268422,-1.717260941324969,-0.8549326198843623,0.336
Malta,2002,-0.10592477738764028,-0.40156795579737564,-0.17122986864606604,0.798
Mauritania,2002,-0.45429988865750753,-1.2642377412395196,-0.5767604932328831,0.465
Mauritius,2002,-0.22293203522377683,-0.5518566338977771,-0.31233552853763746,0.696
Mexico,2002,-0.18344218446265778,-0.5532193725016461,-0.253550072031637,0.719
Micronesia (Federated States of),2002,-0.27322300780236713,-0.4875020887839624,-0.5956865305749409,0.636
Moldova (Republic of),2002,-0.32555968796463847,-0.40038153091019196,-0.46925971743721484,0.671
Mongolia,2002,-0.4012126242863067,-0.5179573495265788,-0.5399075614725118,0.615
Morocco,2002,-0.312668574377239,-0.978483139511754,-0.5203480453106611,0.547
Mozambique,2002,-0.753714111732825,-1.359550695545518,-1.2568661425045127,0.325
Myanmar,2002,-0.4675451154075282,-1.1273568122185504,-0.9722683178484919,0.425
Namibia,2002,-0.7322399019045277,-0.648758050006494,-0.44506977818339827,0.544
Nepal,2002,-0.40706638947513807,-1.080651756808668,-0.784288614016758,0.469
Netherlands,2002,-0.10698576728797768,-0.16894508293352858,-0.07464540442429903,0.89
New Zealand,2002,-0.09893674786002363,-0.07225377316670585,-0.13221923139517294,0.904
Nicaragua,2002,-0.32041719591610807,-0.7554488051208734,-0.5972878188646943,0.573
Niger,2002,-0.7546298627125717,-2.1066452671512095,-1.053952521316973,0.271
North Macedonia,2002,-0.2013444266415457,-0.5751168512757442,-0.3628643555548465,0.684
Norway,2002,-0.09752802201455603,-0.13089104515778804,-0.036833313766571237,0.915
Oman,2002,-0.18783209658321548,-0.6726789305477859,-0.11564420781796707,0.722
Pakistan,2002,-0.4219228741565903,-1.3545953622548907,-0.640336566056719,0.447
Palau,2002,-0.3250910943757962,-0.20887690532687445,-0.288799987168092,0.76
Panama,2002,-0.17025921561211455,-0.46930087491985545,-0.28805496553924254,0.734
Papua New Guinea,2002,-0.4439341038717725,-1.2124049415647642,-0.6612058455953614,0.462
Paraguay,2002,-0.2618643894258399,-0.5228173113236737,-0.4200698303295506,0.669
Peru,2002,-0.22968412507886293,-0.44813087033435267,-0.46209967046746786,0.684
Philippines,2002,-0.26675388476904877,-0.516936865198036,-0.5251880338906338,0.646
Poland,2002,-0.1746647909372615,-0.20366810771106944,-0.25762583480776413,0.809
Portugal,2002,-0.12490061331536345,-0.39916636573445785,-0.14682573844763322,0.8
Qatar,2002,-0.1595910931000044,-0.5241752272361581,0.0,0.796
Romania,2002,-0.24836274483167753,-0.3859720865943862,-0.2941514144104399,0.734
Russian Federation,2002,-0.36461849850624745,-0.23710477627793414,-0.2671481915038346,0.749
Rwanda,2002,-0.7393683397579711,-1.212550047486732,-1.0558588339990047,0.367
Saint Lucia,2002,-0.23334929939896662,-0.513793474759886,-0.33524354467398504,0.697
Saint Vincent and the Grenadines,2002,-0.21991798980473587,-0.4457847336285257,-0.3880552499688444,0.704
Samoa,2002,-0.23716446344574899,-0.369219072215205,-0.5577090512023494,0.678
San Marino,2002,-0.06735684786635378,-0.3096507907358739,0.0,0.882
Sao Tome and Principe,2002,-0.4225330166203123,-0.8794087762028668,-0.7279337765686849,0.508
Saudi Arabia,2002,-0.19775699569309274,-0.5303805996747512,-0.11191301195525943,0.756
Senegal,2002,-0.5307405650614592,-1.511475909197344,-0.7120216276726942,0.399
Serbia,2002,-0.21819428072301705,-0.48716714267008904,-0.36057258734274983,0.701
Seychelles,2002,-0.25449530608879595,-0.3728379766638593,-0.2410177056138423,0.749
Sierra Leone,2002,-0.9025774972480003,-1.265318857611253,-1.01796884312517,0.346
Singapore,2002,-0.09174423764787719,-0.2743763499147083,-0.044719106299687436,0.872
Slovakia,2002,-0.18972737382377902,-0.3128149374631033,-0.25462361971975844,0.777
Slovenia,2002,-0.13502701600629585,-0.1944131728922468,-0.16185927731471356,0.849
Solomon Islands,2002,-0.3133418192323586,-0.949361965385253,-0.8339339798776756,0.497
South Africa,2002,-0.6001894158653157,-0.42423739364376534,-0.3451794881730628,0.633
Spain,2002,-0.08298035166087926,-0.3308030418655482,-0.11785025490797635,0.838
Sri Lanka,2002,-0.24027014699442514,-0.3749911753735395,-0.4764155558154817,0.695
Sudan,2002,-0.5114411978082054,-1.4132956165320605,-0.5776677571725861,0.434
Sweden,2002,-0.0811266282365739,-0.11233582443652027,-0.09168578652469107,0.909
Switzerland,2002,-0.07268649772027666,-0.2513292683195903,-0.0325668312050038,0.888
Syrian Arab Republic,2002,-0.22431731683058845,-0.8234563306202884,-0.4750338651062163,0.602
Tajikistan,2002,-0.37115287154429805,-0.44812948575356587,-0.8704217504973368,0.569
Tanzania (United Republic of),2002,-0.6520642969972731,-1.0923811264621746,-0.9022874530888491,0.414
Thailand,2002,-0.20541698402574082,-0.5579891095527157,-0.3589057757078729,0.688
Timor-Leste,2002,-0.4818146439440832,-0.8620373174652133,-0.604347480207273,0.522
Togo,2002,-0.6101927397672942,-0.9684212400630688,-0.8608123955124438,0.443
Tonga,2002,-0.27575350158650724,-0.3574407984796754,-0.4956234405852856,0.686
Trinidad and Tobago,2002,-0.25265158561369877,-0.45940760778890827,-0.24323966855844725,0.727
Tunisia,2002,-0.18431122718364884,-0.625628630165244,-0.4227982569170136,0.663
Tuvalu,2002,-0.39978894037916335,-0.5249598401438016,-0.4994223473207631,0.622
Türkiye,2002,-0.21207046941302415,-0.6448161272049097,-0.27983108443697957,0.685
Uganda,2002,-0.7849926003526331,-0.9134178009312747,-0.9457987886433348,0.414
Ukraine,2002,-0.2995885717657613,-0.2818757002523676,-0.40130092753777435,0.721
United Arab Emirates,2002,-0.16885570660979443,-0.5076209872143201,0.0,0.798
United Kingdom,2002,-0.10979769582494463,-0.19662874606395134,-0.09763039522812349,0.874
United States,2002,-0.1313184583553294,-0.1391781042556957,-0.05991495247774695,0.896
Uruguay,2002,-0.15728378801698345,-0.3401533422981996,-0.30575715176222557,0.765
Uzbekistan,2002,-0.3327008955379425,-0.42721034422263454,-0.6877874354841064,0.617
Venezuela (Bolivarian Republic of),2002,-0.21049313705760142,-0.5302371599393854,-0.2832002815989879,0.711
Viet Nam,2002,-0.20785713996882998,-0.6481466299457472,-0.5824719615088405,0.619
Yemen,2002,-0.39233628489390604,-1.343093878619438,-0.6384461311959954,0.453
Zambia,2002,-0.8793284842951491,-0.8455499211161104,-0.7821330831488185,0.434
Zimbabwe,2002,-0.9730646042750257,-0.6521232713644968,-0.92807108925877,0.427
Afghanistan,2003,-0.5542150137914916,-1.4511687049210622,-0.9025278991586622,0.379
Albania,2003,-0.14650307437380633,-0.48705903720377774,-0.43239051144288654,0.701
Algeria,2003,-0.23694996113902655,-0.5688241850976947,-0.37294054658039566,0.675
Andorra,2003,-0.016739324004297996,-0.4622287143360724,-0.05686908670438968,0.836
Angola,2003,-0.7860387491023935,-1.2457974133331977,-0.5429848908719355,0.424
Argentina,2003,-0.1839228381609285,-0.24545114514097094,-0.26604022716117615,0.793
Armenia,2003,-0.23404895348744448,-0.4332263515861156,-0.4845109183580712,0.681
Australia,2003,-0.0724879832694271,-0.12570413879920572,-0.09890838092402225,0.906
Austria,2003,-0.09939543618935143,-0.21239998496300352,-0.07145661473397105,0.88
Azerbaijan,2003,-0.3294446801501132,-0.37943485705921515,-0.5258569092259318,0.663
Bahamas,2003,-0.21544251135808656,-0.36231103236443596,-0.11730339632211231,0.793
Bahrain,2003,-0.14303575700145812,-0.4522979497886578,-0.07773313023955618,0.799
Bangladesh,2003,-0.32799137790671734,-0.9702983093020181,-0.7147474191471065,0.511
Barbados,2003,-0.1767004617149717,-0.3300105062827911,-0.28047770027559193,0.769
Belarus,2003,-0.28381264527336203,-0.2976541076671536,-0.3703519109960267,0.728
Belgium,2003,-0.10844218219523448,-0.14944983397002168,-0.08020262206680866,0.893
Belize,2003,-0.28442584127000997,-0.48927757095650465,-0.388001660598,0.679
Benin,2003,-0.5705756281717647,-1.1900279212959717,-0.7191682292856006,0.438
Bolivia (Plurinational State of),2003,-0.39852768928036253,-0.5231173251029322,-0.5166759629246933,0.619
Bosnia and Herzegovina,2003,-0.15293603319386131,-0.6318357243623723,-0.4111246938912832,0.671
Botswana,2003,-0.7421112059962176,-0.5292857124760898,-0.3373498564859694,0.585
Brazil,2003,-0.24806695976666668,-0.5636893422421324,-0.3353501562102393,0.682
Brunei Darussalam,2003,-0.17506792808264637,-0.4786462224273451,-0.007096186606039284,0.802
Bulgaria,2003,-0.21532801846606184,-0.32961308378724724,-0.30810231708717895,0.753
Burkina Faso,2003,-0.7151411301269063,-1.8909366221146477,-0.9274538264139214,0.308
Burundi,2003,-0.7450236409071318,-1.4899695274807283,-1.1620784678731784,0.322
Cabo Verde,2003,-0.23418505420218338,-0.7101449170880213,-0.5290832566766958,0.612
Cambodia,2003,-0.4243421638778535,-0.9028721315577085,-0.8475256706570724,0.484
Cameroon,2003,-0.6514738562160893,-1.06475834557681,-0.6639851774265695,0.452
Canada,2003,-0.08438545710767344,-0.1486900801963753,-0.09259711574681123,0.897
Central African Republic,2003,-0.9255643686594844,-1.4331502438184782,-1.039003706943306,0.322
Chad,2003,-0.8348525486255884,-1.5882254770152884,-1.1040524022809857,0.309
Chile,2003,-0.12456947305701085,-0.35569913116717,-0.2667485549007925,0.78
China,2003,-0.1971197426070902,-0.6791343243461576,-0.5606822730486116,0.619
Colombia,2003,-0.21622523048780254,-0.5470643511962313,-0.38239200475734336,0.683
Comoros,2003,-0.5042320247799803,-1.0299428416438783,-0.6786832745443321,0.478
Congo,2003,-0.5923138200995101,-0.7226127447697345,-0.6494238217298639,0.52
Congo (Democratic Republic of the),2003,-0.6831359223930438,-0.9769823681851431,-1.2281622876449265,0.382
Costa Rica,2003,-0.1127036499130976,-0.5353485496710919,-0.31181829585511966,0.726
Croatia,2003,-0.17415194223470096,-0.32264793114420837,-0.21146958439508776,0.79
Cuba,2003,-0.13532640929683937,-0.3325896759460748,-0.5410081181606965,0.714
Cyprus,2003,-0.11760612822850222,-0.3324143280911244,-0.12838476405175006,0.825
Czechia,2003,-0.1598618292331998,-0.2151897976915623,-0.1722789369108208,0.833
Côte d'Ivoire,2003,-0.7418850384050691,-0.9375344674098463,-0.7164429368451476,0.45
Denmark,2003,-0.12436038832466173,-0.12026844065565484,-0.06698230921668463,0.901
Djibouti,2003,-0.5475162070656469,-1.7312584292906834,-0.8142849355979759,0.357
Dominica,2003,-0.23401007097096319,-0.3975871267850916,-0.3629206775010588,0.718
Dominican Republic,2003,-0.2570782600382536,-0.5983481611738298,-0.3930049667927864,0.66
Ecuador,2003,-0.1858662934947662,-0.4752814289114641,-0.40442444674382994,0.701
Egypt,2003,-0.2948461347127448,-0.6709903110687881,-0.41040609218244045,0.632
El Salvador,2003,-0.2595681771654897,-0.6785568544758185,-0.46253030826395963,0.627
Equatorial Guinea,2003,-0.6310828716086518,-0.8751225180547189,-0.3147482061068159,0.545
Estonia,2003,-0.22010969657065477,-0.13937891183516718,-0.21332486926833089,0.826
Eswatini (Kingdom of),2003,-1.0238331132502765,-0.95786062608269,-0.49287896937225073,0.438
Ethiopia,2003,-0.6921323110988289,-1.6057041478942022,-1.2197545528783018,0.31
Fiji,2003,-0.34190543126701406,-0.46374142802527424,-0.3728894278268821,0.675
Finland,2003,-0.10479657213976573,-0.10199470044832222,-0.09201066798926419,0.905
France,2003,-0.08973957065240029,-0.29049991967162386,-0.09581591538195838,0.853
Gabon,2003,-0.44458182666907087,-0.609393442669462,-0.2922564127651491,0.638
Gambia,2003,-0.547755629261228,-1.3386863629890176,-0.8004583432632956,0.408
Georgia,2003,-0.2557263442873077,-0.26230043283255094,-0.4698032830176661,0.719
Germany,2003,-0.10460866161878615,-0.1015243125624289,-0.08913204840803875,0.906
Ghana,2003,-0.5079835125468858,-0.8360927487052005,-0.6781251617274411,0.51
Greece,2003,-0.09635842132524089,-0.2793139949310323,-0.1344425415224151,0.844
Grenada,2003,-0.20055446290117762,-0.2726712612578375,-0.34334490673198764,0.762
Guatemala,2003,-0.28671843433606226,-0.9622673982201175,-0.4604517200757186,0.566
Guinea,2003,-0.6575424647075199,-1.4965267376355764,-0.8268373993231031,0.37
Guyana,2003,-0.3766534108696188,-0.6946745837576521,-0.5090142226264914,0.591
Haiti,2003,-0.4979093984994443,-0.9269279205598888,-0.6711158970521824,0.497
Honduras,2003,-0.2722731961776153,-0.8567196057960719,-0.5855656005611414,0.565
"Hong Kong, China (SAR)",2003,-0.05984800038801712,-0.30506538046238013,-0.10691503728585956,0.854
Hungary,2003,-0.21330746918062832,-0.24840842893295445,-0.21444885841242195,0.798
Iceland,2003,-0.06719229569471667,-0.09869169876725838,-0.0962949309786542,0.916
India,2003,-0.388063551120848,-0.9271801133569698,-0.6820473740150528,0.514
Indonesia,2003,-0.31549081719406913,-0.6225090360476049,-0.48504854387228763,0.622
Iran (Islamic Republic of),2003,-0.2659105450941509,-0.4383110337910024,-0.3105149119744133,0.713
Iraq,2003,-0.3535370152478051,-0.7961079839429375,-0.5562119005975062,0.566
Ireland,2003,-0.1120322952146506,-0.20360457859755235,-0.07655179522421285,0.877
Israel,2003,-0.08632909231624447,-0.2640344451263693,-0.1604991139278966,0.843
Italy,2003,-0.07683120341156434,-0.29586536738060815,-0.08561548620186776,0.858
Jamaica,2003,-0.2463728120494452,-0.604562443831618,-0.37509956302180647,0.665
Japan,2003,-0.049578166869716785,-0.19088395088911245,-0.1110522881603307,0.889
Jordan,2003,-0.21218458992440795,-0.5013115890295616,-0.3702464768421292,0.697
Kazakhstan,2003,-0.37768533325295484,-0.322615703434683,-0.29628759040280234,0.717
Kenya,2003,-0.6020135425445253,-0.8274518068335217,-0.6463642251019616,0.501
Kiribati,2003,-0.3687475251730018,-0.5366888530390322,-0.6882552081054435,0.588
Korea (Republic of),2003,-0.12178526467032746,-0.21029487542515543,-0.17325765314748498,0.845
Kuwait,2003,-0.13159919458793856,-0.5461812320506315,-0.007374389308152159,0.796
Kyrgyzstan,2003,-0.3417105480339339,-0.37828339816886636,-0.6416563543978906,0.635
Lao People's Democratic Republic,2003,-0.4847331159391295,-0.9417278905132146,-0.6658059519799829,0.498
Latvia,2003,-0.2499614977504486,-0.17965701271325457,-0.2594970279479565,0.795
Lesotho,2003,-0.9744904116252391,-0.7374161451726774,-0.6835057508569061,0.45
Liberia,2003,-0.6766077903872377,-0.8971649348831287,-1.0155755409805307,0.422
Libya,2003,-0.23997674558986176,-0.44287757056594107,-0.16151922065833635,0.755
Liechtenstein,2003,-0.07706381564801677,-0.25328518279967027,0.0,0.896
Lithuania,2003,-0.22037814780043133,-0.18174023552724164,-0.2497148425666955,0.805
Luxembourg,2003,-0.11795228074675654,-0.2901708023280265,0.0,0.873
Madagascar,2003,-0.49831447205114904,-0.9802722662169336,-0.9091906436676392,0.451
Malawi,2003,-0.8143591652715526,-0.8782412118853835,-1.0413748886049068,0.402
Malaysia,2003,-0.1891881549343343,-0.486535358303299,-0.26774453489884675,0.73
Maldives,2003,-0.1842927290473355,-0.7988471058106915,-0.2847357892534734,0.655
Mali,2003,-0.6811274007196452,-1.6634061437629928,-0.8257278129610129,0.348
Malta,2003,-0.10087486475367902,-0.3644728627054134,-0.160176713168974,0.812
Mauritania,2003,-0.45238740244848447,-1.2478486390368475,-0.5650892291167923,0.47
Mauritius,2003,-0.21777338113961595,-0.5288958714342078,-0.3041943695959084,0.704
Mexico,2003,-0.18034197899010154,-0.5320233366706104,-0.253709381950221,0.725
Micronesia (Federated States of),2003,-0.24727862704945003,-0.48869247066481486,-0.5909647318109575,0.643
Moldova (Republic of),2003,-0.3153642776291965,-0.38731686530000803,-0.44965186558620784,0.681
Mongolia,2003,-0.38548150171457635,-0.4771227310006965,-0.5266267264655791,0.629
Montenegro,2003,-0.18401529805651456,-0.3847182701016027,-0.2981315107942946,0.749
Morocco,2003,-0.30495866209991146,-0.9452712031167319,-0.5078784117437353,0.557
Mozambique,2003,-0.7446024313815692,-1.307163349509812,-1.1936865561345815,0.339
Myanmar,2003,-0.4613031270848835,-1.1083814133749366,-0.9258978252448948,0.435
Namibia,2003,-0.7377262239579128,-0.6409765985839299,-0.43176773420099246,0.547
Nepal,2003,-0.38573035641864883,-1.0622130851809497,-0.7760795320890789,0.476
Netherlands,2003,-0.10268034982938508,-0.16564635650281795,-0.07264174918611088,0.893
New Zealand,2003,-0.09422615219001096,-0.06658861201263382,-0.1273108939802205,0.908
Nicaragua,2003,-0.31963327265806357,-0.7476358454707966,-0.5929434879739697,0.575
Niger,2003,-0.7264971602414995,-2.0758983585732773,-1.0612088986909232,0.276
Nigeria,2003,-0.8265555038347341,-0.9344682583614141,-0.6412948143825765,0.449
North Macedonia,2003,-0.19683873058729362,-0.559385111957061,-0.3589672649882676,0.69
Norway,2003,-0.0879236811244123,-0.11763788662851318,-0.03586419862151993,0.923
Oman,2003,-0.18281398570948204,-0.6341474234495713,-0.11973569962887487,0.732
Pakistan,2003,-0.4168449987567313,-1.3184884430546373,-0.6289630184980841,0.455
Palau,2003,-0.31940033285077396,-0.20052709943304825,-0.2847885991581168,0.765
Panama,2003,-0.16309828281086217,-0.45756518011643443,-0.289826561413449,0.738
Papua New Guinea,2003,-0.4415627032754685,-1.188025648327967,-0.6574421619393828,0.467
Paraguay,2003,-0.25644183671572457,-0.5444867979361921,-0.4322089451668962,0.663
Peru,2003,-0.21897915752808556,-0.4666246876285427,-0.45705092402102115,0.683
Philippines,2003,-0.2638854208394297,-0.5025351986907045,-0.5179902387772636,0.652
Poland,2003,-0.1718291033042449,-0.19253687595342298,-0.2519889643137624,0.814
Portugal,2003,-0.12124671959759346,-0.38801980935113534,-0.1482427778848582,0.803
Qatar,2003,-0.15683376325802734,-0.5072283511054989,0.0,0.801
Romania,2003,-0.26637228586503,-0.37285841211638443,-0.2906640040392472,0.733
Russian Federation,2003,-0.3618752553364258,-0.2186761123492512,-0.2547207748723517,0.757
Rwanda,2003,-0.666789913000993,-1.1421926831404183,-1.0582582244601104,0.385
Saint Lucia,2003,-0.22755712296208555,-0.5064950304285968,-0.3309995065849944,0.701
Saint Vincent and the Grenadines,2003,-0.2163971289153552,-0.42722984557614446,-0.3760491755705476,0.712
Samoa,2003,-0.2328831351453224,-0.3639005191394296,-0.5452694065784525,0.683
San Marino,2003,-0.06793299379535914,-0.30470108767246945,0.0,0.883
Sao Tome and Principe,2003,-0.40933412155885845,-0.8682240194518904,-0.7101400993727316,0.516
Saudi Arabia,2003,-0.1923159501563223,-0.5117927428860737,-0.09833162473717404,0.765
Senegal,2003,-0.5077023012914694,-1.487124850069697,-0.7018533502177978,0.407
Serbia,2003,-0.21467947290208053,-0.459512965806656,-0.3512835558125029,0.71
Seychelles,2003,-0.24291464064617782,-0.37795890023735434,-0.24431229062438856,0.749
Sierra Leone,2003,-0.8799217140778499,-1.2332782733464582,-0.9960832309995565,0.355
Singapore,2003,-0.09012671412755624,-0.26013138624098586,-0.04066575293633351,0.878
Slovakia,2003,-0.18874212459687753,-0.2918502012664531,-0.25401859701547613,0.783
Slovenia,2003,-0.13710700829521416,-0.1659402910454637,-0.15753512163718159,0.858
Solomon Islands,2003,-0.3106305658769825,-0.9333798030852357,-0.8151644291951953,0.503
South Africa,2003,-0.638338533808624,-0.4113213397412358,-0.3414228288971388,0.629
Spain,2003,-0.08413440057679285,-0.32474266464581397,-0.11540748510862651,0.84
Sri Lanka,2003,-0.23527452727739803,-0.3718162554859774,-0.4635486272733434,0.7
Sudan,2003,-0.5315517542831075,-1.3797767639860656,-0.5676556541028019,0.438
Sweden,2003,-0.07679797750864743,-0.10552531479201324,-0.08622982966468107,0.914
Switzerland,2003,-0.07121511907085747,-0.2415159672337721,-0.027890145870239795,0.893
Syrian Arab Republic,2003,-0.21521353868115878,-0.7742243586969297,-0.47872913149401797,0.613
Tajikistan,2003,-0.3555327393599552,-0.430542191222857,-0.8435832522129331,0.581
Tanzania (United Republic of),2003,-0.6220437174265221,-1.0563222816137243,-0.8901862613826146,0.425
Thailand,2003,-0.20117509615506854,-0.5295049625769704,-0.3471048439809438,0.698
Timor-Leste,2003,-0.4639665047939731,-0.8269940492529212,-0.6580884308460652,0.522
Togo,2003,-0.6009467260480633,-0.9571367727338684,-0.8465778015638946,0.449
Tonga,2003,-0.27251561552386633,-0.32530607966168995,-0.5004442712469921,0.693
Trinidad and Tobago,2003,-0.26779900595753664,-0.44567950109242965,-0.220028482570825,0.733
Tunisia,2003,-0.17977096616363758,-0.6100971215348266,-0.41382296631192356,0.669
Tuvalu,2003,-0.3986193630136103,-0.5146413212522949,-0.5806923039921034,0.608
Türkiye,2003,-0.20617298481774854,-0.6320929215658144,-0.27216158457800016,0.691
Uganda,2003,-0.7609978474681196,-0.8615797187507545,-0.933245716569021,0.427
Ukraine,2003,-0.29884154427776255,-0.26463038209583617,-0.37896929919437755,0.73
United Arab Emirates,2003,-0.14507913052137242,-0.4970889022674039,0.0,0.807
United Kingdom,2003,-0.10820215613410974,-0.18696604474959397,-0.09330667749795382,0.879
United States,2003,-0.1286378908529973,-0.13776049799906928,-0.056730778906395204,0.898
Uruguay,2003,-0.15288225385049417,-0.31451572092050584,-0.31345921144442573,0.771
Uzbekistan,2003,-0.32338896630526553,-0.41292230476228015,-0.6781418754332648,0.624
Venezuela (Bolivarian Republic of),2003,-0.2242980636610348,-0.5353312023057281,-0.30281138472120994,0.702
Viet Nam,2003,-0.20447278605171337,-0.6249052584641805,-0.5671945334557573,0.628
Yemen,2003,-0.37797715658966874,-1.303981430302829,-0.6328884385581471,0.462
Zambia,2003,-0.8320909961536428,-0.8104185531257162,-0.7679742149308934,0.448
Zimbabwe,2003,-1.021950437584007,-0.658441664580561,-0.9638182391696661,0.414
Afghanistan,2004,-0.5382758813203565,-1.3465945811135294,-0.9055322515889956,0.395
Albania,2004,-0.1423437338709157,-0.47792967343852194,-0.41966992411024073,0.707
Algeria,2004,-0.22773098057314037,-0.5474670083084358,-0.3679085529653912,0.683
Andorra,2004,-0.07864368675982902,-0.43498960592061253,-0.05079737847519374,0.828
Angola,2004,-0.7536487330266464,-1.2009096307102902,-0.5298515393904062,0.437
Argentina,2004,-0.1696939296261828,-0.24039240468115428,-0.26594493056867613,0.798
Armenia,2004,-0.234340620561272,-0.4278554636418768,-0.4571091978117398,0.689
Australia,2004,-0.06760372690510866,-0.12358445036738336,-0.09711599751072443,0.908
Austria,2004,-0.09071613323001058,-0.20610747567699148,-0.06790325166725747,0.886
Azerbaijan,2004,-0.3169049311286841,-0.37295821522542943,-0.5106667606382245,0.67
Bahamas,2004,-0.21399323574209636,-0.35768346963143327,-0.11769104290806101,0.795
Bahrain,2004,-0.13908524830731978,-0.4723569701192069,-0.07773295559072463,0.795
Bangladesh,2004,-0.320268838969022,-0.9486287343319525,-0.7030441226841884,0.518
Barbados,2004,-0.17203008078630805,-0.31845532050590886,-0.2792411103886528,0.774
Belarus,2004,-0.27431539558724544,-0.282771845814479,-0.34580739889041334,0.74
Belgium,2004,-0.09752802201455603,-0.1456957918391158,-0.07605569891104982,0.899
Belize,2004,-0.277945016434514,-0.4673507687582866,-0.38804733686926596,0.685
Benin,2004,-0.5681831524506087,-1.153606901966802,-0.7148007478638632,0.444
Bolivia (Plurinational State of),2004,-0.3901067310184478,-0.5008752320584056,-0.5127132272239573,0.626
Bosnia and Herzegovina,2004,-0.14666339501543227,-0.6226705561774611,-0.39752604519348667,0.678
Botswana,2004,-0.7206923192757279,-0.521162676738371,-0.3375545634196991,0.591
Brazil,2004,-0.23999630300554553,-0.5511069220505331,-0.32555403061537125,0.689
Brunei Darussalam,2004,-0.17343805527308948,-0.45942246902442097,-0.009065067160447176,0.807
Bulgaria,2004,-0.2115000621267669,-0.3181826759059291,-0.2944973140075868,0.76
Burkina Faso,2004,-0.6957351418293644,-1.830407114152305,-0.9215850743587397,0.317
Burundi,2004,-0.7083389159138654,-1.4266213445440974,-1.16064673386538,0.333
Cabo Verde,2004,-0.22316278226835426,-0.7123854836769714,-0.5222855213247264,0.615
Cambodia,2004,-0.40043164342658155,-0.8629695131103573,-0.8202734383095731,0.499
Cameroon,2004,-0.64280510767092,-1.0531238687383262,-0.6489520496589725,0.458
Canada,2004,-0.0794928588681009,-0.14614798961908737,-0.08866007694057283,0.901
Central African Republic,2004,-0.9148302604204319,-1.4113953526561496,-1.0404488310022404,0.326
Chad,2004,-0.8339311835226683,-1.570489423002343,-0.9472310480394467,0.327
Chile,2004,-0.12058696298911772,-0.3365713929237033,-0.2609855741806275,0.787
China,2004,-0.19008081288247364,-0.6552214029311484,-0.5362377609256611,0.631
Colombia,2004,-0.2098666955097372,-0.5321992661715381,-0.37428372743802624,0.689
Comoros,2004,-0.4985930553303564,-0.9964745193080006,-0.6790044297647989,0.484
Congo,2004,-0.5638478072329524,-0.7073879605041905,-0.6641119225619094,0.525
Congo (Democratic Republic of the),2004,-0.6650532296289036,-0.9661218459877876,-1.2125323405945172,0.388
Costa Rica,2004,-0.10825358544025399,-0.5262689721381669,-0.30515103803730803,0.731
Croatia,2004,-0.15796821375649472,-0.30802205094414736,-0.20107770865009028,0.801
Cuba,2004,-0.1328810546895376,-0.2909390240466477,-0.5275161914273844,0.728
Cyprus,2004,-0.11491024300261213,-0.3202827748134947,-0.12518051687754359,0.83
Czechia,2004,-0.15005395467170646,-0.21314793655788014,-0.16665446646770382,0.838
Côte d'Ivoire,2004,-0.7287584157235623,-0.9388274320369455,-0.7186894420529994,0.451
Denmark,2004,-0.11767534914709131,-0.11718252043924472,-0.06157246793950456,0.906
Djibouti,2004,-0.5431634120198667,-1.6764509052345171,-0.8032268108858456,0.365
Dominica,2004,-0.21546159478127164,-0.3967604359836115,-0.3596868042407929,0.723
Dominican Republic,2004,-0.2557660804392639,-0.5831279575307019,-0.39445132386153686,0.663
Ecuador,2004,-0.18024985809056807,-0.4642867044284608,-0.39139278909754266,0.708
Egypt,2004,-0.2904962850462495,-0.667730868515673,-0.4062075142363438,0.635
El Salvador,2004,-0.2555872801884672,-0.6532237639759462,-0.46102240663536187,0.633
Equatorial Guinea,2004,-0.6180111655947944,-0.8478137303233695,-0.2935358906168749,0.556
Estonia,2004,-0.21083499792355972,-0.12766857751340394,-0.1993829674989595,0.836
Eswatini (Kingdom of),2004,-1.0591844963654797,-0.9478659534804172,-0.4804418221522043,0.436
Ethiopia,2004,-0.6707837324020919,-1.5487607305872035,-1.1709251733717303,0.323
Fiji,2004,-0.33657070300732983,-0.449973536841313,-0.3635938144773896,0.682
Finland,2004,-0.09946340791314037,-0.12786633764669644,-0.08383391978815487,0.901
France,2004,-0.07440860905644353,-0.2824837698098828,-0.09231659761369487,0.861
Gabon,2004,-0.44058225242870835,-0.5977012205802265,-0.30934498705963637,0.638
Gambia,2004,-0.5344879980034194,-1.305756950293678,-0.7721862116418242,0.419
Georgia,2004,-0.2510880802731758,-0.25315154274277984,-0.4520860908505568,0.727
Germany,2004,-0.0947165099073296,-0.08670041146563265,-0.08448340333225116,0.915
Ghana,2004,-0.5059401412961955,-0.8036125923151465,-0.670788666627333,0.517
Greece,2004,-0.09196347856923004,-0.25946380192093454,-0.12755134295402712,0.852
Grenada,2004,-0.2272288076992363,-0.26965424883246353,-0.35179178869281064,0.754
Guatemala,2004,-0.2792052816635175,-0.9465433291034306,-0.458755083567588,0.57
Guinea,2004,-0.6445914761084773,-1.452580607490215,-0.8277446625449774,0.377
Guyana,2004,-0.3692815468135684,-0.6650608807747362,-0.47627668613462465,0.604
Haiti,2004,-0.5243785901706941,-0.9099452738741028,-0.679812116465631,0.494
Honduras,2004,-0.2664526103760975,-0.8438128817836571,-0.5775955522486497,0.57
"Hong Kong, China (SAR)",2004,-0.05678201409898442,-0.2894465937857852,-0.09441234998561293,0.863
Hungary,2004,-0.2058705159130265,-0.2512821367308552,-0.20592721353037857,0.802
Iceland,2004,-0.06385772728927558,-0.095480244525621,-0.08987409838887178,0.92
India,2004,-0.3783589002646577,-0.9035121657750786,-0.6643654168996564,0.523
Indonesia,2004,-0.35119547817410673,-0.5987448505245231,-0.4780606841836312,0.621
Iran (Islamic Republic of),2004,-0.23533292541646053,-0.4370315360844544,-0.3058927763461313,0.722
Iraq,2004,-0.36703612841146044,-0.7735527628182045,-0.45496239064925786,0.588
Ireland,2004,-0.10513831812330461,-0.18451879876306018,-0.06787783951941109,0.888
Israel,2004,-0.0775957040304845,-0.2657627306953686,-0.15409755060355776,0.847
Italy,2004,-0.06318559060711361,-0.28542157425220793,-0.0838264422217194,0.866
Jamaica,2004,-0.24531050990166356,-0.5371242079956979,-0.37300048211627296,0.68
Japan,2004,-0.04514221066548059,-0.18803987552563523,-0.10693938106165243,0.893
Jordan,2004,-0.20840652287410683,-0.47768079631227145,-0.3554413499609439,0.707
Kazakhstan,2004,-0.37090761776114406,-0.2961727845224719,-0.28178582225307663,0.729
Kenya,2004,-0.5808904982142777,-0.7831978344944133,-0.6400094080507098,0.513
Kiribati,2004,-0.3679692544511746,-0.5417705201979562,-0.7004297866228884,0.585
Korea (Republic of),2004,-0.11384081642375964,-0.1988383010017917,-0.16457342010327997,0.853
Kuwait,2004,-0.13499179915855233,-0.5354994564877976,0.0,0.8
Kyrgyzstan,2004,-0.33931010571913833,-0.3778425688585268,-0.6301337147155516,0.638
Lao People's Democratic Republic,2004,-0.47820951330058936,-0.921630055574752,-0.6454787104586618,0.506
Latvia,2004,-0.24403330778276763,-0.16039349878099632,-0.2449254333372995,0.805
Lesotho,2004,-1.0084481944107968,-0.7137713984919666,-0.6853233035064048,0.448
Liberia,2004,-0.5905072855133411,-0.8968638515236739,-1.0098151187251774,0.435
Libya,2004,-0.2329996558375872,-0.43860591474098914,-0.1601306056296441,0.758
Liechtenstein,2004,-0.0472528848505455,-0.23471476379348713,0.0,0.91
Lithuania,2004,-0.21876852034984504,-0.16845503940073123,-0.23456994656734262,0.813
Luxembourg,2004,-0.09312794722219198,-0.2885089000313661,0.0,0.881
Madagascar,2004,-0.4817897364132899,-0.9558815695039393,-0.8997019613990559,0.459
Malawi,2004,-0.7582027584252333,-0.8879714582104599,-1.0301458704770459,0.41
Malaysia,2004,-0.1872938984205126,-0.49170396415077255,-0.25955497082047496,0.731
Maldives,2004,-0.19399558774956774,-0.7979359065601457,-0.2747656844814882,0.656
Mali,2004,-0.6617081455707193,-1.6123040694685837,-0.831485128188535,0.355
Malta,2004,-0.09356708449342364,-0.3207077674188139,-0.1603360530290523,0.826
Mauritania,2004,-0.446455386018044,-1.1946580455195759,-0.5587581013008753,0.48
Mauritius,2004,-0.21387890865216785,-0.5128475816383653,-0.29589878634628114,0.711
Mexico,2004,-0.1785379544226357,-0.5197154099545872,-0.24860209951459547,0.729
Micronesia (Federated States of),2004,-0.24574316345125521,-0.4898782178649359,-0.5986309308677867,0.641
Moldova (Republic of),2004,-0.30608629335872345,-0.374282518612323,-0.4286783214931977,0.691
Mongolia,2004,-0.37226842017518985,-0.44268831475591497,-0.4949335738044974,0.646
Montenegro,2004,-0.1726149723238831,-0.3679688819095611,-0.2906756300300959,0.758
Morocco,2004,-0.29838530204670466,-0.9224310493334336,-0.4989234952982316,0.564
Mozambique,2004,-0.7323998942252374,-1.2573843594163416,-1.1671981822265138,0.349
Myanmar,2004,-0.4547361571149472,-1.0897593853458718,-0.8817295190360857,0.445
Namibia,2004,-0.7324959019059256,-0.6415341190355777,-0.4151862143249449,0.551
Nepal,2004,-0.3717774254546783,-1.038583857306518,-0.7657534691373699,0.484
Netherlands,2004,-0.09294221641313803,-0.167708868275053,-0.07026708129362706,0.896
New Zealand,2004,-0.09058137823123859,-0.06117273858832445,-0.12453218383491381,0.912
Nicaragua,2004,-0.3152799268141066,-0.7398834546563787,-0.5807110112381464,0.58
Niger,2004,-0.6904124617759135,-1.9943874373696675,-1.0693938331969843,0.286
Nigeria,2004,-0.8151583730559832,-0.886584555163743,-0.6222313718984398,0.461
North Macedonia,2004,-0.18944843120046756,-0.5444824419239297,-0.3484877601964865,0.697
Norway,2004,-0.08062621121195263,-0.11056665956988865,-0.031155553188049346,0.929
Oman,2004,-0.17932911553877887,-0.6038243304892946,-0.11921987150896603,0.74
Pakistan,2004,-0.4119785824935853,-1.2516812458239077,-0.6136360946206825,0.468
Palau,2004,-0.32018407345158373,-0.19224473830766936,-0.2806058106974804,0.768
"Palestine, State of",2004,-0.23899936216275844,-0.5034792531771504,-0.5416543002551694,0.652
Panama,2004,-0.15721177044466497,-0.4459656153700142,-0.28228498387207396,0.744
Papua New Guinea,2004,-0.44242438024780995,-1.1642265872334412,-0.6885483352920562,0.465
Paraguay,2004,-0.252790242033218,-0.5230234104127294,-0.42022904938518935,0.671
Peru,2004,-0.21037920940153967,-0.4523680519935794,-0.45221293524291617,0.69
Philippines,2004,-0.26162453813249126,-0.4881235111417763,-0.5074711485777872,0.658
Poland,2004,-0.16756330520303186,-0.20902459604171678,-0.24670661666647745,0.812
Portugal,2004,-0.10672897293604221,-0.37452852985351476,-0.14599576954900534,0.811
Qatar,2004,-0.1497322503509451,-0.5042248683930233,0.0,0.804
Romania,2004,-0.2723539960968595,-0.35930393178021347,-0.2734973698955903,0.74
Russian Federation,2004,-0.3478350106566282,-0.22143001913826033,-0.23893026214401028,0.764
Rwanda,2004,-0.605108126682941,-1.079487805900485,-1.038404064561073,0.403
Saint Lucia,2004,-0.2226052346941427,-0.4992494676118939,-0.32133470974646705,0.706
Saint Vincent and the Grenadines,2004,-0.20343519693820364,-0.4171363229708686,-0.3675475432189092,0.719
Samoa,2004,-0.2290068608134947,-0.35861010396318826,-0.5337116095962249,0.688
San Marino,2004,-0.06839414965774052,-0.2997319201162997,0.0,0.885
Sao Tome and Principe,2004,-0.39633003713565174,-0.8461186313086039,-0.7073807483044227,0.522
Saudi Arabia,2004,-0.18257389632120297,-0.49347274527292706,-0.08879735427379003,0.775
Senegal,2004,-0.484833043491737,-1.4633526962609271,-0.6950538629332994,0.414
Serbia,2004,-0.2113480084515266,-0.4356177480018903,-0.33284651050142516,0.721
Seychelles,2004,-0.23939020090766946,-0.39530902779580523,-0.2354435758976468,0.748
Sierra Leone,2004,-0.8574051779211104,-1.2015508389681233,-0.98491181069122,0.363
Singapore,2004,-0.08396706456569285,-0.24607609164021596,-0.03316460419884144,0.886
Slovakia,2004,-0.1813558693740259,-0.27244212821391073,-0.2418090457621137,0.793
Slovenia,2004,-0.12286322568993364,-0.1630003330009083,-0.15125359408857433,0.864
Solomon Islands,2004,-0.30734071011496533,-0.917623845227805,-0.7931934363798259,0.51
South Africa,2004,-0.6467628384639552,-0.4071986794249876,-0.3325704841943221,0.63
Spain,2004,-0.07445832937963583,-0.3140078232863725,-0.11331159606508519,0.846
Sri Lanka,2004,-0.3223053699344576,-0.36865138382082047,-0.45331795581098816,0.683
Sudan,2004,-0.5696233896593048,-1.3261278893100394,-0.5632414910411061,0.441
Suriname,2004,-0.33674304251658893,-0.5658502627627376,-0.3106627437698414,0.667
Sweden,2004,-0.07098386318519025,-0.16135601117823606,-0.08173720994714966,0.901
Switzerland,2004,-0.06264493049711611,-0.23393189104736778,-0.02538397377627726,0.898
Syrian Arab Republic,2004,-0.21405040418894059,-0.7249435047254644,-0.46795749334963155,0.626
Tajikistan,2004,-0.34513736293442493,-0.42389700371142397,-0.8105892610622304,0.591
Tanzania (United Republic of),2004,-0.6021539979010214,-1.021518550194687,-0.873802355654115,0.435
Thailand,2004,-0.20258706043163033,-0.5018097416770052,-0.33645495538625414,0.707
Timor-Leste,2004,-0.4456142521200241,-0.792761322515826,-0.633498952220704,0.536
Togo,2004,-0.6029127979093258,-0.9470411581335054,-0.8604420806618819,0.448
Tonga,2004,-0.26898614077637795,-0.3198009527280574,-0.5052676299189777,0.694
Trinidad and Tobago,2004,-0.24107255033320252,-0.4321373060269591,-0.2009347807247792,0.747
Tunisia,2004,-0.17637007130063026,-0.5825199902329619,-0.40252892212386315,0.679
Tuvalu,2004,-0.39719936369113173,-0.504428188157815,-0.5626273376845987,0.614
Türkiye,2004,-0.19957727636872627,-0.6319093138440579,-0.2563138478061996,0.696
Uganda,2004,-0.7229087725927189,-0.812296906887709,-0.9217942923237677,0.441
Ukraine,2004,-0.2948461347127448,-0.2610570546275772,-0.3526420254908393,0.739
United Arab Emirates,2004,-0.14097883633652478,-0.4866665869797416,0.0,0.811
United Kingdom,2004,-0.09847826982922149,-0.1621279685473472,-0.0909189332350873,0.889
United States,2004,-0.12159413483177144,-0.1363448985054773,-0.05199439893276068,0.902
Uruguay,2004,-0.14891058697233678,-0.3313574390306789,-0.3041041451772893,0.77
Uzbekistan,2004,-0.31574394437073244,-0.4071831790638739,-0.6584838834443458,0.631
Venezuela (Bolivarian Republic of),2004,-0.21330746918062832,-0.5312337870898883,-0.27219761588321556,0.713
Viet Nam,2004,-0.2015514250709785,-0.6021918015756416,-0.5514178226531185,0.637
Yemen,2004,-0.36759145568008283,-1.2661722917788587,-0.6309486115954286,0.47
Zambia,2004,-0.7904377816430351,-0.7764796246568825,-0.7681172405710447,0.459
Zimbabwe,2004,-0.9756325230236582,-0.6480619380016734,-0.9834798274465191,0.419
Afghanistan,2005,-0.5273459513984962,-1.3130559630631424,-0.891847908075759,0.402
Albania,2005,-0.13800732876417435,-0.4422337245786758,-0.4070317968380548,0.72
Algeria,2005,-0.22197116190824537,-0.5307197441019753,-0.3606346796263204,0.69
Andorra,2005,-0.05113136417911629,-0.4658395496493777,-0.04831228336948842,0.828
Angola,2005,-0.7221799673257369,-1.1579504982728608,-0.507259245003165,0.451
Argentina,2005,-0.16453000011913654,-0.24642571041608888,-0.251695906682444,0.802
Armenia,2005,-0.2271515727117485,-0.4135950639040141,-0.42498829777313235,0.701
Australia,2005,-0.06166266039210687,-0.12226105905382526,-0.09497807945321289,0.911
Austria,2005,-0.08805807843666832,-0.19985431466202874,-0.06554038104304169,0.889
Azerbaijan,2005,-0.3123531468125633,-0.36650228373418214,-0.470533486021945,0.682
Bahamas,2005,-0.20853917777258354,-0.3530761894528052,-0.11491947681686278,0.798
Bahrain,2005,-0.13254726165568564,-0.49282660538274853,-0.07790639699347836,0.791
Bangladesh,2005,-0.3178981162702861,-0.9274187874986585,-0.6881513982114575,0.525
Barbados,2005,-0.16905608733383923,-0.3070321335643753,-0.2726818739533254,0.779
Belarus,2005,-0.27411301150203915,-0.26807526367320106,-0.32495510036351644,0.749
Belgium,2005,-0.09595192413971759,-0.14195578946549978,-0.07345533501723091,0.901
Belize,2005,-0.27492279371488665,-0.4829493763377178,-0.38835109779665217,0.682
Benin,2005,-0.5600966727727735,-1.1189209794928392,-0.7183486521069548,0.45
Bolivia (Plurinational State of),2005,-0.3814631654950999,-0.47911710482166914,-0.5050506444580118,0.634
Bosnia and Herzegovina,2005,-0.1594467304608047,-0.6134652180291655,-0.3876736117320597,0.679
Botswana,2005,-0.6897682800944094,-0.5105890637855462,-0.329468030848556,0.601
Brazil,2005,-0.2279048684159202,-0.5390822345982059,-0.3211683467908352,0.696
Brunei Darussalam,2005,-0.171956993392024,-0.4452550949669784,-0.011100430574729408,0.811
Bulgaria,2005,-0.21182325297377352,-0.3090675606871914,-0.28089469123874194,0.765
Burkina Faso,2005,-0.6750957085677007,-1.7732457336339484,-0.9028986828500769,0.327
Burundi,2005,-0.6771829815027703,-1.3765675933629002,-1.1681593089245963,0.342
Cabo Verde,2005,-0.2101513930205567,-0.7019356083304524,-0.5133971920305791,0.622
Cambodia,2005,-0.38356061887402043,-0.8477098948839817,-0.786274782503397,0.51
Cameroon,2005,-0.6374359672558618,-1.048947776867869,-0.6516636757415956,0.459
Canada,2005,-0.07777860602046938,-0.14361234526866296,-0.08487725474810352,0.903
Central African Republic,2005,-0.8997740403429347,-1.3901036775840787,-1.037650793720656,0.33
Chad,2005,-0.831101526852475,-1.5829614028559376,-0.9254934457744175,0.329
Chile,2005,-0.11366843532319645,-0.32290065658197503,-0.2533410325109778,0.795
China,2005,-0.18334977753946521,-0.6318669799881123,-0.5112972602644349,0.643
Colombia,2005,-0.20256822112152528,-0.4961231274231063,-0.36498019727648673,0.701
Comoros,2005,-0.4954571466353689,-0.9640901456030962,-0.6762695663527539,0.491
Congo,2005,-0.5334908058038523,-0.6923914984707028,-0.6308544040454767,0.539
Congo (Democratic Republic of the),2005,-0.6501761123383376,-0.9553780085949175,-1.2047557819980086,0.392
Costa Rica,2005,-0.10527504922471595,-0.5047971526605323,-0.299135540530472,0.739
Croatia,2005,-0.15966328223557097,-0.29360700759898434,-0.19482519306022608,0.806
Cuba,2005,-0.13051178042157424,-0.2695848062280583,-0.5006145377247108,0.741
Cyprus,2005,-0.11220439448193252,-0.3167801687153644,-0.11861361594917989,0.833
Czechia,2005,-0.14620031660442107,-0.19666144745840167,-0.15520765818978596,0.847
Côte d'Ivoire,2005,-0.7141665477840208,-0.9401220705007843,-0.7203871773103849,0.453
Denmark,2005,-0.11008962902583301,-0.11236566694473994,-0.05724762956665111,0.911
Djibouti,2005,-0.5285197063749918,-1.6215675612548581,-0.7974142026259792,0.374
Dominica,2005,-0.2182708269569794,-0.3959204040483757,-0.3559412003098546,0.724
Dominican Republic,2005,-0.24501562613287806,-0.56813593929928,-0.37020250113055925,0.674
Ecuador,2005,-0.17592972048070038,-0.4534115504060186,-0.38252796352277835,0.714
Egypt,2005,-0.2870873775229971,-0.6639281005266255,-0.40084744437793596,0.637
El Salvador,2005,-0.2536027587989184,-0.6316546111477823,-0.4548297338254082,0.64
Equatorial Guinea,2005,-0.6058691724528847,-0.8211290311226023,-0.2575645107172713,0.57
Eritrea,2005,-0.47069309764368655,-0.9451422852770753,-0.8737491296553717,0.466
Estonia,2005,-0.2003852661155129,-0.11382171132213552,-0.18008423305584795,0.848
Eswatini (Kingdom of),2005,-1.077679079001644,-0.9393859468344278,-0.45397542627881066,0.439
Ethiopia,2005,-0.6477914788391481,-1.4372414497125896,-1.1288400292960026,0.343
Fiji,2005,-0.3321002691523884,-0.4388972960039844,-0.3679027887718846,0.684
Finland,2005,-0.0973414722518658,-0.12372108898787756,-0.0803868371046187,0.904
France,2005,-0.07440860905644353,-0.2579971146298909,-0.09030631547812124,0.869
Gabon,2005,-0.4376943188726955,-0.5861352921689384,-0.29966686798668124,0.643
Gambia,2005,-0.5264860725102589,-1.2738774041481844,-0.7899231902652795,0.422
Georgia,2005,-0.2400158608037294,-0.2415377119320931,-0.429806067348453,0.738
Germany,2005,-0.0924189787415918,-0.08803976723802304,-0.08283751459494722,0.916
Ghana,2005,-0.4915258881072639,-0.7593041298520463,-0.6579313731684197,0.529
Greece,2005,-0.08689949513674956,-0.22745266140231574,-0.12421211217895259,0.864
Grenada,2005,-0.19431316964633272,-0.26663347220347455,-0.3114768312496117,0.773
Guatemala,2005,-0.2791442645075081,-0.9310626835788042,-0.4561542472238234,0.574
Guinea,2005,-0.6296091597559578,-1.3949652865752948,-0.8247285588037649,0.387
Guinea-Bissau,2005,-0.7009002348865437,-1.1603953612410471,-0.8696736387870063,0.402
Guyana,2005,-0.3647957406194374,-0.6362989850907649,-0.45725175288034675,0.615
Haiti,2005,-0.47518626670982944,-0.8931506821651791,-0.6766419954394677,0.506
Honduras,2005,-0.2602864246725254,-0.831070621010405,-0.5670277043122453,0.575
"Hong Kong, China (SAR)",2005,-0.05095327123031689,-0.27832515944033764,-0.0857318719119299,0.871
Hungary,2005,-0.20664577571114742,-0.23843092058525267,-0.19797003272541888,0.807
Iceland,2005,-0.05955404124622075,-0.0879620003252132,-0.08198392587456362,0.926
India,2005,-0.3678136729650578,-0.8803914628023455,-0.6469109763912311,0.532
Indonesia,2005,-0.3105256263745095,-0.5867015255588375,-0.46839936461969056,0.634
Iran (Islamic Republic of),2005,-0.22626379884276837,-0.4263392368160021,-0.30283428567124976,0.727
Iraq,2005,-0.37119746960429006,-0.7538589079713512,-0.4537466647034995,0.591
Ireland,2005,-0.09827456926834051,-0.17432618023975655,-0.061975896482239314,0.894
Israel,2005,-0.07643256541940711,-0.24499098304039824,-0.146571109680033,0.856
Italy,2005,-0.06313642760717737,-0.27600661216994077,-0.0827632456467366,0.869
Jamaica,2005,-0.2416992640239073,-0.5214205888982333,-0.3718336218309345,0.685
Japan,2005,-0.04705935519152136,-0.18520386599242333,-0.1034940095651881,0.894
Jordan,2005,-0.2053791989848341,-0.46554664216304126,-0.34368521004860075,0.713
Kazakhstan,2005,-0.36512815427805123,-0.2704111183793933,-0.2733545256520904,0.739
Kenya,2005,-0.5542150137914916,-0.7718489266642775,-0.6299710753055863,0.521
Kiribati,2005,-0.36845838247906876,-0.5381041187763133,-0.7005564801427029,0.585
Korea (Republic of),2005,-0.10503578206470095,-0.18721436119669527,-0.15842149848966033,0.861
Kuwait,2005,-0.1330392060758884,-0.5365020547182762,0.0,0.8
Kyrgyzstan,2005,-0.33741113879040224,-0.37236258119832205,-0.6303220709556571,0.64
Lao People's Democratic Republic,2005,-0.4613031270848835,-0.8989522015212856,-0.6259647721556206,0.516
Latvia,2005,-0.24692407997961305,-0.1461405518248063,-0.22150103203795993,0.815
Lebanon,2005,-0.14417242349450013,-0.5950989254548653,-0.2892198974388185,0.71
Lesotho,2005,-1.0288135881024865,-0.690672836874655,-0.6979748168959625,0.447
Liberia,2005,-0.5658505684642393,-0.8965628581072449,-1.0071571742657912,0.439
Libya,2005,-0.23102064818756093,-0.4343524283733667,-0.14409277598325587,0.764
Liechtenstein,2005,-0.06641926298325501,-0.24424247800184803,0.0,0.902
Lithuania,2005,-0.22811743907230778,-0.1486965902844241,-0.21612047103631557,0.821
Luxembourg,2005,-0.09007620865191023,-0.2868497550721576,0.0,0.882
Madagascar,2005,-0.47135839267728125,-0.9393676015689212,-0.8957657215735563,0.464
Malawi,2005,-0.7072773115427669,-0.8854060442553467,-1.0281162617403985,0.417
Malaysia,2005,-0.1836270239301069,-0.5177140987779195,-0.25198074054955233,0.728
Maldives,2005,-0.17159163652564438,-0.7970255368378659,-0.30158090622617095,0.655
Mali,2005,-0.6479385138778627,-1.5636869453351796,-0.8208002811368825,0.364
Malta,2005,-0.08594341599450485,-0.2997725638629306,-0.1593788565241261,0.834
Mauritania,2005,-0.4449418540350391,-1.181659472355983,-0.5441648015047358,0.485
Mauritius,2005,-0.2102463102053844,-0.4867894019277895,-0.2936576199609767,0.719
Mexico,2005,-0.17846438985129995,-0.5062186760461896,-0.24816139423327158,0.733
Micronesia (Federated States of),2005,-0.24483873760167263,-0.4910593343304587,-0.5918669286093987,0.642
Moldova (Republic of),2005,-0.2996716092780053,-0.36694015360547566,-0.4121187091875981,0.698
Mongolia,2005,-0.37041729056936423,-0.3992870494742932,-0.4880340781327689,0.658
Montenegro,2005,-0.18056310377909138,-0.34683731847791116,-0.29046539880694794,0.761
Morocco,2005,-0.2886261076564166,-0.9051474920827896,-0.49314106306296784,0.57
Mozambique,2005,-0.7224650887418705,-1.1906285290822567,-1.1588015355360142,0.359
Myanmar,2005,-0.44631114137888644,-1.0714778069415292,-0.8399953253852448,0.456
Namibia,2005,-0.7153298687245098,-0.6420919510175814,-0.4181998987245552,0.553
Nauru,2005,-0.5325732182081744,-0.7886714197722395,-0.5986607168169272,0.527
Nepal,2005,-0.35762044572976354,-1.0155001054429067,-0.756306386701749,0.492
Netherlands,2005,-0.08874714830368274,-0.16323056120965976,-0.06776540363429802,0.899
New Zealand,2005,-0.07909315863794814,-0.059374415004921584,-0.12221775296951741,0.917
Nicaragua,2005,-0.3045204820008827,-0.732190701368273,-0.5700729707966667,0.585
Niger,2005,-0.6601588662714355,-1.9396329945549466,-1.0539812346826674,0.296
Nigeria,2005,-0.7969021481932334,-0.866690855279638,-0.6145782318831269,0.468
North Macedonia,2005,-0.19013663047061022,-0.5230427269327799,-0.3415349580323968,0.704
Norway,2005,-0.07721338066337671,-0.11233908482090271,-0.026690619863460354,0.93
Oman,2005,-0.17809664814892462,-0.5743937312652451,-0.12046002578868512,0.748
Pakistan,2005,-0.4256835141360351,-1.194462176600335,-0.6018889665561727,0.477
Palau,2005,-0.3244098954393728,-0.18402872430886952,-0.24138353041446697,0.779
"Palestine, State of",2005,-0.22185591912999883,-0.5002848026550523,-0.5167909168162941,0.662
Panama,2005,-0.15209382225088672,-0.43795998938457864,-0.27299322777892243,0.75
Papua New Guinea,2005,-0.4414670072061114,-1.1409807801346694,-0.688625793819759,0.469
Paraguay,2005,-0.25187942302521654,-0.5192697035010765,-0.4154395624617981,0.673
Peru,2005,-0.20435954218091681,-0.4867496624583581,-0.4427457552683819,0.685
Philippines,2005,-0.257575747735694,-0.4933100014669782,-0.49925003491356285,0.659
Poland,2005,-0.16534645258799316,-0.19746833992487647,-0.23773918827238993,0.819
Portugal,2005,-0.10869941692334079,-0.3676479506162859,-0.14507689899679221,0.813
Qatar,2005,-0.14789337458171098,-0.48013100682781745,0.0,0.811
Romania,2005,-0.25025784380578175,-0.3528250830612427,-0.26090528423889453,0.75
Russian Federation,2005,-0.34411676633975,-0.22419153094753438,-0.22710348360587834,0.767
Rwanda,2005,-0.5549650807969225,-1.0332571361428604,-1.0098053716364421,0.421
Saint Kitts and Nevis,2005,-0.23548867046213634,-0.3835637847467262,-0.20715089099562398,0.759
Saint Lucia,2005,-0.21844307740956287,-0.4807493105085142,-0.32341427711675286,0.711
Saint Vincent and the Grenadines,2005,-0.1944065952842641,-0.4019838423017953,-0.3604348168905699,0.727
Samoa,2005,-0.22788554605124858,-0.35334752997332347,-0.5238415485922293,0.692
San Marino,2005,-0.0599460059744139,-0.29474325455614125,0.0,0.888
Sao Tome and Principe,2005,-0.39683323934206116,-0.8237332994502014,-0.6921912503032935,0.529
Saudi Arabia,2005,-0.17457319151976988,-0.4741309909367349,-0.08455620208048227,0.783
Senegal,2005,-0.46289052591629215,-1.4397825084710212,-0.6897965636619592,0.421
Serbia,2005,-0.2096010509406063,-0.4037289261280475,-0.3239134616350557,0.732
Seychelles,2005,-0.23160230281745026,-0.3641418573977868,-0.22007958559582266,0.762
Sierra Leone,2005,-0.8337540952082632,-1.1768794768610409,-0.9782464094022997,0.369
Singapore,2005,-0.07416004451538095,-0.2322053088426946,-0.024160312371787115,0.896
Slovakia,2005,-0.18250003425857145,-0.2525764721805358,-0.22683151729697984,0.802
Slovenia,2005,-0.11887016482876157,-0.1570026615952558,-0.14418019439286153,0.869
Solomon Islands,2005,-0.3045204820008827,-0.9020872784051202,-0.7775996837505363,0.516
South Africa,2005,-0.6486151536518512,-0.4024875531280226,-0.3238565217566512,0.632
Spain,2005,-0.0745909289952912,-0.299253788151982,-0.11087245569868621,0.851
Sri Lanka,2005,-0.220876891360673,-0.36549649649554383,-0.4417000552063063,0.71
Sudan,2005,-0.5559571044723521,-1.2954253568329035,-0.5553204757099655,0.448
Suriname,2005,-0.32419711589945066,-0.5640423747834937,-0.3019214200597672,0.673
Sweden,2005,-0.06974590219616836,-0.15882110540723074,-0.07650463552995398,0.903
Switzerland,2005,-0.059684679085656764,-0.22768695654961765,-0.01919052011847903,0.903
Syrian Arab Republic,2005,-0.2084633728186934,-0.6727987681357083,-0.46197729034777685,0.639
Tajikistan,2005,-0.3346339273475731,-0.41336583683153166,-0.7565958910257577,0.606
Tanzania (United Republic of),2005,-0.5825970772136574,-0.9878854891565543,-0.85991953437556,0.445
Thailand,2005,-0.18874212459687753,-0.4888837799622977,-0.3297558673532173,0.715
Timor-Leste,2005,-0.4289384642938065,-0.7592852252787609,-0.5867847398943303,0.553
Togo,2005,-0.5919244444861912,-0.9407201559842923,-0.8869251486621257,0.446
Tonga,2005,-0.2670150626829184,-0.3143259668214629,-0.5108441547842644,0.695
Trinidad and Tobago,2005,-0.23654058445803264,-0.41863870076619,-0.19425708441460152,0.753
Tunisia,2005,-0.17135422612412765,-0.5583122657952345,-0.3990075552124284,0.686
Turkmenistan,2005,-0.34426870408897614,-0.5023855314840866,-0.4383514247526529,0.652
Tuvalu,2005,-0.39393187229449134,-0.4943183090328179,-0.5750129310733938,0.614
Türkiye,2005,-0.19407030382850254,-0.6286532545625559,-0.24289432211044004,0.701
Uganda,2005,-0.678607245747534,-0.8011261705920262,-0.9104500144991226,0.451
Ukraine,2005,-0.30004536343518007,-0.2473473950156549,-0.34521791631420956,0.743
United Arab Emirates,2005,-0.13691292775117928,-0.47635177735934375,0.0,0.815
United Kingdom,2005,-0.09495332040929075,-0.15033322256102127,-0.08735514808883967,0.895
United States,2005,-0.12161150876218943,-0.1334084459605513,-0.0481092758423065,0.904
Uruguay,2005,-0.1455772802612496,-0.3612031902262583,-0.2867838156610674,0.768
Uzbekistan,2005,-0.31386810733460674,-0.39975793405246035,-0.6420189843484398,0.636
Vanuatu,2005,-0.27463929534310366,-0.7663147211025733,-0.7153083217038888,0.557
Venezuela (Bolivarian Republic of),2005,-0.20821704639704464,-0.511928218103486,-0.2559701852971981,0.722
Viet Nam,2005,-0.1989951768508297,-0.5799828094462242,-0.5351480712879986,0.645
Yemen,2005,-0.3557303352769492,-1.2449963836885132,-0.6244949531670603,0.476
Zambia,2005,-0.7514610127699158,-0.7436548375361389,-0.7602956039291328,0.472
Zimbabwe,2005,-0.9648347724883204,-0.6377888448630419,-1.0033302679460712,0.42
Afghanistan,2006,-0.5189611920409204,-1.2779416507449863,-0.875360995025795,0.41
Albania,2006,-0.134569293694905,-0.42519893742397935,-0.39071064607762024,0.728
Algeria,2006,-0.216741014443074,-0.5138928891853876,-0.3586576883477136,0.696
Andorra,2006,-0.03179237172482552,-0.4413365218785029,-0.04167100193599516,0.842
Angola,2006,-0.6971860952366538,-1.116761088110796,-0.4945562186377952,0.463
Argentina,2006,-0.15921218561204822,-0.23703336927592242,-0.22239239971374442,0.814
Armenia,2006,-0.22339358256941913,-0.3911923905754011,-0.3941105416373277,0.714
Australia,2006,-0.05890110792016103,-0.11861048790058819,-0.09222070173041427,0.914
Austria,2006,-0.08060953495643887,-0.19787314592215502,-0.06014770356309729,0.893
Azerbaijan,2006,-0.29975465368605003,-0.36006679436841177,-0.4056150877034816,0.701
Bahamas,2006,-0.20683495467501067,-0.3484890085716437,-0.11342476046141922,0.8
Bahrain,2006,-0.1286028982889134,-0.48310258148100216,-0.07921317067495315,0.794
Bangladesh,2006,-0.31912511028925505,-0.9152174045682698,-0.6688515274532593,0.53
Barbados,2006,-0.1658184846949404,-0.2992712602680714,-0.26560323370281574,0.784
Belarus,2006,-0.2626042932720999,-0.25355918908658,-0.30478800608383344,0.761
Belgium,2006,-0.09029508413788773,-0.14108248612604912,-0.07014130840250246,0.904
Belize,2006,-0.2605059921255268,-0.4360758299915619,-0.38507314275013277,0.697
Benin,2006,-0.5512203591470821,-1.0853979470825308,-0.7163272357572508,0.456
Bolivia (Plurinational State of),2006,-0.3726479903723234,-0.4828158900213634,-0.49683982336648597,0.637
Bosnia and Herzegovina,2006,-0.14463456356671375,-0.6042198252647469,-0.3760531049713343,0.687
Botswana,2006,-0.6504414229744284,-0.49645211791798655,-0.3125283986597333,0.615
Brazil,2006,-0.22243226587614554,-0.5271926941718946,-0.31459022643218015,0.701
Brunei Darussalam,2006,-0.17100734304763032,-0.4264797920983805,-0.007051123153790306,0.817
Bulgaria,2006,-0.20935444415387613,-0.30321061218937556,-0.27146644747961174,0.77
Burkina Faso,2006,-0.655643917711854,-1.733252869669392,-0.8893621798011879,0.335
Burundi,2006,-0.6518871281549032,-1.2190321204491852,-1.1556244342680604,0.365
Cabo Verde,2006,-0.21855792753028166,-0.660637444140285,-0.49385253349774205,0.633
Cambodia,2006,-0.36641452776984507,-0.8281990837241563,-0.7579573953032359,0.522
Cameroon,2006,-0.6231619810804961,-1.0627972008355175,-0.6450659775899411,0.46
Canada,2006,-0.07096734695386375,-0.14108311376841695,-0.08150974112205372,0.907
Central African Republic,2006,-0.8840842056864435,-1.37139748547473,-1.0446954668479527,0.333
Chad,2006,-0.8320202872973289,-1.5389632723863995,-0.9714939604094016,0.328
Chile,2006,-0.10945435407636576,-0.3237564872542548,-0.2514672301851778,0.796
China,2006,-0.17611317642426993,-0.6090455617710967,-0.4817621579156564,0.656
Colombia,2006,-0.1953039257864104,-0.506752706532232,-0.3539693573783712,0.703
Comoros,2006,-0.4886377087906284,-0.9327217051933487,-0.6743056782568052,0.497
Congo,2006,-0.513958731955716,-0.6798976207491371,-0.5883480059447923,0.552
Congo (Democratic Republic of the),2006,-0.6324429239053985,-0.946357671202985,-1.1896653809030122,0.397
Costa Rica,2006,-0.10512122805007346,-0.49178999907416204,-0.28597098782383973,0.745
Croatia,2006,-0.14923202702653487,-0.2833443779401731,-0.18648305527199457,0.814
Cuba,2006,-0.12820057178678818,-0.2195395194794666,-0.472165305706291,0.761
Cyprus,2006,-0.1075680787382885,-0.30439979016941127,-0.11418776720064121,0.839
Czechia,2006,-0.13641907445084464,-0.1846372778741791,-0.14701963358525041,0.856
Côte d'Ivoire,2006,-0.6976187013864078,-0.9414183873118058,-0.7227929631071403,0.455
Denmark,2006,-0.11012397971199152,-0.11983828811654493,-0.051034324091802814,0.911
Djibouti,2006,-0.5181601480569502,-1.5907965655356147,-0.7644654665671057,0.384
Dominica,2006,-0.20696740124720325,-0.3950671328752347,-0.33709129223876305,0.731
Dominican Republic,2006,-0.2393315653569183,-0.5487433510600881,-0.3529263445205201,0.684
Ecuador,2006,-0.17272467758253188,-0.4426533941826502,-0.3760001711586323,0.719
Egypt,2006,-0.28303646973702945,-0.6601397383425038,-0.388591704988928,0.642
El Salvador,2006,-0.24702255266829273,-0.6252168340045895,-0.44299510564404015,0.645
Equatorial Guinea,2006,-0.5895913693250237,-0.7950372517996632,-0.2123351016367584,0.587
Eritrea,2006,-0.44602271450511677,-0.961943135211724,-0.8829365774238551,0.466
Estonia,2006,-0.19509821641562328,-0.10851902863588184,-0.16458894389236775,0.856
Eswatini (Kingdom of),2006,-1.0336892260914605,-0.8803365934975182,-0.45421738642020953,0.454
Ethiopia,2006,-0.6147911015457918,-1.3664184799708923,-1.0950812405178783,0.359
Fiji,2006,-0.3273295433198501,-0.42794239545867846,-0.36922940575263663,0.687
Finland,2006,-0.09054769231868387,-0.12237241526689344,-0.07377628620337852,0.909
France,2006,-0.06765311002761348,-0.25308225611098134,-0.08700741535677904,0.873
Gabon,2006,-0.4278287041950228,-0.5761151147120508,-0.3228254626639561,0.643
Gambia,2006,-0.5092883444471041,-1.2406458128661073,-0.8029438949562834,0.427
Georgia,2006,-0.23486583576568115,-0.2482080591879493,-0.4057731869165401,0.744
Germany,2006,-0.0868827139384039,-0.089516497397319,-0.07514943909408912,0.92
Ghana,2006,-0.4858078607907029,-0.7290496130885796,-0.6509204671160742,0.537
Greece,2006,-0.08493800343934517,-0.20796132477274196,-0.11818663817225178,0.872
Grenada,2006,-0.190974268380818,-0.26360893366136257,-0.32143852097723385,0.772
Guatemala,2006,-0.26613135103673513,-0.9158180394996893,-0.4496989628810384,0.58
Guinea,2006,-0.6159582451657659,-1.3411317740987332,-0.8371672315867027,0.394
Guinea-Bissau,2006,-0.6667000105450969,-1.110479599305163,-0.8666060951950492,0.414
Guyana,2006,-0.35301133349218833,-0.6347643547110036,-0.4271804986128859,0.624
Haiti,2006,-0.4666124626794089,-0.8779756895208425,-0.6746494010423729,0.51
Honduras,2006,-0.25715784144012216,-0.8228791218244519,-0.556800327793043,0.579
"Hong Kong, China (SAR)",2006,-0.04707548123265927,-0.27257178126474,-0.07222517747969044,0.878
Hungary,2006,-0.19762576332725373,-0.22513778737064324,-0.1902881945846332,0.815
Iceland,2006,-0.05960302843608036,-0.08470838581981276,-0.07930744287097133,0.928
India,2006,-0.3586108825933498,-0.8554325180222028,-0.6292727867572044,0.541
Indonesia,2006,-0.30497953260883975,-0.5640571222562307,-0.4571453351918933,0.643
Iran (Islamic Republic of),2006,-0.21784989516084763,-0.3992445649334739,-0.2955046342800842,0.738
Iraq,2006,-0.3996283291383256,-0.7345454220971442,-0.4434148350775003,0.591
Ireland,2006,-0.09427686770136105,-0.17302552608706345,-0.05656528667422805,0.898
Israel,2006,-0.07164473622249402,-0.22617140390073773,-0.13940489565039801,0.864
Italy,2006,-0.05670060010061668,-0.26638346374990274,-0.07996008830767537,0.874
Jamaica,2006,-0.2386672692909124,-0.48857146190802503,-0.366366499480725,0.695
Japan,2006,-0.04120668388833822,-0.18237587700260383,-0.10059835636385243,0.898
Jordan,2006,-0.20136324291009222,-0.4488404051055624,-0.34081037664593455,0.719
Kazakhstan,2006,-0.3538876233372959,-0.2452964816433509,-0.2618851720122753,0.75
Kenya,2006,-0.5309760038288476,-0.748153668970811,-0.6212993314656248,0.531
Kiribati,2006,-0.3698158537856279,-0.5464526051320548,-0.7101918011152901,0.581
Korea (Republic of),2006,-0.09557944682266556,-0.1869690246955791,-0.1495529660945199,0.866
Kuwait,2006,-0.13332042586858472,-0.5350364583656663,0.0,0.8
Kyrgyzstan,2006,-0.3289742629669347,-0.36454313986544823,-0.618996256228291,0.646
Lao People's Democratic Republic,2006,-0.44886253158495654,-0.8860094664675601,-0.642310459850272,0.517
Latvia,2006,-0.24497631486626406,-0.1435732441785983,-0.20139401298870982,0.821
Lebanon,2006,-0.1476080271693025,-0.5898047047154145,-0.2862180677518352,0.711
Lesotho,2006,-1.0426391924242029,-0.6930768335010242,-0.6970131138079196,0.444
Liberia,2006,-0.5468514460227529,-0.8964284012812768,-0.9984715328461953,0.443
Libya,2006,-0.2284653794620318,-0.430014466980673,-0.1331182300550436,0.768
Liechtenstein,2006,-0.060893888834775624,-0.2318910385724854,0.0,0.907
Lithuania,2006,-0.23131143321224257,-0.13301134863274777,-0.20045089500375426,0.828
Luxembourg,2006,-0.0898405501536474,-0.28519335875924656,0.0,0.882
Madagascar,2006,-0.45316163974248946,-0.9296719709000927,-0.8880147443633545,0.469
Malawi,2006,-0.6706934701903056,-0.8678035006213032,-1.0205875192365792,0.426
Malaysia,2006,-0.18237078877505952,-0.508738908970491,-0.24294369838553764,0.732
Maldives,2006,-0.16469323729404503,-0.7746852154095938,-0.2609948455138698,0.67
Mali,2006,-0.6301001557656484,-1.5105754708033385,-0.8184730046607381,0.373
Malta,2006,-0.0837328411824364,-0.3095031671099542,-0.15764900885575742,0.832
Mauritania,2006,-0.43931626317579203,-1.152482062945289,-0.5169391437294487,0.495
Mauritius,2006,-0.20615407783067086,-0.47613687647552644,-0.2829308155326758,0.725
Mexico,2006,-0.17929230346441413,-0.4793009507642717,-0.24124074450696054,0.741
Micronesia (Federated States of),2006,-0.24073976837082842,-0.4922358225502574,-0.5905121671841314,0.643
Moldova (Republic of),2006,-0.2932565554100252,-0.3479256800624219,-0.4041540283526372,0.706
Mongolia,2006,-0.3563892704615717,-0.38215603483374083,-0.4682062942631218,0.669
Montenegro,2006,-0.18449622736917654,-0.32194729952137313,-0.2727841341303288,0.771
Morocco,2006,-0.27995813286853893,-0.8974478514801041,-0.47827812020981425,0.576
Mozambique,2006,-0.709870860375668,-1.1569937991918309,-1.1410962655265906,0.367
Myanmar,2006,-0.43926852136350375,-1.0519531278234515,-0.8021610195650896,0.466
Namibia,2006,-0.6883892865410166,-0.6500732894790643,-0.4038112674743786,0.559
Nauru,2006,-0.5268768348926295,-0.8090916083920665,-0.7505852441808015,0.499
Nepal,2006,-0.3486195637195793,-0.9664729146666943,-0.747079838924063,0.503
Netherlands,2006,-0.08274635924785127,-0.15540647951371522,-0.060876645488915075,0.905
New Zealand,2006,-0.0792263742976459,-0.05757931958481546,-0.11995363387704377,0.918
Nicaragua,2006,-0.2881950245020127,-0.7287725274621125,-0.5648724896072725,0.59
Niger,2006,-0.6306492014513717,-1.9048240130714862,-1.0450434199836645,0.303
Nigeria,2006,-0.7822306328856309,-0.8604643802681725,-0.5874983014060109,0.475
North Macedonia,2006,-0.18542174202135123,-0.5045837036084083,-0.3284304007807471,0.712
Norway,2006,-0.07271958729375501,-0.10626959189058822,-0.025723187409546253,0.934
Oman,2006,-0.17655360805438006,-0.5452869269583835,-0.11321323750041758,0.757
Pakistan,2006,-0.39633003713565174,-1.180915698909293,-0.5916803554251736,0.485
Palau,2006,-0.3300009131833022,-0.17587798751412798,-0.24074141750852748,0.78
"Palestine, State of",2006,-0.2247795041402197,-0.4871128742102059,-0.5237346853151571,0.662
Panama,2006,-0.14882131640210647,-0.4289487745435171,-0.25998115388814985,0.756
Papua New Guinea,2006,-0.4386957973292351,-1.1159499931780805,-0.7035563904284023,0.471
Paraguay,2006,-0.24686500102056716,-0.5367544028375412,-0.3985449702427271,0.674
Peru,2006,-0.20085532789028437,-0.47726716339186875,-0.4333049784415504,0.69
Philippines,2006,-0.2567401097172698,-0.5011294552973541,-0.49229352509559,0.659
Poland,2006,-0.16190373415385673,-0.19250187691996148,-0.227435031550354,0.824
Portugal,2006,-0.09564715965257999,-0.3599277899645987,-0.14521154929810576,0.819
Qatar,2006,-0.13890846054057288,-0.46399151585465576,0.0,0.818
Romania,2006,-0.23334929939896662,-0.3145912579907148,-0.24572753268039893,0.768
Russian Federation,2006,-0.31832104761368785,-0.2223891084777894,-0.21281063161589375,0.778
Rwanda,2006,-0.5181859781722831,-0.9599129168820519,-0.9845649877198345,0.44
Saint Kitts and Nevis,2006,-0.23693046321068092,-0.36955003842831935,-0.19846107243716613,0.765
Saint Lucia,2006,-0.21424098928576268,-0.457576945041857,-0.30680710624586216,0.722
Saint Vincent and the Grenadines,2006,-0.18508845806033405,-0.38698340511973284,-0.34210047011864053,0.737
Samoa,2006,-0.2227397866842736,-0.34811250582771525,-0.5220777289567162,0.695
San Marino,2006,-0.05442369505591689,-0.28973505727261195,0.0,0.892
Sao Tome and Principe,2006,-0.38119284651706176,-0.8134692796740235,-0.6600257703968225,0.539
Saudi Arabia,2006,-0.17051461083761207,-0.47004609206726844,-0.08615770247136725,0.785
Senegal,2006,-0.44268781859877254,-1.4031339965299185,-0.6899203662201413,0.429
Serbia,2006,-0.19741957582710884,-0.3786053064149871,-0.314300968557226,0.743
Seychelles,2006,-0.22634096529083492,-0.4187268162828918,-0.2073980643030819,0.753
Sierra Leone,2006,-0.796015078875426,-1.1521093272188223,-1.0271398995802359,0.371
Singapore,2006,-0.06827884075329449,-0.23489707329809958,-0.01111945822834561,0.901
Slovakia,2006,-0.17771066485169498,-0.23577472132085356,-0.2119406596681863,0.812
Slovenia,2006,-0.10674609050808624,-0.14732827170057422,-0.13557713802975033,0.878
Solomon Islands,2006,-0.30131301460606574,-0.8597729779289872,-0.7815269197353992,0.523
South Africa,2006,-0.6398835209252566,-0.39905862652181184,-0.3145314748304168,0.637
Spain,2006,-0.06397252749604208,-0.29634920966054507,-0.10774683149887829,0.856
Sri Lanka,2006,-0.22373988293072375,-0.3623515316685542,-0.4270951660556081,0.713
Sudan,2006,-0.4785073761369564,-1.2602913871971675,-0.5489422663003555,0.466
Suriname,2006,-0.31216393802009695,-0.5622377498531241,-0.29332061979685087,0.678
Sweden,2006,-0.06627130358961861,-0.1573571638383995,-0.06805692611103413,0.907
Switzerland,2006,-0.054602407191758774,-0.20252721166683854,-0.015370104475246662,0.913
Syrian Arab Republic,2006,-0.19751329214787483,-0.6380091551209321,-0.4566912175160681,0.65
Tajikistan,2006,-0.32396311068644834,-0.40542667643000424,-0.7277296781878264,0.615
Tanzania (United Republic of),2006,-0.5658776602919909,-0.9553469001134711,-0.8412980091840524,0.455
Thailand,2006,-0.16818199324023533,-0.4917454057832305,-0.3195288286995783,0.721
Timor-Leste,2006,-0.41149091920380476,-0.7265162005845155,-0.5024805617151289,0.579
Togo,2006,-0.584720600853293,-0.9120988887985229,-0.8876460370119188,0.452
Tonga,2006,-0.26448651484859215,-0.30888079323756357,-0.5127333490904934,0.696
Trinidad and Tobago,2006,-0.23755458555891665,-0.40527368684704984,-0.17294539109821006,0.762
Tunisia,2006,-0.16849148085864968,-0.5412847892690278,-0.3885246811923456,0.693
Turkmenistan,2006,-0.33495646290991465,-0.49057197115453804,-0.41535906720908305,0.661
Tuvalu,2006,-0.39183533991906566,-0.4843096179283723,-0.5768032656335969,0.616
Türkiye,2006,-0.18827772111479285,-0.6016111950853098,-0.2325495347278628,0.711
Uganda,2006,-0.6372322745982779,-0.7900788423559484,-0.8816961347667069,0.463
Ukraine,2006,-0.2878667048799141,-0.23864217601125826,-0.3298676137856951,0.752
United Arab Emirates,2006,-0.13293376903927434,-0.46264958647602517,0.0,0.82
United Kingdom,2006,-0.09085090639013975,-0.15825573643419694,-0.0873530888115619,0.894
United States,2006,-0.11672398126789131,-0.1284504873286074,-0.04566194261110192,0.908
Uruguay,2006,-0.14259209733437916,-0.3744564576635544,-0.27774101390049893,0.767
Uzbekistan,2006,-0.30545967457307655,-0.39533751087190033,-0.6277515916294075,0.642
Vanuatu,2006,-0.27318257190337025,-0.7520679432247139,-0.6913890808442493,0.564
Venezuela (Bolivarian Republic of),2006,-0.2089751678085875,-0.49298830558282797,-0.24074212740923287,0.73
Viet Nam,2006,-0.19809452944967265,-0.5583776477418775,-0.5211609132423319,0.653
Yemen,2006,-0.3460067770041434,-1.236431583409829,-0.6111501811181945,0.481
Zambia,2006,-0.715078225176266,-0.7118733613592644,-0.7524804588931131,0.484
Zimbabwe,2006,-0.9410564240578521,-0.627620215843723,-1.0217900368440533,0.422
Afghanistan,2007,-0.5079835125468858,-1.2440186397575146,-0.8111054121268211,0.426
Albania,2007,-0.1217505110733265,-0.4043032235908088,-0.37646670188414294,0.74
Algeria,2007,-0.21163312806113355,-0.5024073593818789,-0.3499585627314609,0.701
Andorra,2007,-0.036679943643529736,-0.41371226048940496,-0.03518202550265604,0.851
Angola,2007,-0.6586119835260467,-1.0772013417351365,-0.4665494113378434,0.48
Antigua and Barbuda,2007,-0.1466990253154431,-0.2623277228684766,-0.20180296675609133,0.816
Argentina,2007,-0.16694499970405577,-0.2319537798054422,-0.2068725642675305,0.817
Armenia,2007,-0.21687477964712215,-0.36373109224583616,-0.3625598384780901,0.73
Australia,2007,-0.059260168491007806,-0.11608973135564975,-0.08869495213298083,0.916
Austria,2007,-0.07726324063995281,-0.19589589404689606,-0.055351486937508076,0.896
Azerbaijan,2007,-0.2907020124992464,-0.35360898807418684,-0.36563228540250076,0.714
Bahamas,2007,-0.2101893588133821,-0.3439217469717807,-0.11353935761881578,0.8
Bahrain,2007,-0.12027459856141523,-0.4739034778596227,-0.07658464789472244,0.8
Bangladesh,2007,-0.33034336428035216,-0.9077423602181282,-0.6499076812660866,0.533
Barbados,2007,-0.16085515596583008,-0.29157015453035356,-0.2578066501665328,0.789
Belarus,2007,-0.24723922672242243,-0.23921865562670278,-0.28813024752988253,0.772
Belgium,2007,-0.08797407799981677,-0.13860290110640341,-0.06556637158487581,0.907
Belize,2007,-0.24934932738999632,-0.4152533318850613,-0.38796419004693794,0.704
Benin,2007,-0.5453905253830781,-1.0529623526040535,-0.7077617009097427,0.464
Bolivia (Plurinational State of),2007,-0.36712496005334977,-0.4600003762286134,-0.4907198943275992,0.644
Bosnia and Herzegovina,2007,-0.14616470406880486,-0.5558501506110636,-0.3609500171837982,0.702
Botswana,2007,-0.5983406240560446,-0.4916286441619727,-0.30191868779242803,0.629
Brazil,2007,-0.2161488406705282,-0.5147874040602726,-0.30384234150881895,0.708
Brunei Darussalam,2007,-0.1703686627219081,-0.41627669028597125,-0.008457739069652989,0.82
Bulgaria,2007,-0.20339748670364133,-0.29134201967289763,-0.2671721902540558,0.776
Burkina Faso,2007,-0.6370577139089018,-1.7267139081569594,-0.8857398771311119,0.339
Burundi,2007,-0.626869787521412,-1.14303556540982,-1.1556996577356085,0.377
Cabo Verde,2007,-0.2072134200026431,-0.6643587418330327,-0.4713922860099859,0.639
Cambodia,2007,-0.3516108649817106,-0.8187960837237481,-0.7305177894517035,0.531
Cameroon,2007,-0.6143360001356555,-0.997201978187646,-0.6433454286248116,0.472
Canada,2007,-0.07093431530954533,-0.1417552202314104,-0.07956338435170242,0.907
Central African Republic,2007,-0.8628958013179746,-1.35303479913624,-1.0328834840082814,0.339
Chad,2007,-0.815714720648483,-1.4968196681210237,-0.9309798157448407,0.339
Chile,2007,-0.11694876836951662,-0.3075748208425223,-0.24194117390977665,0.801
China,2007,-0.17139074713284191,-0.5883962950888456,-0.4500342571531742,0.668
Colombia,2007,-0.188426306765407,-0.47374206922368206,-0.34362676096993694,0.715
Comoros,2007,-0.482961061515125,-0.902307389988497,-0.6767019031129756,0.503
Congo,2007,-0.4944728821673505,-0.6675579158383699,-0.6169235193387497,0.553
Congo (Democratic Republic of the),2007,-0.6212416319614235,-0.9374179734287345,-1.1791489639457016,0.401
Costa Rica,2007,-0.10601029937111825,-0.47010408542017695,-0.2722783108573616,0.754
Croatia,2007,-0.15153870937860636,-0.27520342534067954,-0.17718275482846588,0.818
Cuba,2007,-0.12596448958749734,-0.18091150778048184,-0.4566532172064874,0.775
Cyprus,2007,-0.1000753614237725,-0.29242271787194607,-0.11098996038318314,0.845
Czechia,2007,-0.13270536025684243,-0.17541472489994056,-0.13904999597294718,0.862
Côte d'Ivoire,2007,-0.6787892128119973,-0.9427163867415448,-0.7240096820126883,0.458
Denmark,2007,-0.10796218767167037,-0.11816392237201986,-0.05138851026349597,0.912
Djibouti,2007,-0.5102104284220726,-1.5313974144863942,-0.7557474439398318,0.394
Dominica,2007,-0.22449061203940934,-0.3926364336796748,-0.32600957630097316,0.73
Dominican Republic,2007,-0.23531345899117717,-0.5297196916750562,-0.3404694107630373,0.692
Ecuador,2007,-0.16989447840122865,-0.43200974504028516,-0.37542243632479655,0.722
Egypt,2007,-0.27995813286853893,-0.6416600571762261,-0.3768539423040031,0.649
El Salvador,2007,-0.24044622916656033,-0.6062548689935068,-0.43885462591240143,0.651
Equatorial Guinea,2007,-0.5759797189457765,-0.7695094374231632,-0.19094837581704077,0.599
Eritrea,2007,-0.4339595539011242,-0.9790300231599087,-0.8829335360430415,0.465
Estonia,2007,-0.192744922587434,-0.10860890281102245,-0.15396878695166494,0.859
Eswatini (Kingdom of),2007,-1.0114047770679764,-0.8457315911460359,-0.44350402733549343,0.464
Ethiopia,2007,-0.5791044645192851,-1.3002813656991739,-1.0589112820552857,0.376
Fiji,2007,-0.32794866568033615,-0.41710620552189065,-0.37123826276976307,0.689
Finland,2007,-0.090244570158133,-0.12213665253323333,-0.06709778024198433,0.911
France,2007,-0.06405453571331131,-0.25002987802610716,-0.08409166045479624,0.876
Gabon,2007,-0.4221105706519091,-0.5661856170086512,-0.32192009744339145,0.646
Gambia,2007,-0.5007737494521343,-1.208483133790481,-0.8021567006042964,0.433
Georgia,2007,-0.23148594482255516,-0.23035749196559924,-0.38181623214068144,0.755
Germany,2007,-0.08436871804455838,-0.08455853536368865,-0.07054357591577612,0.923
Ghana,2007,-0.47992343748780025,-0.6861732683035067,-0.646041535927475,0.547
Greece,2007,-0.08653037380909091,-0.2299119690735928,-0.11438507331012718,0.866
Grenada,2007,-0.1795500164472118,-0.2605806354387773,-0.31327536195082684,0.778
Guatemala,2007,-0.26036626180481814,-0.8812978008760854,-0.4403892075131294,0.59
Guinea,2007,-0.6033627290212159,-1.3110478554621159,-0.8223275517792689,0.402
Guinea-Bissau,2007,-0.6434782817118245,-1.0874225240027404,-0.8626931990751274,0.421
Guyana,2007,-0.3402393231904568,-0.6332320757506595,-0.40843464620451453,0.631
Haiti,2007,-0.4583061583565558,-0.8629325517430952,-0.6661473902283064,0.516
Honduras,2007,-0.2548723987091955,-0.8147541784744731,-0.5428258810918325,0.584
"Hong Kong, China (SAR)",2007,-0.04353400202372849,-0.23640366620839143,-0.061737011199188514,0.892
Hungary,2007,-0.19597745247230225,-0.21469825468480302,-0.19232623409575436,0.818
Iceland,2007,-0.05777579895305853,-0.08234386913527827,-0.0678122843587363,0.933
India,2007,-0.35036522183940727,-0.831081382527925,-0.6116736128399373,0.55
Indonesia,2007,-0.29925649065189847,-0.5660429794630913,-0.44529904457395836,0.646
Iran (Islamic Republic of),2007,-0.20840652287410683,-0.403425523991316,-0.28205014854630495,0.742
Iraq,2007,-0.400408682632137,-0.7159186389438482,-0.4361944581713611,0.596
Ireland,2007,-0.0874870145627728,-0.16150443570857076,-0.054931634065783115,0.904
Israel,2007,-0.06902034439180069,-0.19654388202570297,-0.13190464917152872,0.876
Italy,2007,-0.05530131578508931,-0.25760019149140223,-0.07888996272284778,0.878
Jamaica,2007,-0.23439896418578893,-0.45676716918326504,-0.36401763457024994,0.703
Japan,2007,-0.03835708618642968,-0.1795558626542595,-0.09771350926310453,0.9
Jordan,2007,-0.19708226977488896,-0.46975041641792076,-0.33558275496419526,0.716
Kazakhstan,2007,-0.34731231703030147,-0.23616561150107365,-0.25075555364414964,0.757
Kenya,2007,-0.514293167213454,-0.7250069046677685,-0.6115157837790256,0.54
Kiribati,2007,-0.37119746960429006,-0.5492164502001635,-0.7021750284219643,0.582
Korea (Republic of),2007,-0.08874714830368274,-0.1857100567476579,-0.14052275737883543,0.871
Kuwait,2007,-0.131037800913434,-0.5302492181742119,0.0,0.802
Kyrgyzstan,2007,-0.32411201675890045,-0.35931162836661823,-0.5977940502642916,0.652
Lao People's Democratic Republic,2007,-0.4347196489495957,-0.8695816157505686,-0.5938621558385596,0.531
Latvia,2007,-0.24144461421498756,-0.1517403704396375,-0.18359256825643722,0.825
Lebanon,2007,-0.12993347728700141,-0.5723006984656772,-0.26789397322890995,0.724
Lesotho,2007,-1.0335594767238065,-0.6956812530334343,-0.6678615758077004,0.45
Liberia,2007,-0.5293290953305504,-0.896293962681269,-0.9817911267881144,0.448
Libya,2007,-0.22578164340580395,-0.42569524182219215,-0.12698403413481754,0.771
Liechtenstein,2007,-0.05530131578508931,-0.2307671612109165,0.0,0.909
Lithuania,2007,-0.23208727358321884,-0.12805364633678523,-0.18249157963540893,0.835
Luxembourg,2007,-0.08879758669739868,-0.27908999084769825,0.0,0.885
Madagascar,2007,-0.44252016798226396,-0.9056827313182726,-0.8735059753904809,0.477
Malawi,2007,-0.6496162431562975,-0.8665062525966966,-0.9943918709726774,0.433
Malaysia,2007,-0.18150343001249336,-0.47146157102876846,-0.2338405378734627,0.744
Maldives,2007,-0.15465850105432624,-0.7546064287550962,-0.2900771088111014,0.67
Mali,2007,-0.6207263451070126,-1.455059547576665,-0.8177044592755401,0.381
Malta,2007,-0.07857711551192653,-0.2942561255822075,-0.1516917631509007,0.84
Mauritania,2007,-0.43130376176818863,-1.152587719964177,-0.5266452799188784,0.495
Mauritius,2007,-0.2026059000966618,-0.4632895258206413,-0.2683429604377528,0.732
Mexico,2007,-0.18100550009967076,-0.4722250277387591,-0.23972079242661606,0.743
Micronesia (Federated States of),2007,-0.24138585808229937,-0.4934076866040956,-0.5936624017863568,0.642
Moldova (Republic of),2007,-0.28364918982482346,-0.3377364250151798,-0.40138872429947564,0.711
Mongolia,2007,-0.3463982600775005,-0.3621359352358644,-0.44969929636453254,0.68
Montenegro,2007,-0.17572795780794428,-0.2962170003634177,-0.26076377737531026,0.783
Morocco,2007,-0.2703157942551112,-0.876028251852948,-0.4727956670086305,0.583
Mozambique,2007,-0.6911184705536085,-1.0963651952081046,-1.1125034300040406,0.38
Myanmar,2007,-0.4279231039307736,-1.032802372704947,-0.7698006964709616,0.475
Namibia,2007,-0.657483080521511,-0.643387355510175,-0.39940646252714096,0.567
Nauru,2007,-0.5229501112575708,-0.8460159012702599,-0.6745467556383348,0.506
Nepal,2007,-0.3386191549866636,-0.9537595654072634,-0.737969843066652,0.508
Netherlands,2007,-0.07596768852039733,-0.14716099252956222,-0.055946548810315154,0.911
New Zealand,2007,-0.07732972447609475,-0.057082997860275715,-0.11750241936216459,0.919
Nicaragua,2007,-0.2712233909008157,-0.7253659976784678,-0.5539779709110243,0.596
Niger,2007,-0.6033627290212159,-1.8743397446104737,-1.048862874408448,0.309
Nigeria,2007,-0.7720904927901807,-0.8542764344702979,-0.584865195925891,0.479
North Macedonia,2007,-0.1871825832314401,-0.48645924933581736,-0.32480443025793576,0.717
Norway,2007,-0.07169431931136543,-0.10433247717175448,-0.023484044710233,0.936
Oman,2007,-0.1769024207179806,-0.5232285572813643,-0.10920440322710219,0.764
Pakistan,2007,-0.39356694208334364,-1.158856395784238,-0.5857824864573788,0.49
Palau,2007,-0.3352145662817473,-0.1677914824589543,-0.2330030183819476,0.782
"Palestine, State of",2007,-0.22020556373718236,-0.45389721036691416,-0.5178015253584767,0.672
Panama,2007,-0.14628935349246272,-0.4180924853860413,-0.23733256299447536,0.765
Papua New Guinea,2007,-0.43590845529041666,-1.0915304769793608,-0.6825792961526025,0.479
Paraguay,2007,-0.2404853627490492,-0.5338239117242339,-0.37856865676585066,0.681
Peru,2007,-0.19989663614901584,-0.4548521150027862,-0.41558505382244953,0.7
Philippines,2007,-0.25275062395152015,-0.49655151284754684,-0.4819019877409861,0.663
Poland,2007,-0.1609093658121584,-0.1876246073437362,-0.21608272784232013,0.828
Portugal,2007,-0.09209841995427073,-0.35554624546016794,-0.14130474891693603,0.822
Qatar,2007,-0.13105533969606747,-0.43737052462928294,0.0,0.827
Romania,2007,-0.21269829345267097,-0.30124145305653705,-0.22968743789278104,0.78
Russian Federation,2007,-0.3000038282964467,-0.21637182207868075,-0.19603268231111054,0.789
Rwanda,2007,-0.4863831988176546,-0.9165719674449488,-0.964054808503334,0.454
Saint Kitts and Nevis,2007,-0.23539132696606488,-0.35548485313969996,-0.1965811349255777,0.769
Saint Lucia,2007,-0.21169016173953606,-0.46347502008153896,-0.3058876819559188,0.721
Saint Vincent and the Grenadines,2007,-0.1724687173646651,-0.37213068520349624,-0.3318610120939094,0.747
Samoa,2007,-0.221222321136316,-0.34290474403066035,-0.5056673034023977,0.7
San Marino,2007,-0.04962666778720205,-0.2847072955801004,0.0,0.895
Sao Tome and Principe,2007,-0.3738769996105154,-0.8032543070786345,-0.6555407889665993,0.543
Saudi Arabia,2007,-0.16621807058397753,-0.46597781178766745,-0.08873692300764079,0.786
Senegal,2007,-0.42387194074831835,-1.3385487614079516,-0.6894197640283497,0.442
Serbia,2007,-0.19240918938026658,-0.35632120071959245,-0.30119278753241147,0.753
Seychelles,2007,-0.2209920213617595,-0.3545087713886397,-0.20585753426080172,0.771
Sierra Leone,2007,-0.7610966405460984,-1.127239544822804,-0.9215865149900356,0.392
Singapore,2007,-0.06420216745440371,-0.22825950747422355,-0.0037238910661370195,0.906
Slovakia,2007,-0.17627831555436202,-0.21763841533717265,-0.1928931890448744,0.822
Slovenia,2007,-0.10375496763328806,-0.14834684075040655,-0.12678450351102244,0.881
Solomon Islands,2007,-0.30347796819740747,-0.8441057426500616,-0.7883579695160908,0.524
South Africa,2007,-0.6192678059612251,-0.3919704805861019,-0.30852496091103687,0.644
Spain,2007,-0.06384132833552832,-0.29296667961600775,-0.10595487133168767,0.857
Sri Lanka,2007,-0.22220168731508697,-0.35921642664469505,-0.41372189629879863,0.718
Sudan,2007,-0.4545907131469793,-1.2591214713155898,-0.5413058362713102,0.472
Suriname,2007,-0.29894526473049177,-0.5604363751833984,-0.28093855947720214,0.684
Sweden,2007,-0.06400532997591243,-0.15944802498026794,-0.0631466017835363,0.909
Switzerland,2007,-0.05211954657106675,-0.17714162609604311,-0.020778196752512825,0.92
Syrian Arab Republic,2007,-0.19080668465839135,-0.6120060813649394,-0.45603316521738185,0.657
Tajikistan,2007,-0.31963327265806357,-0.4045877810720999,-0.7117794025039208,0.62
Tanzania (United Republic of),2007,-0.549513145757613,-0.9238337909596331,-0.8323447012811982,0.464
Thailand,2007,-0.16365985159515076,-0.46193409603913227,-0.30948111857860905,0.732
Timor-Leste,2007,-0.3965129904601954,-0.6944085687979172,-0.4351580610697927,0.601
Togo,2007,-0.5767736848469529,-0.9504581863988657,-0.9015876972687618,0.445
Tonga,2007,-0.2614047249727911,-0.296055010835437,-0.5207277411932676,0.698
Trinidad and Tobago,2007,-0.22985835291123188,-0.3896321870984769,-0.17145224033479345,0.768
Tunisia,2007,-0.16574584986650814,-0.5271469622394006,-0.37717679100580404,0.7
Turkmenistan,2007,-0.3264762099347354,-0.47775576063285824,-0.38730975080523006,0.672
Tuvalu,2007,-0.391767048679667,-0.4744001083589739,-0.575939665417232,0.618
Türkiye,2007,-0.1818355210822957,-0.5841322518110289,-0.22620832320890963,0.718
Uganda,2007,-0.6123189826480879,-0.7734125840690994,-0.8611767637751749,0.473
Ukraine,2007,-0.28735392117109715,-0.23058246012661576,-0.31120917148624166,0.759
United Arab Emirates,2007,-0.1290754012508477,-0.44913261058226767,0.0,0.825
United Kingdom,2007,-0.08770532400888204,-0.15157736168007843,-0.08531199908216112,0.897
United States,2007,-0.11222160603777169,-0.12516481935541127,-0.043514551371946805,0.911
Uruguay,2007,-0.1401820305998624,-0.3803710403230962,-0.2655243107408059,0.769
Uzbekistan,2007,-0.2971213544254961,-0.38689035370220354,-0.5854993812231153,0.655
Vanuatu,2007,-0.27152610625987744,-0.7379149812574866,-0.6908658747850427,0.567
Venezuela (Bolivarian Republic of),2007,-0.20300161507398387,-0.44336852142331673,-0.2276457181928855,0.747
Viet Nam,2007,-0.19590259376807137,-0.5436338510398238,-0.5077310003943444,0.66
Yemen,2007,-0.33353808392201595,-1.227939516524462,-0.6097017905750148,0.485
Zambia,2007,-0.6858202420965748,-0.6810709129607374,-0.7446354012983798,0.495
Zimbabwe,2007,-0.9314043696842031,-0.6175539473273467,-1.0341118817052932,0.423
Afghanistan,2008,-0.4892146777130274,-1.211208742511349,-0.8213369075809643,0.431
Albania,2008,-0.11994498637318884,-0.39274582345723497,-0.3637445348801613,0.747
Algeria,2008,-0.2052091839664313,-0.47900351876206676,-0.347463073669842,0.709
Andorra,2008,-0.036057720692146675,-0.3868306302348891,-0.03985467572099721,0.857
Angola,2008,-0.6295802851439581,-1.0391471966348114,-0.46153305948906964,0.492
Antigua and Barbuda,2008,-0.14174082214375242,-0.2630047996719273,-0.2040308951771122,0.816
Argentina,2008,-0.15546693032037742,-0.22073531337895044,-0.20115581128395713,0.825
Armenia,2008,-0.21551884723598635,-0.36960739559105277,-0.34550340028146087,0.733
Australia,2008,-0.05601698407086855,-0.1076731989605922,-0.0879166685167137,0.92
Austria,2008,-0.07399436913933295,-0.19497226401773657,-0.05204503694986811,0.899
Azerbaijan,2008,-0.28643157260144997,-0.3497830488908056,-0.3359900037524667,0.723
Bahamas,2008,-0.21039819644288468,-0.33937422664623407,-0.11733828039915263,0.801
Bahrain,2008,-0.11249703122714604,-0.4647882269617215,-0.08124120825277657,0.803
Bangladesh,2008,-0.323155150104989,-0.9189822341495221,-0.6326389262315888,0.535
Barbados,2008,-0.15895966035818115,-0.2797764337111773,-0.25960269076796855,0.792
Belarus,2008,-0.24409221968004227,-0.22504889254675242,-0.26885423662504215,0.782
Belgium,2008,-0.0871176763454999,-0.13612944922412643,-0.06453696110188126,0.909
Belize,2008,-0.23960522734697617,-0.3956783930980842,-0.39815384652550984,0.709
Benin,2008,-0.5402544344568028,-1.0215458574375644,-0.7007511304575604,0.47
Bolivia (Plurinational State of),2008,-0.3578624619460311,-0.4500461873021535,-0.479114913613799,0.651
Bosnia and Herzegovina,2008,-0.1341821537741848,-0.5324521026498955,-0.3446078047936608,0.714
Botswana,2008,-0.5602044226853309,-0.48836994439889553,-0.3025558370387533,0.637
Brazil,2008,-0.20948722486672405,-0.5031796524750966,-0.29641407945331677,0.714
Brunei Darussalam,2008,-0.16996741520152342,-0.4086639531285011,-0.013841181599778363,0.821
Bulgaria,2008,-0.1972321695297089,-0.29186810575080546,-0.24916852197145253,0.782
Burkina Faso,2008,-0.6093152115097734,-1.6476914330777774,-0.8762356158685103,0.352
Burundi,2008,-0.59895650828928,-1.0777752370797997,-1.1518561272966275,0.39
Cabo Verde,2008,-0.21342173095447614,-0.6531315309096859,-0.4588732495986793,0.643
Cambodia,2008,-0.3355803267987502,-0.8176788206827331,-0.717640812703601,0.536
Cameroon,2008,-0.6004978804153702,-0.9160778599774295,-0.6417449711462165,0.487
Canada,2008,-0.06780127402897107,-0.1387628696034941,-0.07973117045079212,0.909
Central African Republic,2008,-0.8416114943521411,-1.3350032299824575,-1.0176787014526063,0.345
Chad,2008,-0.806264195962911,-1.456380555709644,-0.9444363437476399,0.343
Chile,2008,-0.1056340573404456,-0.288252871622933,-0.23113602017817392,0.812
China,2008,-0.1693840696986168,-0.5679961699932619,-0.42873967886465336,0.678
Colombia,2008,-0.17995512822677334,-0.457693917620229,-0.3402567344233239,0.722
Comoros,2008,-0.47370277033193814,-0.8727908671177078,-0.6723013620935087,0.51
Congo,2008,-0.4749141275708309,-0.6553686249999623,-0.6042077906107168,0.561
Congo (Democratic Republic of the),2008,-0.6094000999522629,-0.8841340797705839,-1.178683982988811,0.41
Costa Rica,2008,-0.10630112883590358,-0.4437181048620374,-0.2645861007327192,0.762
Croatia,2008,-0.14529259288165366,-0.2719025485630852,-0.17543730178891667,0.821
Cuba,2008,-0.12383786767320785,-0.1597195375979139,-0.4474509033783928,0.784
Cyprus,2008,-0.09717191175227367,-0.28003729929890303,-0.10078343771176403,0.853
Czechia,2008,-0.1282880203015309,-0.17203846487624758,-0.1351440060091659,0.865
Côte d'Ivoire,2008,-0.6582850647327346,-0.9440160730923589,-0.7219994485812026,0.461
Denmark,2008,-0.10172610250469544,-0.11229462526031309,-0.052185218642374236,0.915
Djibouti,2008,-0.5015101732592065,-1.4916143208346881,-0.7467611166786409,0.401
Dominica,2008,-0.19835713449319858,-0.390211628869468,-0.3103284896700363,0.741
Dominican Republic,2008,-0.229742197650236,-0.5185574160931548,-0.3333747236491737,0.697
Ecuador,2008,-0.16736322335069762,-0.42395945586035644,-0.362187200730817,0.728
Egypt,2008,-0.27607786755525204,-0.6235156874825851,-0.36617320505831835,0.656
El Salvador,2008,-0.23428228034053486,-0.618125274442557,-0.43334191609289097,0.651
Equatorial Guinea,2008,-0.5614713545887396,-0.7445186412889545,-0.19522763913393118,0.606
Eritrea,2008,-0.423167020375127,-0.996412878022288,-0.9770863303957363,0.45
Estonia,2008,-0.17780255212445337,-0.1115357702690569,-0.1601951518747638,0.861
Eswatini (Kingdom of),2008,-0.9890682285562793,-0.8122841486192882,-0.4460816838733158,0.473
Ethiopia,2008,-0.5475960080951227,-1.2430607059360979,-1.0272718967600616,0.391
Fiji,2008,-0.325623604106682,-0.4064750398842885,-0.3699143663911768,0.693
Finland,2008,-0.08513900509828565,-0.12102725645440225,-0.06679219568219297,0.913
France,2008,-0.06271044948945731,-0.2483526055257958,-0.08429045264186905,0.877
Gabon,2008,-0.4112587821490458,-0.556345067300636,-0.3395990122738507,0.647
Gambia,2008,-0.4834599141644005,-1.1773227401585955,-0.790648380338859,0.442
Georgia,2008,-0.2360729305134226,-0.24559515163932766,-0.3788780557531115,0.751
Germany,2008,-0.08294692082092636,-0.0796412472417827,-0.06949888485609222,0.926
Ghana,2008,-0.47333223985156736,-0.6486929716336497,-0.6279070262052306,0.558
Greece,2008,-0.0792263742976459,-0.22042626357007628,-0.11607344047906884,0.871
Grenada,2008,-0.17332827172953233,-0.2575485800724046,-0.31217693315640277,0.781
Guatemala,2008,-0.2552694919916244,-0.8478729546851964,-0.43525992168015537,0.599
Guinea,2008,-0.5896468555228462,-1.2818426092828499,-0.8176992914697552,0.408
Guinea-Bissau,2008,-0.6292049910388878,-1.064885117954238,-0.8646419169616194,0.426
Guyana,2008,-0.3395045216618579,-0.6177513124955482,-0.4008218849744973,0.636
Haiti,2008,-0.45275025154352855,-0.8480176322348965,-0.6631294295088279,0.52
Honduras,2008,-0.2535829334601521,-0.7957198546765464,-0.5368304702539306,0.589
"Hong Kong, China (SAR)",2008,-0.04141511910181711,-0.1924629742363354,-0.05536965730571572,0.908
Hungary,2008,-0.18618130373520378,-0.20499482902348828,-0.18808813741411648,0.824
Iceland,2008,-0.05717289358278856,-0.07823274328664528,-0.09296176546326722,0.927
India,2008,-0.34251197765391334,-0.8050704190368658,-0.607668710157863,0.557
Indonesia,2008,-0.2984889751861237,-0.5651462120250043,-0.4333017083009637,0.649
Iran (Islamic Republic of),2008,-0.2112149804489361,-0.391490614771884,-0.28417306126019576,0.744
Iraq,2008,-0.3690145003458965,-0.6976324783748006,-0.4076039422961517,0.612
Ireland,2008,-0.0840005295278805,-0.15057094195412749,-0.06545014913180369,0.905
Israel,2008,-0.06261217261065184,-0.19991034073471559,-0.13242142537576676,0.877
Italy,2008,-0.0529627032697942,-0.25372602913980813,-0.08317539367079059,0.878
Jamaica,2008,-0.23063306630603772,-0.42594328822877825,-0.3638107986830125,0.712
Japan,2008,-0.037015147203018454,-0.17674377842901992,-0.1005414145019274,0.901
Jordan,2008,-0.19300612636517955,-0.4405000613235371,-0.327714940503769,0.726
Kazakhstan,2008,-0.33060027958535365,-0.24820753275449886,-0.25641979110754426,0.757
Kenya,2008,-0.4952046787605649,-0.7035426428987682,-0.6182491671521579,0.546
Kiribati,2008,-0.3714204897439329,-0.5380907544542415,-0.7095357327730347,0.583
Korea (Republic of),2008,-0.07930964309770745,-0.1873051949816116,-0.13620794188209953,0.874
Kuwait,2008,-0.12879537254607595,-0.5182856203836238,0.0,0.806
Kyrgyzstan,2008,-0.3189557802010105,-0.3567603901288367,-0.5862471453816359,0.657
Lao People's Democratic Republic,2008,-0.4224625965646514,-0.8524890786284118,-0.5811029528799615,0.539
Latvia,2008,-0.2224514831563245,-0.14490850333241148,-0.18450324506699692,0.832
Lebanon,2008,-0.12114251855896213,-0.5550816546239973,-0.2568755230388133,0.733
Lesotho,2008,-1.0145822746044881,-0.6982924732827192,-0.6599583353706133,0.453
Liberia,2008,-0.5166889332652757,-0.8907577741664352,-0.9704631462777287,0.453
Libya,2008,-0.2179838087867591,-0.42139459259001244,-0.1316432690754165,0.773
Liechtenstein,2008,-0.033079608396518106,-0.22240205087695386,0.0,0.918
Lithuania,2008,-0.21515630370294017,-0.12227213535393507,-0.1747055329228705,0.843
Luxembourg,2008,-0.07220682190576162,-0.25132351539362235,0.0,0.898
Madagascar,2008,-0.43334240180102135,-0.8785285047782148,-0.8603833773012352,0.485
Malawi,2008,-0.6304179875775093,-0.8439151735843268,-0.9762463252582902,0.442
Malaysia,2008,-0.18078427747506814,-0.43714886212306925,-0.23088830109392378,0.754
Maldives,2008,-0.1393858592571269,-0.7349228769546652,-0.27299838617402594,0.682
Mali,2008,-0.6107592959706589,-1.4024642132905443,-0.8113521692952843,0.39
Malta,2008,-0.07847726694883089,-0.29116671685310386,-0.14032742564326545,0.844
Mauritania,2008,-0.42726249284151363,-1.1526933881476504,-0.5314561718572509,0.495
Mauritius,2008,-0.19773824715782176,-0.448732445547306,-0.2612127274077294,0.739
Mexico,2008,-0.18259236268933057,-0.45978672487034067,-0.23941910093831842,0.745
Micronesia (Federated States of),2008,-0.23987896424841942,-0.49457492945652926,-0.598265515387445,0.641
Moldova (Republic of),2008,-0.27455831056819696,-0.33609042359886054,-0.3836864987897883,0.718
Mongolia,2008,-0.3374758169626196,-0.3425087855493922,-0.43407543151196804,0.69
Montenegro,2008,-0.1615239495414195,-0.2726210191435327,-0.2469696410659504,0.797
Morocco,2008,-0.2614047249727911,-0.8599471311542732,-0.4622824131327798,0.59
Mozambique,2008,-0.6729223196416648,-1.0528767388165112,-1.0900267747491146,0.391
Myanmar,2008,-0.5769106392550446,-1.0039870853308523,-0.7398618582887787,0.461
Namibia,2008,-0.6290029679209842,-0.6385771163048175,-0.3964295295980213,0.574
Nauru,2008,-0.5151168692858188,-0.7849120470887322,-0.5072140975186918,0.547
Nepal,2008,-0.3366353268427769,-0.9178005505770108,-0.7215494996700906,0.518
Netherlands,2008,-0.0737790321775681,-0.14653962261054798,-0.0593188900748431,0.911
New Zealand,2008,-0.0752044310332873,-0.05658692234879427,-0.12113489187747177,0.919
Nicaragua,2008,-0.25071241172704356,-0.721971032954416,-0.5487821810076414,0.602
Niger,2008,-0.5768558552410061,-1.8257589394217357,-1.0344303106669637,0.318
Nigeria,2008,-0.7657178733947807,-0.84812654398211,-0.5736855012090459,0.482
North Macedonia,2008,-0.17558124688321897,-0.4360989694522177,-0.3066601958984956,0.736
Norway,2008,-0.0688060757475488,-0.10668014085682723,-0.024931059674670023,0.935
Oman,2008,-0.174133631073132,-0.5056701362886448,-0.10440230609173885,0.77
Pakistan,2008,-0.38937978868748035,-1.1707823356790128,-0.58684110522934,0.489
Palau,2008,-0.34125596813369025,-0.15976818893566722,-0.24386186478881042,0.78
"Palestine, State of",2008,-0.21523261773522,-0.4458503141281568,-0.5066887798649536,0.678
Panama,2008,-0.14502577205025788,-0.41837018389741637,-0.22335797349834596,0.769
Papua New Guinea,2008,-0.42321399961031375,-1.0676930867369039,-0.6862166311530391,0.484
Paraguay,2008,-0.2350604299401458,-0.5075092956253088,-0.3649783944796493,0.691
Peru,2008,-0.1970073283228634,-0.44626904924971605,-0.3949673184623756,0.707
Philippines,2008,-0.2511474092623261,-0.49199443203131815,-0.4754273459115602,0.666
Poland,2008,-0.15649187983694257,-0.18289705502796727,-0.2059027112587974,0.834
Portugal,2008,-0.08738627242896917,-0.3485145075321186,-0.1417871767057707,0.825
Qatar,2008,-0.12387269389038759,-0.4165691330890468,0.0,0.835
Romania,2008,-0.1926889592247674,-0.2431837250723164,-0.2076730451869386,0.807
Russian Federation,2008,-0.2929471909452848,-0.21415903867978706,-0.1879759240021785,0.793
Rwanda,2008,-0.4575522397683693,-0.9074253864896138,-0.9342164613256171,0.465
Saint Kitts and Nevis,2008,-0.23525506198887328,-0.3413671364201279,-0.18585558877528613,0.776
Saint Lucia,2008,-0.20980976573260193,-0.43632034682075793,-0.2976744334926611,0.73
Saint Vincent and the Grenadines,2008,-0.16609091229899,-0.3574215153633625,-0.33019643318362607,0.752
Samoa,2008,-0.22016721576770273,-0.33772396342666344,-0.505705833091017,0.702
San Marino,2008,-0.04393581178025339,-0.2796599377243536,0.0,0.898
Sao Tome and Principe,2008,-0.3659707637562613,-0.8128302531062298,-0.6486148091718501,0.544
Saudi Arabia,2008,-0.16208463467715273,-0.4451791995658406,-0.08440285121958849,0.794
Senegal,2008,-0.4075750247252781,-1.2778829231821176,-0.6856838835017972,0.454
Serbia,2008,-0.18653349147344286,-0.33117188849476514,-0.28838012214150166,0.764
Seychelles,2008,-0.2155379321159905,-0.34976741309870046,-0.2176534941923121,0.77
Sierra Leone,2008,-0.7235746676912863,-1.102973289256411,-0.8987256833265018,0.403
Singapore,2008,-0.06073039664116354,-0.21496078277944072,-0.008158182231263262,0.91
Slovakia,2008,-0.1695298741750725,-0.20461008643058837,-0.18103785645882764,0.831
Slovenia,2008,-0.09456430419255678,-0.13837089251711998,-0.12168292004617165,0.889
Solomon Islands,2008,-0.29480481495983113,-0.8083032906086758,-0.7841031904137323,0.533
South Africa,2008,-0.5902574069807713,-0.3842378641812281,-0.3040539448915666,0.653
Spain,2008,-0.05877057239799668,-0.2914421659811843,-0.10769368878701892,0.858
Sri Lanka,2008,-0.22836871720953286,-0.3560911193181322,-0.4055270941567447,0.719
Sudan,2008,-0.45580339307536977,-1.2021069463073404,-0.5425015008471865,0.48
Suriname,2008,-0.28632914192132325,-0.5586382396886613,-0.2744653111667279,0.689
Sweden,2008,-0.06127002235025279,-0.17296844199457376,-0.0644238416589849,0.905
Switzerland,2008,-0.047801422366518284,-0.15427852761054894,-0.029585683617711064,0.926
Syrian Arab Republic,2008,-0.19375279903991757,-0.6368024500050397,-0.4552742416498935,0.651
Tajikistan,2008,-0.3097074759780117,-0.3926266796321061,-0.6936282175342036,0.628
Tanzania (United Republic of),2008,-0.5345405093590122,-0.8932834937433234,-0.8220737903423171,0.472
Thailand,2008,-0.15814840367715788,-0.4580562496157579,-0.30801903828490984,0.735
Timor-Leste,2008,-0.38274817948018675,-0.6629201182881849,-0.35254561212108565,0.627
Togo,2008,-0.571746763898611,-0.9161399144143465,-0.8955376019768169,0.452
Tonga,2008,-0.25908963193383383,-0.2833916481656918,-0.5093967580145202,0.704
Trinidad and Tobago,2008,-0.23338815623097392,-0.3742315805233229,-0.17079728061814234,0.771
Tunisia,2008,-0.16369609267078963,-0.5130275814259592,-0.3706685770029383,0.705
Turkmenistan,2008,-0.3156173727732299,-0.4651017284609074,-0.36602832090244763,0.682
Tuvalu,2008,-0.3913801530570026,-0.46458783440015455,-0.558548356749897,0.624
Türkiye,2008,-0.17710442051666758,-0.5770613634063854,-0.2273284914406508,0.721
Uganda,2008,-0.5957971246762798,-0.7570195420725992,-0.841544073672404,0.481
Ukraine,2008,-0.2801820628404655,-0.22443716649308837,-0.3072726070090992,0.763
United Arab Emirates,2008,-0.12281103952447418,-0.43579590931841117,-0.0106214801013526,0.827
United Kingdom,2008,-0.08564168607401793,-0.13596771271024388,-0.08750744146094479,0.902
United States,2008,-0.11057064604249489,-0.12188991133743636,-0.04432817187001944,0.912
Uruguay,2008,-0.13797200680450816,-0.3813844843545216,-0.25378511829867484,0.773
Uzbekistan,2008,-0.2873744274716587,-0.3883141815367261,-0.5730360603107899,0.66
Vanuatu,2008,-0.2703561143970435,-0.7238529780789253,-0.6682728985127738,0.575
Venezuela (Bolivarian Republic of),2008,-0.21479389156007414,-0.412515191143859,-0.22078471965853605,0.754
Viet Nam,2008,-0.19637055263366837,-0.5291042791585895,-0.4969483142033353,0.665
Yemen,2008,-0.325027212259573,-1.2195189579172743,-0.6099070487761332,0.488
Zambia,2008,-0.6496457021420267,-0.6749552233350137,-0.7212944861767779,0.506
Zimbabwe,2008,-0.8888626520805069,-0.6075880001271334,-1.1049666279730292,0.42
Afghanistan,2009,-0.47644897129335484,-1.1794412247910253,-0.800774172057533,0.441
Albania,2009,-0.1177272679806598,-0.3766230729416767,-0.35963329180399123,0.752
Algeria,2009,-0.1924651370878238,-0.46099561569503866,-0.3481784020067408,0.716
Andorra,2009,-0.03519681988170139,-0.37674764925984144,-0.04380673024559862,0.859
Angola,2009,-0.5977810582644866,-1.0024882390244976,-0.4435085036205807,0.506
Antigua and Barbuda,2009,-0.13715994589062444,-0.2636729694261538,-0.2302001281378721,0.81
Argentina,2009,-0.15017908986256676,-0.20382164834375177,-0.2155282942939206,0.827
Armenia,2009,-0.2076298973674392,-0.3450161798425846,-0.3815254773929112,0.732
Australia,2009,-0.0510342186388297,-0.1058391627836801,-0.08812984101619016,0.922
Austria,2009,-0.07659864527098144,-0.1864596501712363,-0.05999894267262506,0.898
Azerbaijan,2009,-0.2753279308593498,-0.35976656012636316,-0.31354027847510796,0.729
Bahamas,2009,-0.21207046941302415,-0.33484627156357716,-0.12833567049542502,0.798
Bahrain,2009,-0.10602740464553005,-0.4557553143358482,-0.09772051098582468,0.803
Bangladesh,2009,-0.3157017520581653,-0.8758025358184091,-0.620650022276151,0.547
Barbados,2009,-0.1548021740548249,-0.2681201853294487,-0.2688581293444531,0.794
Belarus,2009,-0.24072019640961967,-0.21806577147565542,-0.2694112482100181,0.784
Belgium,2009,-0.08259596446125372,-0.13099101829997442,-0.06996722988505186,0.91
Belize,2009,-0.22663039251637998,-0.38534556066066433,-0.3949889470876161,0.715
Benin,2009,-0.5379596757841248,-0.9910863690905216,-0.703404790147682,0.475
Bolivia (Plurinational State of),2009,-0.34835797763446724,-0.43681518895221394,-0.47663255676226574,0.657
Bosnia and Herzegovina,2009,-0.13175714336021524,-0.5230220369286253,-0.34718570080307476,0.716
Botswana,2009,-0.5294858269540883,-0.4830329779776109,-0.33159313280628483,0.639
Brazil,2009,-0.20507697004411293,-0.49561637034587175,-0.2981255839152645,0.717
Brunei Darussalam,2009,-0.16985801199590034,-0.39479184762500247,-0.0188523938354077,0.823
Bulgaria,2009,-0.1908811628456268,-0.28753584610633703,-0.251368745676554,0.784
Burkina Faso,2009,-0.5920078693551929,-1.5807025638354157,-0.879238468993677,0.362
Burundi,2009,-0.5801482199358217,-1.0276814308370599,-1.1616112722700302,0.397
Cabo Verde,2009,-0.20243635588760328,-0.64811347465147,-0.46488822021435827,0.645
Cambodia,2009,-0.3148372017286077,-0.8215996891501883,-0.7231022064948619,0.538
Cameroon,2009,-0.5880390044293675,-0.8386448617324224,-0.639605963072997,0.502
Canada,2009,-0.06230102619737934,-0.13454407664451065,-0.08682584916827146,0.91
Central African Republic,2009,-0.8193036371995055,-1.3172910477674555,-1.011453196801838,0.35
Chad,2009,-0.8003555563062512,-1.3989377055683718,-0.8904239599719707,0.357
Chile,2009,-0.10124932009574514,-0.292982758222922,-0.23327510119037226,0.811
China,2009,-0.16083708667008023,-0.5471941090400999,-0.41100370215626697,0.689
Colombia,2009,-0.17175603059686845,-0.4421304086804837,-0.33919788500882697,0.728
Comoros,2009,-0.4649456730688232,-0.8441206490728045,-0.6687708495035518,0.517
Congo,2009,-0.45867116182814116,-0.6433261254861563,-0.5639454740475889,0.574
Congo (Democratic Republic of the),2009,-0.5954342951603051,-0.8705307758049284,-1.1684555943174522,0.416
Costa Rica,2009,-0.102424658566667,-0.4283740090708939,-0.27165378068910406,0.765
Croatia,2009,-0.14205996542406266,-0.26807560695034993,-0.18962721128309418,0.819
Cuba,2009,-0.12176788772085048,-0.1619410126023494,-0.4463865899754215,0.784
Cyprus,2009,-0.09007620865191023,-0.26778401434252697,-0.10639832151404122,0.857
Czechia,2009,-0.126784970225668,-0.15753895267570642,-0.14607563702263668,0.866
Côte d'Ivoire,2009,-0.6365051393336293,-0.9453174508977792,-0.7134807508008738,0.465
Denmark,2009,-0.09757890526295367,-0.1278300145079438,-0.06126616223548425,0.909
Djibouti,2009,-0.49371641433158964,-1.4630116763116001,-0.7125301094989562,0.411
Dominica,2009,-0.21987965286133576,-0.38779268910853554,-0.31018858111023934,0.736
Dominican Republic,2009,-0.22562740275151785,-0.5075183622708846,-0.334222285073688,0.701
Ecuador,2009,-0.16371421370115208,-0.41569253925490623,-0.36367681209586056,0.73
Egypt,2009,-0.2728187223713499,-0.6056946770475949,-0.3621321088765771,0.661
El Salvador,2009,-0.2313308218873182,-0.6155470502897273,-0.4415997301114079,0.651
Equatorial Guinea,2009,-0.5518880317986432,-0.7200397424852866,-0.194735145542593,0.613
Eritrea,2009,-0.40558819260582724,-1.0141021545438822,-0.9419603205340819,0.455
Estonia,2009,-0.16356925465182964,-0.10834780718577089,-0.18444635308178917,0.859
Eswatini (Kingdom of),2009,-0.9700567164694721,-0.7799193243499373,-0.44824162624521163,0.481
Ethiopia,2009,-0.5158639357966,-1.236203163758006,-1.00472060474439,0.399
Fiji,2009,-0.32234784179685505,-0.3959557080480521,-0.36952889925811444,0.696
Finland,2009,-0.08286334861030906,-0.1262509009186206,-0.07952414912233273,0.908
France,2009,-0.06059962212892971,-0.25021530996137886,-0.08972075481842622,0.875
Gabon,2009,-0.4061653532225579,-0.5465917843924865,-0.3296645265695224,0.652
Gambia,2009,-0.4748893913210924,-1.1664269280788782,-0.7805900493519572,0.446
Georgia,2009,-0.2241055523504006,-0.22792399995899848,-0.38513674462730063,0.756
Germany,2009,-0.08129348957518914,-0.07490828482276317,-0.07650324705833654,0.925
Ghana,2009,-0.46213314446525017,-0.6381190198977466,-0.6215138523872862,0.563
Greece,2009,-0.07507175004793615,-0.21086733399267588,-0.12271719748679663,0.873
Grenada,2009,-0.16639975333006696,-0.2545127703999979,-0.3346953931360921,0.777
Guatemala,2009,-0.24962574501930332,-0.8155292874251022,-0.43939670099634265,0.606
Guinea,2009,-0.5812480880625365,-1.2628635033922095,-0.833703287067932,0.41
Guinea-Bissau,2009,-0.6037003102549054,-1.0428444713891643,-0.8604908450039094,0.434
Guyana,2009,-0.33358103555847984,-0.6098999145316101,-0.39213979257731835,0.641
Haiti,2009,-0.44290341069935507,-0.8332274211265991,-0.6509618114406226,0.526
Honduras,2009,-0.2443082596679202,-0.7800685523153192,-0.5466672323685723,0.592
"Hong Kong, China (SAR)",2009,-0.03779772607979049,-0.18026441170191954,-0.06479415463173992,0.91
Hungary,2009,-0.18209389040422166,-0.1965483963184145,-0.195910353786895,0.826
Iceland,2009,-0.05443994029403185,-0.07550263744397132,-0.10267945165465182,0.925
India,2009,-0.33465542648223345,-0.8014945004280494,-0.590698406296805,0.562
Indonesia,2009,-0.2929471909452848,-0.5295433351430028,-0.4256217571695296,0.66
Iran (Islamic Republic of),2009,-0.20980976573260193,-0.3753348711568286,-0.28576361301968395,0.748
Iraq,2009,-0.33609692244500583,-0.6796747049618476,-0.4094206128703084,0.622
Ireland,2009,-0.07927633474563492,-0.15499101846103341,-0.08112884346230434,0.9
Israel,2009,-0.05411508566362092,-0.1888887254522953,-0.13585242521583632,0.881
Italy,2009,-0.051082790229316055,-0.2527397834313822,-0.09147397595084997,0.877
Jamaica,2009,-0.2207617746129777,-0.42092172002321565,-0.37754611594507187,0.712
Japan,2009,-0.03166532710023023,-0.17393958018209751,-0.1105800032636581,0.9
Jordan,2009,-0.18909521554004635,-0.44243951496426726,-0.32265699332523684,0.728
Kazakhstan,2009,-0.31832104761368785,-0.26039623107735643,-0.2452917653408596,0.76
Kenya,2009,-0.4764241970486583,-0.6825294311599619,-0.6565554919855334,0.546
Kiribati,2009,-0.3701276647416278,-0.5305432917046521,-0.7330894677697143,0.58
Korea (Republic of),2009,-0.07048849486872494,-0.18996036917359224,-0.13603999860106064,0.876
Kuwait,2009,-0.12361152682032957,-0.5063767541229875,-0.008862096350901651,0.808
Kyrgyzstan,2009,-0.3076964144656321,-0.3542156442269899,-0.5811624661798337,0.661
Lao People's Democratic Republic,2009,-0.4068583859614399,-0.8289157735218048,-0.5606541031571358,0.549
Latvia,2009,-0.20874767103047726,-0.15323938436831125,-0.1949381077989949,0.831
Lebanon,2009,-0.11585988609453511,-0.5381381078097117,-0.24443570343499552,0.741
Lesotho,2009,-0.9949177754065291,-0.6803290378043294,-0.6772221560219376,0.457
Liberia,2009,-0.5058635960387746,-0.8852520664326406,-0.9624719169275312,0.456
Libya,2009,-0.21632072596616436,-0.41711235976739697,-0.14286229539269435,0.772
Liechtenstein,2009,-0.052427540640563,-0.21925003008156466,0.0,0.913
Lithuania,2009,-0.20076129785702235,-0.11856527096016042,-0.19204603079816826,0.843
Luxembourg,2009,-0.06987787837465971,-0.2170824190194904,-0.0015723017129849238,0.908
Madagascar,2009,-0.4193924135748406,-0.8427253863461911,-0.8876242566611986,0.488
Malawi,2009,-0.6063204359984486,-0.821823196919545,-0.9560276213814684,0.452
Malaysia,2009,-0.18120833050648782,-0.40423587036387715,-0.2351290456748395,0.761
Maldives,2009,-0.13012620784152307,-0.7156193001395478,-0.29167420107204756,0.684
Mali,2009,-0.5943744707688148,-1.3569513079757518,-0.8121945087990259,0.398
Malta,2009,-0.06883903716621118,-0.2723597143020051,-0.1500969255147673,0.849
Mauritania,2009,-0.41784916730788607,-1.0974881927007811,-0.5343129610881854,0.505
Mauritius,2009,-0.19222271962512058,-0.42809974663724365,-0.2591447753085337,0.746
Mexico,2009,-0.183201944221262,-0.44630426572709353,-0.2528364647714006,0.745
Micronesia (Federated States of),2009,-0.2403679665955951,-0.4957375548103227,-0.5931700932999828,0.642
Moldova (Republic of),2009,-0.2709409392183504,-0.3370194638671785,-0.40502014266885056,0.713
Mongolia,2009,-0.32923082672443554,-0.3232594576366505,-0.4428617527869603,0.694
Montenegro,2009,-0.16217509721215545,-0.25479926570820105,-0.26141422053676144,0.798
Morocco,2009,-0.25324596282296324,-0.8419359718714883,-0.45949000725659767,0.596
Mozambique,2009,-0.654281560030387,-1.034609361873085,-1.0612474619254848,0.4
Myanmar,2009,-0.40958898422401613,-0.9759789157681151,-0.7111367942613774,0.497
Namibia,2009,-0.6049672558190287,-0.6337899047134042,-0.39955182449231436,0.579
Nauru,2009,-0.5076767405527628,-0.753435569040394,-0.5619580571785898,0.545
Nepal,2009,-0.3293377477206136,-0.8649365005405203,-0.7088877078290117,0.53
Netherlands,2009,-0.0691027676352021,-0.14399962094565807,-0.06437774788520832,0.912
New Zealand,2009,-0.0701913916231623,-0.05609109280621181,-0.11758350114887435,0.922
Nicaragua,2009,-0.23410728009703236,-0.7185875544596885,-0.5628750777768231,0.603
Niger,2009,-0.5528235230665679,-1.7785111148513464,-1.0417368747349833,0.325
Nigeria,2009,-0.7497338121971404,-0.8554936756312728,-0.5614233129862788,0.486
North Macedonia,2009,-0.1721762716021305,-0.425432717587156,-0.30678885906614606,0.74
Norway,2009,-0.06569611396661479,-0.10661010298054825,-0.028295296855829127,0.935
Oman,2009,-0.17287096998473112,-0.4593462851422238,-0.09858817932994711,0.784
Pakistan,2009,-0.3870208690670467,-1.147520195618951,-0.5862094642014067,0.493
Palau,2009,-0.347530072839798,-0.151807111583544,-0.25590694743977854,0.777
"Palestine, State of",2009,-0.21151907046192234,-0.43293632283843436,-0.4982381392596679,0.683
Panama,2009,-0.14292926072872697,-0.41244660118200616,-0.22337251960187873,0.771
Papua New Guinea,2009,-0.41812958045175286,-1.0444107130132623,-0.681549597393323,0.489
Paraguay,2009,-0.2301875327722697,-0.5090367806262704,-0.3689132126626597,0.691
Peru,2009,-0.19534133203699944,-0.43624552674609907,-0.39259137012923984,0.711
Philippines,2009,-0.24978373226216222,-0.4972497717625876,-0.4712734700350547,0.666
Poland,2009,-0.1529539602843844,-0.1747242232240202,-0.20281397853386707,0.838
Portugal,2009,-0.0838666763980272,-0.339951983113758,-0.14759002870160018,0.827
Qatar,2009,-0.1160499229795386,-0.43084137739102624,0.0,0.833
Romania,2009,-0.18486633044710737,-0.19986972528121807,-0.21478168440199383,0.819
Russian Federation,2009,-0.27824977369771453,-0.22324938656734036,-0.20319548641247007,0.791
Rwanda,2009,-0.4377181519458523,-0.8636149077270057,-0.9209468097489408,0.477
Saint Kitts and Nevis,2009,-0.23488529347920586,-0.308697220912061,-0.19281112309343484,0.782
Saint Lucia,2009,-0.20935444415387613,-0.42677253681728494,-0.2974227462296266,0.733
Saint Vincent and the Grenadines,2009,-0.16554613128747753,-0.34285187939156386,-0.329275842270606,0.756
Samoa,2009,-0.26104513490159315,-0.33256988464409065,-0.5058983586592793,0.693
San Marino,2009,-0.039332719425749674,-0.2739368607735383,-0.004058247838358897,0.9
Sao Tome and Principe,2009,-0.36515031911796675,-0.7786722320121694,-0.6487829079352375,0.55
Saudi Arabia,2009,-0.15924826585451154,-0.4248043704784546,-0.09419988163701108,0.798
Senegal,2009,-0.39194916901618215,-1.2401597301167986,-0.6878793393047125,0.461
Serbia,2009,-0.18469976711101388,-0.32522493608584196,-0.2904867522468,0.766
Seychelles,2009,-0.20999954426162856,-0.3498514912556802,-0.22025461617535838,0.771
Sierra Leone,2009,-0.6892777533815262,-1.079281961074152,-0.8964520956532143,0.411
Singapore,2009,-0.0560657982920881,-0.2121226976904724,-0.015735626643948706,0.91
Slovakia,2009,-0.16311639301143327,-0.1932549350746174,-0.1892042124368895,0.834
Slovenia,2009,-0.09228399409589041,-0.1359291318256775,-0.13508077380151343,0.886
Solomon Islands,2009,-0.29352474871711537,-0.773715791261055,-0.7803957081967455,0.54
South Africa,2009,-0.5514606699502091,-0.364705979259914,-0.3080318275938707,0.665
Spain,2009,-0.05306003634364943,-0.28542417515479723,-0.11423350344689805,0.86
Sri Lanka,2009,-0.27875790895392505,-0.34804955754366007,-0.3974656335990857,0.711
Sudan,2009,-0.4215006858074084,-1.176865756527968,-0.549877416796482,0.489
Suriname,2009,-0.2723135953211592,-0.5568433316825877,-0.27170183826541683,0.693
Sweden,2009,-0.05758022224562084,-0.17023069093058352,-0.07471063185782063,0.904
Switzerland,2009,-0.04749484960552691,-0.13280417609469927,-0.022385997974517912,0.935
Syrian Arab Republic,2009,-0.18812915753859452,-0.6123837255897189,-0.44488025346465015,0.66
Tajikistan,2009,-0.30237408888718775,-0.3915000866895974,-0.6992251149358978,0.629
Tanzania (United Republic of),2009,-0.5135472728129465,-0.8636389156988197,-0.8126328839572011,0.482
Thailand,2009,-0.15186099546400877,-0.4488847759190466,-0.3106193287255621,0.738
Timor-Leste,2009,-0.3709744991915398,-0.6320117448546718,-0.40851538439309887,0.625
Togo,2009,-0.5631721041381998,-0.8829604142845654,-0.8862722824548072,0.46
Tonga,2009,-0.2621242932628839,-0.2708866429284048,-0.5198045957632071,0.704
Trinidad and Tobago,2009,-0.2017208192988047,-0.36707185804138903,-0.17075282710411388,0.782
Tunisia,2009,-0.16221128451765282,-0.5045720545977638,-0.36518949033999815,0.709
Turkmenistan,2009,-0.30406164202370023,-0.45260582249937914,-0.35846685440482956,0.69
Tuvalu,2009,-0.39135739915186274,-0.4548709067966447,-0.5793424440351946,0.622
Türkiye,2009,-0.17133596611992719,-0.5418786667762863,-0.23944453526986867,0.728
Uganda,2009,-0.5774038304862379,-0.7273008625465379,-0.828197485428445,0.491
Ukraine,2009,-0.2574364262311944,-0.22177947590767877,-0.3405311791048299,0.761
United Arab Emirates,2009,-0.11389253654893383,-0.422634737242297,-0.04034011798959123,0.825
United Kingdom,2009,-0.07726324063995281,-0.12006853930625497,-0.09562948527085847,0.907
United States,2009,-0.10426709656440149,-0.11948048976679775,-0.049783649396929766,0.913
Uruguay,2009,-0.1359430896381136,-0.37892971839369605,-0.246733902308476,0.776
Uzbekistan,2009,-0.28520309637152524,-0.3814376451360465,-0.5540014171004869,0.666
Vanuatu,2009,-0.2693284582691239,-0.7098791615410147,-0.6765808337473985,0.576
Venezuela (Bolivarian Republic of),2009,-0.21207046941302415,-0.40444136224816013,-0.2297737133444306,0.754
Viet Nam,2009,-0.1947429998700147,-0.5147827959618011,-0.48960067017308784,0.671
Yemen,2009,-0.3200781266579643,-1.196057437823466,-0.6078017543806451,0.493
Zambia,2009,-0.6105043059563862,-0.6688767086790228,-0.6888101478804614,0.519
Zimbabwe,2009,-0.8399352871799538,-0.5977203932111101,-0.9288208389518788,0.454
Afghanistan,2010,-0.46445596908508924,-1.1456094303111028,-0.7917871889113005,0.449
Albania,2010,-0.11504831687235165,-0.33610098909099484,-0.34948465348412977,0.766
Algeria,2010,-0.1889651148977232,-0.44707059154168793,-0.3433080883678167,0.721
Andorra,2010,-0.03417745180158651,-0.3667653208375725,-0.04189073661369677,0.863
Angola,2010,-0.5709023187986494,-0.9671257726063619,-0.44661368426636133,0.516
Antigua and Barbuda,2010,-0.13449889346959534,-0.25827300892860955,-0.2456449102659358,0.808
Argentina,2010,-0.15403017426783203,-0.19074534252757833,-0.19882883846054591,0.834
Armenia,2010,-0.2010810360505926,-0.33412478636200704,-0.37372865158129037,0.739
Australia,2010,-0.04636618131415244,-0.10408577145253128,-0.08716572062202092,0.924
Austria,2010,-0.07233912328850402,-0.1761011037236896,-0.05606155882583434,0.903
Azerbaijan,2010,-0.2718289132832765,-0.3558471096246395,-0.3030743478319573,0.733
Bahamas,2010,-0.2091837519967663,-0.33033770879454394,-0.12934864657064035,0.8
Bahrain,2010,-0.10113016000402104,-0.44680326489710775,-0.09467474409553664,0.807
Bangladesh,2010,-0.2899821515041635,-0.8532105354633918,-0.6081402547504002,0.558
Barbados,2010,-0.15419170630985854,-0.2764762574415142,-0.2704472376760981,0.792
Belarus,2010,-0.24017233696099408,-0.21295429321710002,-0.25400610357062325,0.79
Belgium,2010,-0.0794928588681009,-0.12723582015501966,-0.067429148242592,0.913
Belize,2010,-0.21792641503692262,-0.3653451955097536,-0.40386449320070783,0.72
Benin,2010,-0.5272938164732981,-0.9615273019988693,-0.7066478500722801,0.481
Bhutan,2010,-0.2942678134804992,-0.9001604186613718,-0.4274582959405163,0.582
Bolivia (Plurinational State of),2010,-0.34223032107807844,-0.4263242146520651,-0.4731264912473885,0.661
Bosnia and Herzegovina,2010,-0.13005611970566383,-0.5161740668333292,-0.3461620065749053,0.718
Botswana,2010,-0.4851828685827609,-0.4777243436264931,-0.3212797225476465,0.652
Brazil,2010,-0.20066727666457643,-0.487483399703434,-0.28721756557017436,0.722
Brunei Darussalam,2010,-0.16980331488115954,-0.3890181841400906,-0.01899237471382419,0.825
Bulgaria,2010,-0.188463456627957,-0.27481213841058183,-0.24496670605562518,0.79
Burkina Faso,2010,-0.5777053449132464,-1.5180791986917876,-0.8669770632993532,0.372
Burundi,2010,-0.5612825608453429,-0.9981005428582551,-1.158076986069279,0.404
Cabo Verde,2010,-0.1947243077571513,-0.6329612148763007,-0.4672265641356968,0.649
Cambodia,2010,-0.30920433131330916,-0.8235596742641497,-0.7066699043792749,0.542
Cameroon,2010,-0.5748309537419031,-0.7731449094246733,-0.6411556148988402,0.515
Canada,2010,-0.057840999689850056,-0.1369007193887218,-0.08413028014907149,0.911
Central African Republic,2010,-0.7983367706554376,-1.290749307789401,-0.9983110568819784,0.357
Chad,2010,-0.7871535952508679,-1.3923639637022447,-0.8534110774235852,0.364
Chile,2010,-0.10534342178683327,-0.2905990064220837,-0.2243741712031863,0.813
China,2010,-0.15622205441235412,-0.5335364080912384,-0.38990478083928654,0.698
Colombia,2010,-0.16645426459119858,-0.4356449657658722,-0.33354130826863637,0.732
Comoros,2010,-0.45781969421153096,-0.816249554594611,-0.6638550150989778,0.524
Congo,2010,-0.44429389807337283,-0.6314269239809972,-0.5554202600935935,0.581
Congo (Democratic Republic of the),2010,-0.5793515713118608,-0.8451862671720418,-1.1522083701712873,0.424
Costa Rica,2010,-0.10245874695786861,-0.4234237674816581,-0.2637800056018563,0.769
Croatia,2010,-0.13476291987376915,-0.25406821669240365,-0.19091424707242766,0.824
Cuba,2010,-0.11980623479033103,-0.19065523254114794,-0.4399651442994234,0.779
Cyprus,2010,-0.08564168607401793,-0.2612600692543573,-0.10891306734289477,0.859
Czechia,2010,-0.12138567120791903,-0.14701469379539564,-0.1433054167347274,0.872
Côte d'Ivoire,2010,-0.6183822813729015,-0.9466205244944967,-0.7007935643695363,0.47
Denmark,2010,-0.09268900270785953,-0.12400996800848425,-0.05798155834921542,0.913
Djibouti,2010,-0.4790536885419023,-1.424488405801209,-0.6849900124877616,0.422
Dominica,2010,-0.23183505943266827,-0.38537958645128295,-0.3068617286967818,0.735
Dominican Republic,2010,-0.221356687168785,-0.4965998403274768,-0.32015234306025514,0.707
Ecuador,2010,-0.15926630646392373,-0.40271814684662594,-0.3584449972472503,0.736
Egypt,2010,-0.26910694533488355,-0.5854196149166453,-0.36011645317407803,0.667
El Salvador,2010,-0.2260709087702223,-0.5991471667493946,-0.4369180758368161,0.657
Equatorial Guinea,2010,-0.5400168012820935,-0.6960492838799438,-0.25363453398406627,0.609
Eritrea,2010,-0.3950503002211263,-1.0366898881857207,-0.9118633142503985,0.458
Estonia,2010,-0.15352779693601384,-0.1021158163802083,-0.18388896372001792,0.864
Eswatini (Kingdom of),2010,-0.8927620233743266,-0.7485692262893098,-0.44788499161135376,0.498
Ethiopia,2010,-0.4922807000691297,-1.2242351301250614,-0.9686093097648665,0.409
Fiji,2010,-0.31728518336724776,-0.38554588122109235,-0.37001608138535524,0.699
Finland,2010,-0.07984272767087015,-0.120227104460767,-0.07508114389426825,0.912
France,2010,-0.056537791985900504,-0.240122861714684,-0.08733826124030368,0.88
Gabon,2010,-0.3925185089388729,-0.5369241324291616,-0.3331748221395007,0.656
Gambia,2010,-0.4677415742377567,-1.1600155144471236,-0.7718021426518716,0.449
Georgia,2010,-0.2206850374760025,-0.2171599517910214,-0.37224242421358195,0.763
Germany,2010,-0.07861040058191139,-0.0719136122243455,-0.07001750200544314,0.929
Ghana,2010,-0.45699324788349965,-0.6158476835994561,-0.6106333773388348,0.571
Greece,2010,-0.07157862926140697,-0.20139891306675886,-0.13261978252852144,0.874
Grenada,2010,-0.1670722666466393,-0.2514475429974197,-0.3303705478670877,0.779
Guatemala,2010,-0.2449566598124577,-0.7864917724119117,-0.4384219537905298,0.613
Guinea,2010,-0.5710657041433475,-1.2442379051169903,-0.8218912571095907,0.415
Guinea-Bissau,2010,-0.5844997649886513,-1.0212791571211435,-0.8508914360201798,0.441
Guyana,2010,-0.32972275799230993,-0.5813940873147267,-0.379049178803218,0.65
Haiti,2010,-0.9155602295252088,-0.8185585304377044,-0.671111196688806,0.449
Honduras,2010,-0.24083763392321106,-0.7646584430808284,-0.5490683502395036,0.596
"Hong Kong, China (SAR)",2010,-0.03136366078851239,-0.18188122148910976,-0.056518802497127284,0.914
Hungary,2010,-0.17583800512840314,-0.19087281964733688,-0.19422343941231085,0.829
Iceland,2010,-0.05210333898429488,-0.07179876504131956,-0.10492720439828376,0.927
India,2010,-0.3261777151988188,-0.7745808238138021,-0.5737012876863208,0.572
Indonesia,2010,-0.28913954430448024,-0.513627701569898,-0.4129818479956684,0.667
Iran (Islamic Republic of),2010,-0.2027943162708633,-0.3601031267498465,-0.2771839608611981,0.756
Iraq,2010,-0.3229213885619485,-0.6620337330369307,-0.4054183170334146,0.629
Ireland,2010,-0.07136381181409948,-0.13843016875722924,-0.07815442111661314,0.908
Israel,2010,-0.051390465100374136,-0.1810280034615961,-0.1285772327436838,0.887
Italy,2010,-0.04504564517791075,-0.25055561882106603,-0.08941760899146417,0.88
Jamaica,2010,-0.21125298664395026,-0.43596578196805497,-0.3777803879227243,0.711
Japan,2010,-0.032539085029569675,-0.17114322314923583,-0.10364216584313693,0.903
Jordan,2010,-0.18540322333136267,-0.4443827373440168,-0.3273056650373406,0.727
Kazakhstan,2010,-0.30077250776381087,-0.25471293416554996,-0.24305719390035552,0.766
Kenya,2010,-0.46941303445041094,-0.7131893716905825,-0.6395416201307862,0.545
Kiribati,2010,-0.3673692877646592,-0.5230018724293226,-0.7228796795793123,0.584
Korea (Republic of),2010,-0.06740621879840468,-0.15728098003468977,-0.1250492137007867,0.89
Kuwait,2010,-0.11425465234372587,-0.49460804101346956,-0.018107773050325095,0.811
Kyrgyzstan,2010,-0.2979085439923818,-0.3495214624763677,-0.5923902777732047,0.661
Lao People's Democratic Republic,2010,-0.39081146069286277,-0.8096272198599057,-0.5536705280374544,0.557
Latvia,2010,-0.2049636577363865,-0.1531575794758045,-0.2101464831408872,0.827
Lebanon,2010,-0.1112582148264578,-0.5214610533123512,-0.23274630726602327,0.749
Lesotho,2010,-0.9319511806184234,-0.6626826017969956,-0.6696033159237074,0.47
Liberia,2010,-0.49978424070050936,-0.879776505545184,-0.950593490992591,0.46
Libya,2010,-0.21597698491436954,-0.41284838629970305,-0.1378173859028325,0.774
Liechtenstein,2010,-0.04726901401287795,-0.21729942245329514,0.0,0.916
Lithuania,2010,-0.19612718669433823,-0.11551326977497883,-0.1904242735587365,0.846
Luxembourg,2010,-0.07053802065929045,-0.20691156370680208,0.0,0.912
Madagascar,2010,-0.4161450127278698,-0.8389176080503088,-0.8971150575316705,0.488
Malawi,2010,-0.5803406095528726,-0.800208745218659,-0.9413740608203957,0.461
Malaysia,2010,-0.17725135509431159,-0.3880148324326583,-0.22749282993931,0.768
Maldives,2010,-0.11987560817525984,-0.696681305562648,-0.28723865403692905,0.692
Mali,2010,-0.5803131230556128,-1.323152721166716,-0.8034941106991441,0.406
Malta,2010,-0.05027357156665539,-0.2538998956516139,-0.14139271689194996,0.862
Mauritania,2010,-0.4107482702337489,-1.0767667702636383,-0.5413704701186914,0.508
Mauritius,2010,-0.18542174202135123,-0.4113561048897894,-0.24799208209031837,0.755
Mexico,2010,-0.18189088031761436,-0.4468748048227777,-0.24474511954794742,0.747
Micronesia (Federated States of),2010,-0.23800341422123372,-0.49689556632481907,-0.5863750024976346,0.644
Moldova (Republic of),2010,-0.2753076701034203,-0.33984544427228625,-0.38552616458335065,0.716
Mongolia,2010,-0.32037480597099677,-0.30646274651565225,-0.4434831696378686,0.7
Montenegro,2010,-0.14655651173187603,-0.24299796406373286,-0.25821106533638183,0.806
Morocco,2010,-0.24592021205155834,-0.8108139529751615,-0.4544526474316494,0.604
Mozambique,2010,-0.6422201070692359,-1.0056999826484416,-1.0496482954410118,0.407
Myanmar,2010,-0.4055651131084978,-0.9487338783588325,-0.6906934608509595,0.506
Namibia,2010,-0.5904517515543107,-0.6290255019558192,-0.39442628526846624,0.584
Nauru,2010,-0.4945485604338499,-0.7219513158552363,-0.5256551384739664,0.559
Nepal,2010,-0.3282049664079246,-0.8088185507769868,-0.6972169737007599,0.543
Netherlands,2010,-0.06648502974147065,-0.13685381528715754,-0.05823788745851386,0.917
New Zealand,2010,-0.061842671029585065,-0.05559550898873215,-0.11863905868004507,0.924
Nicaragua,2010,-0.22297048936721545,-0.7009903501819511,-0.5546770841803716,0.611
Niger,2010,-0.5271895547763445,-1.72012028501069,-1.0227060135296924,0.336
Nigeria,2010,-0.7421758347043123,-0.8629154850550919,-0.5495929474051768,0.488
North Macedonia,2010,-0.16489278558992973,-0.41354783303214626,-0.30185294605500756,0.746
Norway,2010,-0.06285788291943548,-0.09958877811574045,-0.028180256820933943,0.938
Oman,2010,-0.1442435080674005,-0.4227164625404264,-0.10826712281485562,0.798
Pakistan,2010,-0.38033731817616095,-1.1354311595844868,-0.5858941217839293,0.496
Palau,2010,-0.35454534501320334,-0.14390727718234933,-0.2667222266012926,0.775
"Palestine, State of",2010,-0.2040198874932473,-0.4250115411269007,-0.4915725973626501,0.688
Panama,2010,-0.14106740951131114,-0.40264624852855657,-0.22077061400772605,0.775
Papua New Guinea,2010,-0.41228058851276983,-1.021658097740629,-0.6623234929517122,0.497
Paraguay,2010,-0.22531899279514195,-0.49638885276434586,-0.34862112911768184,0.7
Peru,2010,-0.19076944764479561,-0.3952478956598364,-0.37993137505682284,0.725
Philippines,2010,-0.24739683734570453,-0.48136272732786356,-0.45915736450938793,0.673
Poland,2010,-0.1433908265100443,-0.1643026812675352,-0.19732440500570234,0.845
Portugal,2010,-0.07945954441295579,-0.332053874782483,-0.14433841301521427,0.831
Qatar,2010,-0.10664338947071546,-0.45640537132732356,0.0,0.829
Romania,2010,-0.18547730014905658,-0.2135235296138148,-0.22091437561000168,0.813
Russian Federation,2010,-0.2747202866770753,-0.21129959947698287,-0.19520613774812842,0.797
Rwanda,2010,-0.423942460123546,-0.839339234122042,-0.9047878170313839,0.485
Saint Kitts and Nevis,2010,-0.23728148410002803,-0.27681725302809335,-0.1923001073097237,0.79
Saint Lucia,2010,-0.20939237970138538,-0.4354931361929384,-0.2966462313232836,0.731
Saint Vincent and the Grenadines,2010,-0.17219454695690126,-0.32841790502050333,-0.33762539631032296,0.756
Samoa,2010,-0.21836651798984605,-0.32744223377143467,-0.5052271198556161,0.704
San Marino,2010,-0.03628103823466754,-0.2682012078815433,-0.009833532973727537,0.901
Sao Tome and Principe,2010,-0.36220669944141226,-0.7819303647946151,-0.6353374784748309,0.553
Saudi Arabia,2010,-0.15327670288203646,-0.40483639960344825,-0.09218164023734896,0.805
Senegal,2010,-0.37631714454352255,-1.2038079973147648,-0.6856496122418532,0.47
Serbia,2010,-0.17848278048678892,-0.32552736148130756,-0.2894499128334741,0.768
Seychelles,2010,-0.20466155433920188,-0.34954783523919497,-0.21599623363301504,0.774
Sierra Leone,2010,-0.6570971692466283,-1.0561389467727642,-0.9147863294200042,0.416
Singapore,2010,-0.0522492167228004,-0.1946526648307124,0.0,0.921
Slovakia,2010,-0.15809434329169422,-0.1826666047161428,-0.18050842112062113,0.841
Slovenia,2010,-0.08498825006655096,-0.13191080623033014,-0.1328721025282887,0.89
Solomon Islands,2010,-0.28805137140347603,-0.7402625992088644,-0.7505663853679548,0.553
South Africa,2010,-0.5134187265425396,-0.3605287970716408,-0.3042555362716204,0.675
South Sudan,2010,-0.6244251149683699,-1.1107951976481798,-0.9675306363539486,0.406
Spain,2010,-0.046914232522299544,-0.2643111762753774,-0.11392185857735558,0.868
Sri Lanka,2010,-0.20004695840262945,-0.3424134012626202,-0.37978994715523823,0.735
Sudan,2010,-0.4128151303882603,-1.1699445023192196,-0.5628244528649179,0.489
Suriname,2010,-0.26448651484859215,-0.5550516400837373,-0.2691136131497718,0.696
Sweden,2010,-0.055041199706823356,-0.16132882918999067,-0.0661445024084,0.91
Switzerland,2010,-0.042698754533115245,-0.12820559885869792,-0.013448968157678706,0.94
Syrian Arab Republic,2010,-0.18760935876326912,-0.6096346433034916,-0.4433639348253413,0.661
Tajikistan,2010,-0.3085757562721842,-0.39044290856055003,-0.6824227828698047,0.631
Tanzania (United Republic of),2010,-0.48288625507674926,-0.8348478958507565,-0.8035957306506114,0.493
Thailand,2010,-0.1466990253154431,-0.44436380784266555,-0.2986137273748403,0.743
Timor-Leste,2010,-0.3609919410841332,-0.6107400747108275,-0.3705881486144684,0.639
Togo,2010,-0.5552867103896173,-0.8403642191451314,-0.8747496816966942,0.469
Tonga,2010,-0.25592504083858947,-0.25853608356128405,-0.518047219106744,0.709
Trinidad and Tobago,2010,-0.20929754353079888,-0.35198482894945127,-0.1652536813052934,0.785
Tunisia,2010,-0.15942868659616927,-0.49135666627445385,-0.3628583345342545,0.713
Turkmenistan,2010,-0.2971006472763521,-0.44026413894954136,-0.334958723971218,0.699
Tuvalu,2010,-0.3906977610190581,-0.4452474895328749,-0.5850874523403926,0.623
Türkiye,2010,-0.16580032549321824,-0.47175544740576675,-0.22575400727022168,0.75
Uganda,2010,-0.561983974492315,-0.698439952465042,-0.8195647616774335,0.5
Ukraine,2010,-0.25002075993625283,-0.22070501390924538,-0.327698315201999,0.766
United Arab Emirates,2010,-0.10820215613410974,-0.4096445338532235,-0.048970265995459075,0.828
United Kingdom,2010,-0.07338160880053102,-0.10800431971385531,-0.09150027503373977,0.913
United States,2010,-0.10072171888193715,-0.1159633620795244,-0.04635747508892902,0.916
Uruguay,2010,-0.13383033840326058,-0.3588638328885574,-0.23367771027333117,0.785
Uzbekistan,2010,-0.27778251719587177,-0.3755953272028436,-0.526346611246435,0.675
Vanuatu,2010,-0.27005375295187106,-0.6959908420020313,-0.6782270182923565,0.578
Venezuela (Bolivarian Republic of),2010,-0.20617298481774854,-0.3847684267739013,-0.23545026594527838,0.759
Viet Nam,2010,-0.19446265485691805,-0.5077132494539173,-0.47472800446177554,0.676
Yemen,2010,-0.3182998967977943,-1.1731337661110532,-0.6097908204398274,0.496
Zambia,2010,-0.568916599003013,-0.6628349192410735,-0.682935543673494,0.528
Zimbabwe,2010,-0.7516893567874792,-0.5879492058111768,-0.857256463223931,0.481
Afghanistan,2011,-0.45064755714576693,-1.115619263429036,-0.783257659000756,0.457
Albania,2011,-0.11235930915007947,-0.29646799568122717,-0.3413498873718665,0.779
Algeria,2011,-0.18312803575686135,-0.43890965841453594,-0.3428142271249769,0.725
Andorra,2011,-0.03288880208025021,-0.35688165514329134,-0.039795133709572966,0.867
Angola,2011,-0.5474896081375823,-0.8945826407356525,-0.4478765701218131,0.533
Antigua and Barbuda,2011,-0.12951310314783254,-0.2661589706107607,-0.2532523967555712,0.805
Argentina,2011,-0.14682374136388776,-0.1788785720075399,-0.18932300989417192,0.842
Armenia,2011,-0.19835713449319858,-0.3258378778103238,-0.36527521336240015,0.743
Australia,2011,-0.04509392675608394,-0.10107932416130333,-0.0817259462393179,0.927
Austria,2011,-0.06632062095509489,-0.174799576487254,-0.05280349557070367,0.907
Azerbaijan,2011,-0.2626843156784165,-0.3525369573060883,-0.30748234313089623,0.735
Bahamas,2011,-0.21235579511424565,-0.3257670073432303,-0.13038745303776747,0.8
Bahrain,2011,-0.0987159729391577,-0.42516943900659326,-0.10054770525852914,0.812
Bangladesh,2011,-0.28647254781145387,-0.8311176776424143,-0.5948090021196174,0.565
Barbados,2011,-0.15051882147786086,-0.2775600608177162,-0.28065599855754214,0.79
Belarus,2011,-0.2324948308652131,-0.2041467236009454,-0.24205067388126433,0.798
Belgium,2011,-0.0739778031112865,-0.12519029138918816,-0.06902089206630396,0.914
Belize,2011,-0.2107020381436974,-0.3767398017524244,-0.40341240858825966,0.719
Benin,2011,-0.5247165290069814,-0.93281694625791,-0.7054245147967044,0.486
Bhutan,2011,-0.28499849697642554,-0.8784417237149079,-0.41404735021830325,0.591
Bolivia (Plurinational State of),2011,-0.3342040416905356,-0.4159421592172614,-0.46408906234296426,0.667
Bosnia and Herzegovina,2011,-0.1312132025837075,-0.49838199479955714,-0.34202407260674333,0.723
Botswana,2011,-0.4723448292554198,-0.46647367177187987,-0.3059140905077099,0.66
Brazil,2011,-0.1976445097537165,-0.47840174662055096,-0.2802394417015661,0.727
Brunei Darussalam,2011,-0.16963924148529255,-0.37353289889836355,-0.019325122390578642,0.829
Bulgaria,2011,-0.18190933407710705,-0.2684278801227806,-0.24188644363897746,0.794
Burkina Faso,2011,-0.5600966727727735,-1.4567375955176842,-0.8588855299563052,0.383
Burundi,2011,-0.5428986095609528,-0.9904841713553186,-1.1572385651452055,0.408
Cabo Verde,2011,-0.18065525354094933,-0.6218794171037318,-0.4596963864023552,0.657
Cambodia,2011,-0.2945569322896917,-0.8255090896779166,-0.6926748402620013,0.546
Cameroon,2011,-0.5598812077715357,-0.740539503907572,-0.63983361208583,0.524
Canada,2011,-0.05487866150998945,-0.13296225651796814,-0.08053748834771957,0.914
Central African Republic,2011,-0.7749247255271984,-1.2574268054535045,-0.9880940959942464,0.365
Chad,2011,-0.7728899332244837,-1.319620460528725,-0.8627427888152929,0.373
Chile,2011,-0.09498715505935904,-0.2964568854302288,-0.21954051597692995,0.816
China,2011,-0.15076922391165,-0.5204517968956178,-0.3720620048792323,0.706
Colombia,2011,-0.1612527630990798,-0.42553872598597525,-0.32361353295341205,0.738
Comoros,2011,-0.44862155611509313,-0.7891342411741846,-0.6581277371415489,0.532
Congo,2011,-0.43690814594563854,-0.6132379718277652,-0.5659277355779568,0.584
Congo (Democratic Republic of the),2011,-0.5616062290882223,-0.8155102937770794,-1.1422547164061345,0.432
Costa Rica,2011,-0.09096884780708991,-0.4059324859121562,-0.2580502484508426,0.778
Croatia,2011,-0.12744883007080693,-0.24452281175181967,-0.19005022113773126,0.829
Cuba,2011,-0.11809077531106624,-0.2114892788113397,-0.43205204962698884,0.776
Cyprus,2011,-0.08005937447909361,-0.2571887207018463,-0.10577861669076472,0.863
Czechia,2011,-0.11706982851061289,-0.13908754437706258,-0.14156044564171882,0.876
Côte d'Ivoire,2011,-0.6042913517716676,-0.947925298307761,-0.7230944515859418,0.468
Denmark,2011,-0.083649203267648,-0.08823213126156092,-0.05580934847745239,0.927
Djibouti,2011,-0.47474098667080783,-1.386813574109852,-0.6551238760643027,0.432
Dominica,2011,-0.2684829454756684,-0.39064602216925975,-0.3077022030983673,0.724
Dominican Republic,2011,-0.21890255705695522,-0.48212952070888704,-0.31696943932185917,0.712
Ecuador,2011,-0.15363542797690996,-0.39243903601221813,-0.34598509264191146,0.743
Egypt,2011,-0.2647671490838015,-0.570695259236216,-0.3625496923932366,0.671
El Salvador,2011,-0.2258587726551819,-0.6029488300418832,-0.42930626781259995,0.657
Equatorial Guinea,2011,-0.5260173591199108,-0.6725253277115214,-0.24758369833347513,0.618
Eritrea,2011,-0.38110275642691055,-1.027684826784046,-0.8355472456139538,0.473
Estonia,2011,-0.14071316387368388,-0.09571766209173446,-0.1702699011972825,0.873
Eswatini (Kingdom of),2011,-0.8352426126364916,-0.7161235733927461,-0.4461154617992777,0.514
Ethiopia,2011,-0.46764333999813357,-1.2035186140785366,-0.9383797362096717,0.419
Fiji,2011,-0.3131734655208139,-0.3752433038078619,-0.3648717926814893,0.704
Finland,2011,-0.07354718267997401,-0.1158457239571261,-0.07320277915650433,0.916
France,2011,-0.05027357156665539,-0.23576075085534934,-0.08404730680483556,0.884
Gabon,2011,-0.3891754313338781,-0.5187921012165994,-0.3351184329522432,0.661
Gambia,2011,-0.4480675328078558,-1.1350701580795295,-0.8117395975426815,0.45
Georgia,2011,-0.2156715364755087,-0.20651053520597917,-0.3571961444579153,0.771
Germany,2011,-0.07406063599598896,-0.0669656727625111,-0.05999206595910226,0.935
Ghana,2011,-0.44503788322798754,-0.6115486570880183,-0.5853175909995795,0.579
Greece,2011,-0.07096734695386375,-0.19298564034598845,-0.15195705959452302,0.871
Grenada,2011,-0.16170478136831373,-0.24839145642837182,-0.3279805269476449,0.782
Guatemala,2011,-0.23909705752914479,-0.7745373817600533,-0.4337795157740712,0.617
Guinea,2011,-0.5629559755408436,-1.2193055488228164,-0.8145573119681064,0.421
Guinea-Bissau,2011,-0.5643616471155277,-1.0001691050315709,-0.8292068049752989,0.45
Guyana,2011,-0.32462272026406364,-0.5410503927923433,-0.3688686287470295,0.663
Haiti,2011,-0.4457343707974217,-0.8031175497037649,-0.6595290314031557,0.529
Honduras,2011,-0.2339906302796517,-0.7632804110567645,-0.546460321825933,0.598
"Hong Kong, China (SAR)",2011,-0.027576767770234493,-0.16897138134071552,-0.04903103989656276,0.921
Hungary,2011,-0.1684550655787943,-0.18871595417979808,-0.1904697044387677,0.833
Iceland,2011,-0.04438603046550176,-0.06859723333347684,-0.09542538851602889,0.933
India,2011,-0.31663039440767377,-0.7251704869672747,-0.5631749044674857,0.586
Indonesia,2011,-0.28618575659349355,-0.4934295559255438,-0.4025209196649412,0.674
Iran (Islamic Republic of),2011,-0.1913654063178026,-0.3363970136816404,-0.274388890820449,0.765
Iraq,2011,-0.31031578040068347,-0.6446985773613235,-0.39974477978969314,0.637
Ireland,2011,-0.06954797058089494,-0.1450928388463911,-0.08239151782400712,0.906
Israel,2011,-0.05166583340722222,-0.17688806730297948,-0.12160038277584012,0.89
Italy,2011,-0.043469727442696185,-0.2418064897949796,-0.08860217886737096,0.883
Jamaica,2011,-0.2023233423823691,-0.42820689822775604,-0.37452114419023713,0.715
Japan,2011,-0.0364086706534751,-0.16956031964800933,-0.1029483213420589,0.902
Jordan,2011,-0.18190933407710705,-0.4360379107558993,-0.32720328940180543,0.73
Kazakhstan,2011,-0.2877846418144021,-0.2402697813464038,-0.24000225393811728,0.774
Kenya,2011,-0.4596938808887212,-0.6942877366801953,-0.6260779843151334,0.552
Kiribati,2011,-0.3635114464724488,-0.5154662614434564,-0.7378127507852049,0.583
Korea (Republic of),2011,-0.06007669503265873,-0.1520988596396094,-0.11942039117304616,0.895
Kuwait,2011,-0.10597608970004097,-0.48297622152231195,-0.01633425902598508,0.817
Kyrgyzstan,2011,-0.29121651637452,-0.3451064786841773,-0.593982509517177,0.664
Lao People's Democratic Republic,2011,-0.3736087232842919,-0.7773245331446131,-0.5385199763870563,0.569
Latvia,2011,-0.19110463069512013,-0.15202574659785598,-0.20409309276836704,0.833
Lebanon,2011,-0.10700288925631961,-0.5050419180358736,-0.2315143112837377,0.755
Lesotho,2011,-0.8900233748542771,-0.6453421704690232,-0.6772522443295721,0.478
Liberia,2011,-0.4950532286252323,-0.8722163190451285,-0.9352729979720334,0.464
Libya,2011,-0.26094527171407705,-0.40479782287581695,-0.26149209450457966,0.734
Liechtenstein,2011,-0.04833411432981626,-0.20581568762891272,0.0,0.919
Lithuania,2011,-0.18677453351790463,-0.11002702473399616,-0.17980710859420448,0.853
Luxembourg,2011,-0.06735684786635378,-0.2041961121634472,0.0,0.913
Madagascar,2011,-0.4017642723488414,-0.8351242738062129,-0.9019883957732823,0.49
Malawi,2011,-0.551247057495791,-0.7859225311445538,-0.9338491244244764,0.469
Malaysia,2011,-0.1716829632287227,-0.38846699768776954,-0.21914619910919247,0.771
Maldives,2011,-0.11180861043718779,-0.6780953028615693,-0.2745953110350925,0.701
Mali,2011,-0.5701129990695861,-1.2949001308494594,-0.8028686184189334,0.411
Malta,2011,-0.061106468655210223,-0.26500319931739025,-0.1363962270649627,0.857
Marshall Islands,2011,-0.4072513178159334,-0.304020558145374,-0.5534647894771431,0.656
Mauritania,2011,-0.4051728431294268,-1.0524584809518795,-0.5424164633336183,0.513
Mauritius,2011,-0.18095018985527747,-0.3834221930629657,-0.24238618858176492,0.764
Mexico,2011,-0.17866670544592445,-0.43245039883434183,-0.24137225509558954,0.753
Micronesia (Federated States of),2011,-0.23634570206893757,-0.49804896664599596,-0.5786362008398557,0.646
Moldova (Republic of),2011,-0.27865626124446863,-0.3363665158542946,-0.3734950727181836,0.719
Mongolia,2011,-0.314942594686348,-0.301331797007911,-0.41094033493424864,0.71
Montenegro,2011,-0.1478220300948258,-0.23150549526231068,-0.24933098808276077,0.811
Morocco,2011,-0.23730098887382178,-0.7712102412966777,-0.4456400811465245,0.616
Mozambique,2011,-0.6227890875659566,-1.012997781905915,-1.0250808436343133,0.412
Myanmar,2011,-0.3924501710306697,-0.913819295030558,-0.6744338247495824,0.517
Namibia,2011,-0.5756240077248095,-0.6204493262091448,-0.3843941198662888,0.59
Nauru,2011,-0.47952574410415333,-0.6904592840591678,-0.50485723414403,0.572
Nepal,2011,-0.31760217072210667,-0.7748185432872255,-0.6889877318206113,0.552
Netherlands,2011,-0.06187540371808753,-0.11059357313877803,-0.05562951928138326,0.927
New Zealand,2011,-0.06538400666487722,-0.05510017065292067,-0.11550583517833053,0.924
Nicaragua,2011,-0.2151753816650329,-0.6818500573688946,-0.5423789640755265,0.619
Niger,2011,-0.5109794817553703,-1.6677602178625759,-1.025326596357437,0.344
Nigeria,2011,-0.7289497422547582,-0.8413217102075652,-0.5429745810361957,0.494
North Macedonia,2011,-0.16365985159515076,-0.3961801211874533,-0.2981960144164822,0.751
Norway,2011,-0.05953771271619639,-0.09767064757877365,-0.028632373486385233,0.94
Oman,2011,-0.13823695191826227,-0.3684668024335682,-0.12061651801233543,0.811
Pakistan,2011,-0.3755777564095048,-1.1237572846279926,-0.5830787035557795,0.5
Palau,2011,-0.36428625419287497,-0.13606773588573448,-0.2539630989324829,0.778
"Palestine, State of",2011,-0.199520929346182,-0.41648467796166827,-0.47315279081016465,0.696
Panama,2011,-0.1379013666278785,-0.402676997702757,-0.19928591030483314,0.781
Papua New Guinea,2011,-0.4010288092037617,-0.9951214202369177,-0.6741450523544777,0.502
Paraguay,2011,-0.22062748848741012,-0.46237280010499066,-0.3402185341869407,0.711
Peru,2011,-0.18294328849059566,-0.3861030438913995,-0.36897879833755637,0.731
Philippines,2011,-0.24672716368809225,-0.4670608468935817,-0.4558986141796639,0.677
Poland,2011,-0.137477630326759,-0.1585541165639044,-0.18878470196878475,0.851
Portugal,2011,-0.07179349286516575,-0.32019910813098773,-0.14430262513568917,0.836
Qatar,2011,-0.09869899227164722,-0.4607673675807279,0.0,0.83
Romania,2011,-0.1774534253970942,-0.23027264433665856,-0.21183005526898183,0.813
Russian Federation,2011,-0.25443577814536966,-0.20007836714543262,-0.1876953135846732,0.807
Rwanda,2011,-0.4071357335953625,-0.8283049371818407,-0.8859847967966697,0.493
Saint Kitts and Nevis,2011,-0.23206787023614098,-0.24568026384994923,-0.18967775217758914,0.801
Saint Lucia,2011,-0.20515251871638066,-0.42300139038642615,-0.28613894184834,0.737
Saint Vincent and the Grenadines,2011,-0.17442664990168796,-0.3141158565240435,-0.33797841762041925,0.759
Samoa,2011,-0.21815600980317063,-0.322340742086569,-0.5048594368696033,0.706
San Marino,2011,-0.03503747510707609,-0.2679617830405514,-0.029498446144152386,0.895
Sao Tome and Principe,2011,-0.36990493270961355,-0.7641564213633788,-0.629005190412291,0.556
Saudi Arabia,2011,-0.14486571371754614,-0.38525935490495045,-0.07867818348253076,0.816
Senegal,2011,-0.36191944153708244,-1.1270904840008293,-0.6917231089318763,0.483
Serbia,2011,-0.17120815542564977,-0.31556913270777437,-0.2873839990053171,0.773
Seychelles,2011,-0.1899691870521407,-0.40567384680923796,-0.19704540256834874,0.768
Sierra Leone,2011,-0.629955720147574,-1.0497053704892954,-0.8932237002526744,0.424
Singapore,2011,-0.04765619197438302,-0.18957991176838346,0.0,0.924
Slovakia,2011,-0.14873205380039953,-0.17545630406267196,-0.17851542654030522,0.846
Slovenia,2011,-0.08020938823063546,-0.1306571623592117,-0.13178733487369837,0.892
Solomon Islands,2011,-0.28444628761369345,-0.7311064329588398,-0.7413203987483028,0.557
South Africa,2011,-0.46936383395839604,-0.35850730713571266,-0.30129647973126633,0.686
South Sudan,2011,-0.6207549651897266,-1.0998646346594294,-0.9661381068173536,0.408
Spain,2011,-0.04408050282493412,-0.24660084783321798,-0.11641686730642903,0.873
Sri Lanka,2011,-0.19695112591925906,-0.3394684034496277,-0.3639268222513549,0.741
Sudan,2011,-0.4074825263439339,-1.1828094355932424,-0.543869163452576,0.491
Suriname,2011,-0.26408574536583146,-0.5532631523622015,-0.26744896325621326,0.697
Sweden,2011,-0.05116374812315983,-0.16241028533440638,-0.06337109635378277,0.912
Switzerland,2011,-0.0380853579130295,-0.12834915930352186,-0.019325887042868327,0.94
Syrian Arab Republic,2011,-0.19835713449319858,-0.6088436025010696,-0.31858316259175945,0.687
Tajikistan,2011,-0.30010766937814887,-0.39070633622724926,-0.6650764479352176,0.636
Tanzania (United Republic of),2011,-0.4596207948298543,-0.8444722837727902,-0.7885197270607458,0.498
Thailand,2011,-0.14154584026758613,-0.43011740757528744,-0.2944912250339559,0.749
Timor-Leste,2011,-0.35235461966446235,-0.6110568978611868,-0.3319790963143683,0.649
Togo,2011,-0.5387767446610413,-0.79950857161785,-0.8454009738959338,0.483
Tonga,2011,-0.2547731500216779,-0.2463362014543288,-0.5028502876706341,0.716
Trinidad and Tobago,2011,-0.19886378190559184,-0.3371220389192269,-0.1791389893979974,0.788
Tunisia,2011,-0.15872522970800526,-0.47745049336209644,-0.3698343422655549,0.715
Turkmenistan,2011,-0.2914429819681589,-0.4280729171000793,-0.316272381768704,0.708
Tuvalu,2011,-0.390788719723869,-0.4357158008215615,-0.590890499620197,0.623
Türkiye,2011,-0.1681273877196037,-0.4337344228568432,-0.20851260838833952,0.763
Uganda,2011,-0.5377225872304399,-0.7208598724523133,-0.7985593272437078,0.504
Ukraine,2011,-0.23500204771167946,-0.22439641255330425,-0.3186148733980087,0.772
United Arab Emirates,2011,-0.10506995958273298,-0.3968209148649665,-0.040007562711872835,0.835
United Kingdom,2011,-0.06671524746267414,-0.13021584389770816,-0.0904262747607839,0.909
United States,2011,-0.09990533676978824,-0.11226314289678126,-0.044837712577386696,0.918
Uruguay,2011,-0.13163429215919017,-0.34647931350242855,-0.22402498854475245,0.791
Uzbekistan,2011,-0.2694090205941963,-0.3702652643007786,-0.5103751203754334,0.682
Vanuatu,2011,-0.2713848276885741,-0.6821854065364331,-0.6739159419309604,0.581
Venezuela (Bolivarian Republic of),2011,-0.20573821453028426,-0.36546953667741894,-0.23043340351099162,0.766
Viet Nam,2011,-0.1911232552702476,-0.5006933308477278,-0.4617344007140986,0.681
Yemen,2011,-0.3153642776291965,-1.1214911648898296,-0.6705119132277912,0.495
Zambia,2011,-0.5428456574825712,-0.6568294139115048,-0.6838959812546748,0.534
Zimbabwe,2011,-0.6674194566026888,-0.5782725713648319,-0.8238320407250064,0.502
Afghanistan,2012,-0.4385526675579983,-1.083369182397298,-0.7653992129833025,0.467
Albania,2012,-0.11284141942492269,-0.2586324912472334,-0.3396358181200233,0.789
Algeria,2012,-0.18166946176183477,-0.4366337142528323,-0.34045268056580097,0.726
Andorra,2012,-0.0325708724354021,-0.34709472148550685,-0.04884635863500062,0.867
Angola,2012,-0.5205393159536299,-0.8633070614331069,-0.4351108055034533,0.545
Antigua and Barbuda,2012,-0.1252144263202575,-0.2540788733405284,-0.25045043380965437,0.811
Argentina,2012,-0.14073087317549515,-0.1764241906918946,-0.19230062153389144,0.844
Armenia,2012,-0.19556579892907555,-0.31679404201199257,-0.3479741667101106,0.751
Australia,2012,-0.04168775379707244,-0.09446673084076218,-0.0793295495548254,0.931
Austria,2012,-0.06612336608472576,-0.16886397180406743,-0.052823298212950856,0.909
Azerbaijan,2012,-0.2551900607194907,-0.34908745284199455,-0.3032642001166639,0.739
Bahamas,2012,-0.20876662711869962,-0.32118864827096477,-0.12738396089593165,0.803
Bahrain,2012,-0.09547788617394422,-0.3971466092725612,-0.0766129892958038,0.827
Bangladesh,2012,-0.27132428583900214,-0.8077611511242856,-0.5798509873667601,0.575
Barbados,2012,-0.1472692828378021,-0.27381834587186904,-0.2763487109779369,0.793
Belarus,2012,-0.21140502587036344,-0.19752836422334488,-0.2408043932465569,0.805
Belgium,2012,-0.07570214157511633,-0.12406736764622696,-0.06542843350945804,0.915
Belize,2012,-0.19948336642828993,-0.3737304562339015,-0.4023232287520771,0.722
Benin,2012,-0.5181343186087949,-0.8960359965817809,-0.701353148920693,0.494
Bhutan,2012,-0.27593594449758585,-0.8616096017949864,-0.40895545871003597,0.597
Bolivia (Plurinational State of),2012,-0.3305360445708252,-0.3973784277071932,-0.4615729586367104,0.673
Bosnia and Herzegovina,2012,-0.12799072654688204,-0.455022123665477,-0.33989400059533154,0.735
Botswana,2012,-0.46570518848552117,-0.45534817102392594,-0.3056695253346057,0.664
Brazil,2012,-0.1937341254266662,-0.4650459985590246,-0.2780648291354723,0.732
Brunei Darussalam,2012,-0.1702044965488913,-0.3490650887442129,-0.0193738771506203,0.836
Bulgaria,2012,-0.17881386977355693,-0.2640737593716301,-0.23576297518536812,0.798
Burkina Faso,2012,-0.5468780279815788,-1.4158769886519216,-0.8421165715972214,0.393
Burundi,2012,-0.5239108633146461,-0.9829253707620159,-1.1508887219210957,0.412
Cabo Verde,2012,-0.17648018931054194,-0.6231914650968021,-0.4607357510402333,0.657
Cambodia,2012,-0.2843031719862449,-0.827447801790343,-0.6784460221628036,0.551
Cameroon,2012,-0.5422898298806852,-0.6966231002644544,-0.6363771353070163,0.535
Canada,2012,-0.05174683851868917,-0.11645671448429958,-0.07924764704136546,0.921
Central African Republic,2012,-0.7505807453726231,-1.2453606826357873,-0.9716621630639733,0.372
Chad,2012,-0.7553499701051507,-1.2940105317544923,-0.8444856149330912,0.381
Chile,2012,-0.0964600714456143,-0.2823251899939079,-0.20333006540020793,0.824
China,2012,-0.1456128718829858,-0.5070199873211271,-0.35555170753080995,0.715
Colombia,2012,-0.1562580269293552,-0.4337303025168965,-0.3169137276701948,0.739
Comoros,2012,-0.44067786386390884,-0.762734799588444,-0.6555294534565137,0.538
Congo,2012,-0.4291983733271086,-0.5953739567021537,-0.534642923326783,0.595
Congo (Democratic Republic of the),2012,-0.5567890177866647,-0.8160509295560295,-1.1298516386573618,0.434
Costa Rica,2012,-0.09206468290086185,-0.39598255050523207,-0.25069917125988905,0.782
Croatia,2012,-0.1253888094404133,-0.23329714425218812,-0.19396812340069894,0.832
Cuba,2012,-0.11682772288220392,-0.23661635821788837,-0.424954017026594,0.771
Cyprus,2012,-0.07822768914997624,-0.24692506912785225,-0.11981807166106344,0.862
Czechia,2012,-0.11384081642375964,-0.13738091953892634,-0.14012074660437107,0.878
Côte d'Ivoire,2012,-0.5864890456358144,-0.9492317767801658,-0.7025632168888856,0.474
Denmark,2012,-0.0786936181042408,-0.07971405676849523,-0.05580842676645245,0.931
Djibouti,2012,-0.4645294093965091,-1.345930444813442,-0.6251772736636992,0.444
Dominica,2012,-0.25166174133435554,-0.3897152102068374,-0.31004996258646805,0.728
Dominican Republic,2012,-0.21330746918062832,-0.4674686894732795,-0.31423120731663,0.718
Ecuador,2012,-0.14792904873400764,-0.375809867523419,-0.33769616494081334,0.75
Egypt,2012,-0.2606657078319098,-0.5390733763161103,-0.3621378325982772,0.679
El Salvador,2012,-0.22639884403488242,-0.5908615893202799,-0.4262723954548588,0.661
Equatorial Guinea,2012,-0.514293167213454,-0.6494473265619115,-0.23405317605848083,0.628
Eritrea,2012,-0.3713312757194292,-1.0187590382481575,-0.8338957973830645,0.476
Estonia,2012,-0.13935048857234683,-0.09474244568473225,-0.16222741129642937,0.876
Eswatini (Kingdom of),2012,-0.7787050689215919,-0.6921351944573235,-0.4364174249295345,0.53
Ethiopia,2012,-0.44765823450795267,-1.191496672394611,-0.9175112308802025,0.426
Fiji,2012,-0.312563420800343,-0.3650457880103737,-0.36386805237506314,0.707
Finland,2012,-0.07172737606982263,-0.11492125975853469,-0.07613570300580746,0.916
France,2012,-0.0509047059302143,-0.22971615746528268,-0.08507759651211869,0.885
Gabon,2012,-0.3769449331787459,-0.5009746552014932,-0.31732901961394083,0.671
Gambia,2012,-0.4344345455977002,-1.1105536342159126,-0.8042166694371695,0.457
Georgia,2012,-0.2152516971532981,-0.19597333545144816,-0.3386808263324647,0.779
Germany,2012,-0.07164473622249402,-0.06316344322772809,-0.059875107387877324,0.937
Ghana,2012,-0.4347909374899929,-0.6113732207378432,-0.5738663390884067,0.583
Greece,2012,-0.074375463547657,-0.18409944376546386,-0.1576791112394101,0.87
Grenada,2012,-0.16629073972142697,-0.2453444551570912,-0.33268297848707024,0.78
Guatemala,2012,-0.2335241670343276,-0.7734262392010602,-0.429377586706906,0.62
Guinea,2012,-0.5525561505348288,-1.2109931601432546,-0.8023309513634479,0.425
Guinea-Bissau,2012,-0.5449924626165932,-0.9794954899063496,-0.8448640538374275,0.454
Guyana,2012,-0.3193579859876113,-0.5292821842822395,-0.35693410436586726,0.669
Haiti,2012,-0.42981297243873906,-0.7878177257274606,-0.6622444308185803,0.534
Honduras,2012,-0.2282720642997219,-0.7777823642917935,-0.5449066770305157,0.596
"Hong Kong, China (SAR)",2012,-0.02238719518537383,-0.16277932280893542,-0.04964562802276622,0.925
Hungary,2012,-0.16376857876255263,-0.1924395831538949,-0.1905954052948666,0.833
Iceland,2012,-0.03832511432166801,-0.06540591872922841,-0.08920421649735398,0.938
India,2012,-0.3055432010614629,-0.7046235233628563,-0.553466011267309,0.594
Indonesia,2012,-0.2831181440607095,-0.473231157591928,-0.3921718793322863,0.682
Iran (Islamic Republic of),2012,-0.18196469739892032,-0.27901153019713604,-0.28325437987452073,0.78
Iraq,2012,-0.30270720708476767,-0.6365215982038034,-0.3791600097746045,0.644
Ireland,2012,-0.06758726640619066,-0.1417149967420382,-0.08448737884768728,0.907
Israel,2012,-0.05153623887593009,-0.17266289144133073,-0.12244463814332086,0.891
Italy,2012,-0.04308416668800414,-0.2442019657727952,-0.09384160748947211,0.881
Jamaica,2012,-0.1959587372708792,-0.4323458007264519,-0.3721973278995598,0.716
Japan,2012,-0.028478616621379224,-0.1679799177052512,-0.1006434193106476,0.906
Jordan,2012,-0.1786483114276585,-0.41354255470464935,-0.32585633446968965,0.736
Kazakhstan,2012,-0.27993777808465514,-0.2303558109253808,-0.23028158341753674,0.781
Kenya,2012,-0.4580142514727782,-0.6757367557202895,-0.6232186108981477,0.557
Kiribati,2012,-0.3593598637936896,-0.5079362259879592,-0.7006596491786221,0.593
Korea (Republic of),2012,-0.057840999689850056,-0.1510458006238816,-0.11558780525560207,0.897
Kuwait,2012,-0.10004135418022642,-0.4714781470485468,-0.018838264226857547,0.821
Kyrgyzstan,2012,-0.2827098391329213,-0.3316299834417902,-0.5741788280741208,0.673
Lao People's Democratic Republic,2012,-0.3598668458287296,-0.7657677960984849,-0.5204828135899375,0.578
Latvia,2012,-0.19013663047061022,-0.15365377236178024,-0.19038170640001933,0.837
Lebanon,2012,-0.10317487173058293,-0.4997765319936023,-0.23143943234206685,0.757
Lesotho,2012,-0.848093048260166,-0.6282973115628162,-0.6713885195728821,0.489
Liberia,2012,-0.4876851845295085,-0.8647128602811497,-0.919418975476787,0.469
Libya,2012,-0.21840479696703638,-0.39681155417550196,-0.14123443934039423,0.777
Liechtenstein,2012,-0.03925271366529213,-0.20640367447260613,0.0,0.921
Lithuania,2012,-0.18165101242831638,-0.11690968426375892,-0.1709411832133416,0.855
Luxembourg,2012,-0.06380853123478915,-0.19637050601926007,0.0,0.917
Madagascar,2012,-0.4006153487637382,-0.8206330210515895,-0.9067047843994335,0.492
Malawi,2012,-0.5190904527988268,-0.7701751947787205,-0.9375084329537186,0.476
Malaysia,2012,-0.16807278518057198,-0.37385210380324563,-0.21477951506500065,0.777
Maldives,2012,-0.10225423403875637,-0.6598484458782204,-0.273880613943261,0.708
Mali,2012,-0.5613364982779342,-1.319811491994229,-0.8164507866032421,0.407
Malta,2012,-0.0571240252909699,-0.24338410437338046,-0.13500988275625805,0.865
Marshall Islands,2012,-0.4045501422017766,-0.2838427542233771,-0.5621541723981631,0.659
Mauritania,2012,-0.3998348340435509,-1.0113181621822755,-0.5405663097779942,0.522
Mauritius,2012,-0.17861152440611563,-0.3548988542788947,-0.23620823747029351,0.774
Mexico,2012,-0.17482969103565912,-0.40882560766712106,-0.2378290904743326,0.76
Micronesia (Federated States of),2012,-0.23478800869738767,-0.49919776053003895,-0.5845912767262403,0.644
Moldova (Republic of),2012,-0.2796528546050332,-0.32990041262816444,-0.36968107620277524,0.722
Mongolia,2012,-0.3008764287008556,-0.2962270398834869,-0.38788765322192936,0.72
Montenegro,2012,-0.14321327599645675,-0.22419825627833254,-0.2532321328968301,0.813
Morocco,2012,-0.22933576045370258,-0.7348984348333362,-0.44255240714150906,0.626
Mozambique,2012,-0.6009467260480633,-1.0094863786619643,-1.0029479813711792,0.418
Myanmar,2012,-0.3869982141356335,-0.8800827256724215,-0.6593739148146744,0.526
Namibia,2012,-0.5463199551784583,-0.6119460768452241,-0.37679325280776543,0.599
Nauru,2012,-0.4677906949765424,-0.6589594704518642,-0.477861513533493,0.586
Nepal,2012,-0.31428933733241043,-0.7632737388079097,-0.6754216755062505,0.557
Netherlands,2012,-0.06271044948945731,-0.10639317137930904,-0.059127606345238365,0.927
New Zealand,2012,-0.060093032365916094,-0.05558072210913752,-0.11190645758693324,0.927
Nicaragua,2012,-0.21138601970286175,-0.6630692450223711,-0.5331791221193101,0.625
Niger,2012,-0.4942963218147801,-1.6249642342020272,-1.0108756590671277,0.352
Nigeria,2012,-0.7244949666947232,-0.8251858513023035,-0.5383217859267143,0.499
North Macedonia,2012,-0.1645118642999864,-0.3791089042322979,-0.30021621492985096,0.755
Norway,2012,-0.05626107900873792,-0.09842653292024287,-0.026677164775092847,0.941
Oman,2012,-0.13026639885200408,-0.3667710756460427,-0.1227084835743809,0.813
Pakistan,2012,-0.3725809969264903,-1.105219043404864,-0.5786598492338108,0.504
Palau,2012,-0.37423481337227205,-0.12828755898083496,-0.24478294396046457,0.78
"Palestine, State of",2012,-0.19534133203699944,-0.40454911815508243,-0.46342942020822764,0.702
Panama,2012,-0.13451649306128516,-0.39503655592797576,-0.18537067588066783,0.788
Papua New Guinea,2012,-0.3962843040340249,-0.9692707724190968,-0.6551044065697946,0.51
Paraguay,2012,-0.21445067485349234,-0.440997756091578,-0.34470202105199205,0.716
Peru,2012,-0.17537955450008988,-0.3686696112525188,-0.3552013769741625,0.741
Philippines,2012,-0.2448976969688591,-0.4529606299612351,-0.44366287070400984,0.684
Poland,2012,-0.13636617605982496,-0.14817465985788322,-0.186417479031277,0.855
Portugal,2012,-0.07210760735421266,-0.30851586271513465,-0.15216497311093427,0.837
Qatar,2012,-0.09300975089795986,-0.42963436574096936,0.0,0.84
Romania,2012,-0.1781885708971117,-0.25717298875313366,-0.2083558097454046,0.807
Russian Federation,2012,-0.24710133780157853,-0.20017121070074473,-0.18107473739122992,0.811
Rwanda,2012,-0.38999311143939974,-0.8194615195659286,-0.8666447365290078,0.501
Saint Kitts and Nevis,2012,-0.22952928137391795,-0.2152430333829222,-0.18986598067134872,0.809
Saint Lucia,2012,-0.20632425358481832,-0.4454022427220262,-0.2896146253638257,0.731
Saint Vincent and the Grenadines,2012,-0.18270316805981093,-0.29994212867329223,-0.3314047881853692,0.762
Samoa,2012,-0.21993715882759554,-0.32235521475378304,-0.5128133089052014,0.703
San Marino,2012,-0.03802143257779916,-0.26683158041431715,-0.058267230999450595,0.886
Sao Tome and Principe,2012,-0.35128291369046927,-0.7466374083340996,-0.6324278962319088,0.562
Saudi Arabia,2012,-0.14083713557287486,-0.3660582238402877,-0.0735615399537109,0.824
Senegal,2012,-0.35762044572976354,-1.088777508616091,-0.6883772399822956,0.491
Serbia,2012,-0.16512866674321225,-0.2943919307681581,-0.2865304000459284,0.78
Seychelles,2012,-0.19203628463446146,-0.34469903559046944,-0.1914560553089971,0.784
Sierra Leone,2012,-0.606235808570649,-1.0433129207392375,-0.9038671450824206,0.427
Singapore,2012,-0.043341190672969716,-0.1869854506585438,0.0,0.926
Slovakia,2012,-0.14591545182424434,-0.18195730714091493,-0.17313022596738323,0.846
Slovenia,2012,-0.07791164666458229,-0.1276265011792293,-0.1370990104036176,0.892
Solomon Islands,2012,-0.28085415378133577,-0.7377115620225535,-0.733205764723956,0.558
South Africa,2012,-0.44039105697857783,-0.346249138761232,-0.2994588608220197,0.696
South Sudan,2012,-0.5946253803172393,-1.089052258114109,-1.2437814318117277,0.377
Spain,2012,-0.04385543691182407,-0.23703655249516248,-0.1199709716176664,0.875
Sri Lanka,2012,-0.18714548092181688,-0.33841348301022045,-0.34837239415133003,0.747
Sudan,2012,-0.3949361175973138,-1.1393509633956664,-0.5546381011681693,0.498
Suriname,2012,-0.2670954388433926,-0.5514778576771033,-0.2599956990235417,0.698
Sweden,2012,-0.051617233489832555,-0.15853009626550427,-0.06512704033663573,0.912
Switzerland,2012,-0.037366433393100085,-0.12015240082395158,-0.017455706505249798,0.943
Syrian Arab Republic,2012,-0.32916667961370627,-0.6018606260029421,-0.41759785178579645,0.638
Tajikistan,2012,-0.2931534232873716,-0.3889210407741594,-0.6506087495934104,0.641
Tanzania (United Republic of),2012,-0.43600362087861183,-0.8541902012895779,-0.7820454415163925,0.501
Thailand,2012,-0.13534402345862567,-0.4323961708593744,-0.28621256743053897,0.752
Timor-Leste,2012,-0.34398655235458403,-0.6113738214202672,-0.3634735059568015,0.644
Togo,2012,-0.5348819003995001,-0.7769554546380577,-0.8465738207383605,0.487
Tonga,2012,-0.2535631085144225,-0.24176703269709024,-0.5004418045153536,0.718
Trinidad and Tobago,2012,-0.19067636117670836,-0.3268511464524603,-0.17376532486734853,0.794
Tunisia,2012,-0.1571037538099982,-0.4812909399202905,-0.3625448711358004,0.716
Turkmenistan,2012,-0.2882565964334411,-0.41602853331360523,-0.30726154036650655,0.714
Tuvalu,2012,-0.39101615268898327,-0.42627410763604806,-0.5634429654935681,0.631
Türkiye,2012,-0.1548021740548249,-0.4198284419843868,-0.2023954220340679,0.772
Uganda,2012,-0.5155289748937115,-0.7437270616744066,-0.797571462524223,0.504
Ukraine,2012,-0.23034247844475364,-0.22647709780030414,-0.31007581234482917,0.774
United Arab Emirates,2012,-0.10167500780065045,-0.38415966036742255,-0.034253221492452544,0.841
United Kingdom,2012,-0.06571254336538133,-0.12706107548906131,-0.09138932469288488,0.91
United States,2012,-0.09779942926279547,-0.10903885084063103,-0.042577342732616014,0.92
Uruguay,2012,-0.12939052730387565,-0.33810043659523636,-0.22540677458230876,0.794
Uzbekistan,2012,-0.2648874450119294,-0.3613474401305694,-0.495894041931948,0.688
Vanuatu,2012,-0.2724752082182201,-0.6684603193357064,-0.6881060018891061,0.581
Venezuela (Bolivarian Republic of),2012,-0.2034163416431647,-0.36100588718688326,-0.2228012133789776,0.769
Viet Nam,2012,-0.19089978325918688,-0.49375599648711477,-0.4525762734995529,0.684
Yemen,2012,-0.3169682964615317,-1.1079077057566218,-0.6716832554059616,0.497
Zambia,2012,-0.5142417083548004,-0.6508597589479913,-0.6409233333646195,0.548
Zimbabwe,2012,-0.6013115615253439,-0.5686886770412998,-0.7800762830034019,0.522
Afghanistan,2013,-0.4268380446178239,-1.0521267566641341,-0.755182003297457,0.475
Albania,2013,-0.11182581518225668,-0.2507851390220393,-0.33206132923463216,0.793
Algeria,2013,-0.17407869960013078,-0.43436293830420053,-0.3401695309505351,0.729
Andorra,2013,-0.0323007116881153,-0.3953912340616884,-0.05538600089720097,0.851
Angola,2013,-0.5029846498330336,-0.8329851819875204,-0.42937165923903325,0.555
Antigua and Barbuda,2013,-0.12115988464473382,-0.2523681280847544,-0.2501665810585943,0.812
Argentina,2013,-0.14030593646696377,-0.1721244216799918,-0.18954375726477163,0.846
Armenia,2013,-0.19142129565692567,-0.30783126427006335,-0.33604774697087736,0.757
Australia,2013,-0.03755809606738117,-0.10466224617138456,-0.07810309230405221,0.929
Austria,2013,-0.06223553402367058,-0.1762702616012105,-0.05345638733093042,0.907
Azerbaijan,2013,-0.2448976969688591,-0.3456498060948256,-0.29303963384844556,0.745
Bahamas,2013,-0.2036426286514847,-0.31660263546761414,-0.13505063663748154,0.804
Bahrain,2013,-0.09268900270785953,-0.3616388950468368,-0.07377786653943556,0.839
Bangladesh,2013,-0.27110233041077636,-0.8101752329504316,-0.5686409254399447,0.577
Barbados,2013,-0.1441368831028411,-0.2700708069923489,-0.28061481605242933,0.793
Belarus,2013,-0.20430292505422093,-0.2003502366417248,-0.2413391262589346,0.806
Belgium,2013,-0.07227297040917573,-0.12256282429267056,-0.06521555967020796,0.917
Belize,2013,-0.1916076160166905,-0.39383774564506546,-0.39617709285974684,0.721
Benin,2013,-0.5117234626001128,-0.860560027932373,-0.6889821568340356,0.503
Bhutan,2013,-0.26824150164036736,-0.8384371671392765,-0.40422747856112956,0.604
Bolivia (Plurinational State of),2013,-0.32379295946413944,-0.3773344175114294,-0.45013482474203204,0.681
Bosnia and Herzegovina,2013,-0.14316001698901457,-0.4110204521300436,-0.3305922377322275,0.745
Botswana,2013,-0.4368128942429422,-0.44434508591832644,-0.29171264836130106,0.676
Brazil,2013,-0.18692289596764078,-0.40587446108166153,-0.2716415603463637,0.75
Brunei Darussalam,2013,-0.17071532428334962,-0.3469092741702051,-0.02206689635355017,0.835
Bulgaria,2013,-0.16980331488115954,-0.2453849160646737,-0.2374251176880513,0.804
Burkina Faso,2013,-0.5414698867017712,-1.3824621426801196,-0.8333308170537738,0.399
Burundi,2013,-0.5048180643162007,-0.9802443978210184,-1.1432275410188346,0.416
Cabo Verde,2013,-0.16598193235119246,-0.6036407100658525,-0.46025705740855244,0.664
Cambodia,2013,-0.276382056235695,-0.8293756746504399,-0.6638116149967614,0.554
Cameroon,2013,-0.524352599605268,-0.669893694636371,-0.6316425304048409,0.544
Canada,2013,-0.05043536292087839,-0.11206506128733314,-0.07678993347087414,0.923
Central African Republic,2013,-0.7435663631674106,-1.2195468038297304,-1.172019527449702,0.352
Chad,2013,-0.7474896533836681,-1.2690401274373453,-0.8458034800436877,0.385
Chile,2013,-0.0911205072140553,-0.2471463061264631,-0.1970299791203931,0.837
China,2013,-0.1409965503438766,-0.48913998459304014,-0.3422025954015649,0.723
Colombia,2013,-0.15212964656843722,-0.4012853495818906,-0.307812023117913,0.75
Comoros,2013,-0.4313984901346689,-0.7357301044214187,-0.6485494771204953,0.546
Congo,2013,-0.4203054525360676,-0.577145921151666,-0.5332447774172042,0.6
Congo (Democratic Republic of the),2013,-0.5430839639192967,-0.7924655279610612,-1.1275827278049175,0.44
Costa Rica,2013,-0.09004253975186984,-0.37927395438755795,-0.2491583366434988,0.787
Croatia,2013,-0.11665482617026851,-0.21760459345315386,-0.19147072763322143,0.839
Cuba,2013,-0.11618815430988966,-0.2641220119230245,-0.41857601806532924,0.766
Cyprus,2013,-0.07336505292029584,-0.23592504801844544,-0.1319446366875732,0.863
Czechia,2013,-0.11084561682858138,-0.11863091344068412,-0.14020979744608983,0.884
Côte d'Ivoire,2013,-0.5703034674864172,-0.9505399643717404,-0.6820718734139566,0.48
Denmark,2013,-0.0749888333708575,-0.07811974353254784,-0.053574987553441485,0.933
Djibouti,2013,-0.45543943465966674,-1.3050461029375486,-0.6126579527900594,0.453
Dominica,2013,-0.28469167635158177,-0.38877186677607634,-0.3116997711200622,0.72
Dominican Republic,2013,-0.20952516545177263,-0.46008554139421554,-0.3086177897318528,0.722
Ecuador,2013,-0.1424679078920962,-0.37167998308535843,-0.3307988857210327,0.755
Egypt,2013,-0.2613248048928285,-0.514651712621591,-0.3630782183284536,0.684
El Salvador,2013,-0.22755712296208555,-0.5798573980731391,-0.4230893783184158,0.664
Equatorial Guinea,2013,-0.5050984655467051,-0.6267960076021086,-0.23975066042151774,0.633
Eritrea,2013,-0.36623699853253266,-1.0099111313284568,-0.877907840426511,0.472
Estonia,2013,-0.12911041035321807,-0.09479186384214287,-0.15600145290049658,0.881
Eswatini (Kingdom of),2013,-0.7248442673032,-0.6687088029945862,-0.4236651715823134,0.546
Ethiopia,2013,-0.4278759029489845,-1.1685722142440298,-0.8902613952390427,0.437
Fiji,2013,-0.315174498299813,-0.3549512128774093,-0.35058982627334856,0.712
Finland,2013,-0.0654332802895371,-0.08522353649294719,-0.07845380039230469,0.926
France,2013,-0.046994853627335964,-0.22459607119675304,-0.0848846178179204,0.888
Gabon,2013,-0.37271498830657873,-0.4834608947588303,-0.3097907853681124,0.678
Gambia,2013,-0.4340070429192977,-1.0864468122209343,-0.8052433218820327,0.461
Georgia,2013,-0.21113897239204538,-0.18541255273702145,-0.3322154168988248,0.784
Germany,2013,-0.0723556621921405,-0.059907807018725605,-0.059730762732892954,0.938
Ghana,2013,-0.42676732075910073,-0.617225535746521,-0.5551408333237674,0.587
Greece,2013,-0.06393972609213888,-0.17822651168148912,-0.16235673270884013,0.874
Grenada,2013,-0.16494721476398042,-0.24230648454577255,-0.32798385117497286,0.783
Guatemala,2013,-0.22838804891256,-0.7677240955766821,-0.4256603813037717,0.623
Guinea,2013,-0.5423162908573617,-1.181780338456018,-0.8094697640782574,0.43
Guinea-Bissau,2013,-0.5307144086197799,-0.9592406305598904,-0.8516879388998467,0.458
Guyana,2013,-0.31422614152016526,-0.5164331378230766,-0.3521829873550423,0.674
Haiti,2013,-0.4224156526157179,-0.7726550960047855,-0.6547885551764019,0.54
Honduras,2013,-0.22385534303938442,-0.7560344857112129,-0.5424763558229357,0.602
"Hong Kong, China (SAR)",2013,-0.01854004007959474,-0.15963241921840027,-0.045476084292774645,0.928
Hungary,2013,-0.15474829426063275,-0.17432124665599785,-0.18438588840285589,0.843
Iceland,2013,-0.0483987023390749,-0.062224755869196395,-0.06967435925129155,0.942
India,2013,-0.2936485545072575,-0.6954664299185467,-0.5408717292889057,0.6
Indonesia,2013,-0.2771936787134926,-0.4667877518602371,-0.3831864703808298,0.687
Iran (Islamic Republic of),2013,-0.1771227861582259,-0.27771098002462347,-0.2892940473392103,0.78
Iraq,2013,-0.29792926787769675,-0.6284109406158589,-0.3754749825002855,0.648
Ireland,2013,-0.06403813353182077,-0.13755076501400343,-0.07688923225289468,0.911
Israel,2013,-0.045399764229996926,-0.16662911166385308,-0.11739309354970535,0.896
Italy,2013,-0.03666398437159147,-0.2467908799702043,-0.09894575767886107,0.88
Jamaica,2013,-0.19635183007391943,-0.4364564421986723,-0.37417820174757377,0.715
Japan,2013,-0.024749921924827667,-0.16640200916414805,-0.09602944369460863,0.909
Jordan,2013,-0.17504960014078233,-0.40218031470395377,-0.33354177236835214,0.738
Kazakhstan,2013,-0.2660912008751254,-0.23088404092445394,-0.21293760552478377,0.789
Kenya,2013,-0.4513721248520872,-0.6575236557557993,-0.6215844422589364,0.562
Kiribati,2013,-0.3547427459021483,-0.5004115362181591,-0.6679508119452238,0.602
Korea (Republic of),2013,-0.04944884258890277,-0.14970759453029972,-0.11173692624908219,0.902
Kuwait,2013,-0.0940740210865135,-0.503242568221845,-0.024503211215636096,0.813
Kyrgyzstan,2013,-0.2781481776232996,-0.31964389390081155,-0.5604911825188555,0.68
Lao People's Democratic Republic,2013,-0.35189517645778057,-0.7436261743229495,-0.5029893998675432,0.587
Latvia,2013,-0.18202006378600083,-0.13510087606400747,-0.1839413401907516,0.846
Lebanon,2013,-0.10084083031081963,-0.49451083287163367,-0.24191916191852555,0.756
Lesotho,2013,-0.8070224767699337,-0.6366675960317469,-0.6727494311259259,0.494
Liberia,2013,-0.4869338320597797,-0.8572652843693472,-0.8963956295654548,0.474
Libya,2013,-0.21662637279363722,-0.4013724683782577,-0.18140248197958786,0.766
Liechtenstein,2013,-0.040421433729800185,-0.2055366787164167,0.0,0.921
Lithuania,2013,-0.17964207289629122,-0.11898628301823315,-0.16125461733246438,0.858
Luxembourg,2013,-0.057531334044778414,-0.18664182713692493,0.0,0.922
Madagascar,2013,-0.39106164548975525,-0.8135667369095084,-0.9090811875984885,0.494
Malawi,2013,-0.4923058702827001,-0.7546387218397149,-0.9280552343385639,0.484
Malaysia,2013,-0.1664179234202821,-0.362984821314888,-0.2082461826902843,0.782
Maldives,2013,-0.09588419067089131,-0.6419285790518383,-0.27013387439859826,0.715
Mali,2013,-0.5538669595450629,-1.3453593179925367,-0.8163943459490562,0.404
Malta,2013,-0.04701097862834427,-0.22910894505861265,-0.12875653130121473,0.874
Marshall Islands,2013,-0.4024542606464152,-0.2638447038884619,-0.5410793514686292,0.669
Mauritania,2013,-0.3922224117257176,-0.9779847127034432,-0.5369294230880345,0.53
Mauritius,2013,-0.17230420609984207,-0.3473919259297147,-0.22893836501166417,0.779
Mexico,2013,-0.17181083462680513,-0.40791869305408784,-0.23965034468295263,0.761
Micronesia (Federated States of),2013,-0.2328248798901965,-0.5003419507499344,-0.595757331464687,0.642
Moldova (Republic of),2013,-0.2805486019013422,-0.32933520247009196,-0.3507500704454428,0.726
Mongolia,2013,-0.2910724286042349,-0.29114820893881505,-0.3622441119626295,0.73
Montenegro,2013,-0.13821928672663875,-0.21533302236899673,-0.24607298759906246,0.819
Morocco,2013,-0.2208001453897987,-0.7008577305959045,-0.4347923679183856,0.636
Mozambique,2013,-0.5772942114124093,-0.9533565098401057,-0.9874931845236385,0.432
Myanmar,2013,-0.3718443650863121,-0.8474472659735884,-0.6394960488284777,0.538
Namibia,2013,-0.5187027206393416,-0.603514523002266,-0.36054594996328776,0.61
Nauru,2013,-0.4551968692871096,-0.6274518719881933,-0.463046754731611,0.597
Nepal,2013,-0.30391569162572607,-0.7518606971809657,-0.6658488342450728,0.563
Netherlands,2013,-0.05873794117970731,-0.10290686314148687,-0.059165131781717534,0.929
New Zealand,2013,-0.0528815996111637,-0.0573558549772261,-0.10839005520200806,0.93
Nicaragua,2013,-0.20969591590040743,-0.6446346596917526,-0.5269691410252384,0.631
Niger,2013,-0.47955059530757416,-1.6027369998638443,-1.0030827590120823,0.358
Nigeria,2013,-0.7178497932003172,-0.8093062293471267,-0.5281311313148004,0.504
North Macedonia,2013,-0.15143130376118943,-0.36522953958202603,-0.2951206881878387,0.763
Norway,2013,-0.052638328094625646,-0.09096396831823451,-0.026631081026770056,0.945
Oman,2013,-0.12702949889787338,-0.365078219480751,-0.12356936228425032,0.814
Pakistan,2013,-0.3643969900326425,-1.0868740973039686,-0.5716036197826286,0.51
Palau,2013,-0.3850518075823359,-0.1205658397540319,-0.2561151441827447,0.776
"Palestine, State of",2013,-0.18486633044710737,-0.41252529150245243,-0.4555732467858635,0.704
Panama,2013,-0.13066955751792655,-0.38745404773290354,-0.17560043558912347,0.794
Papua New Guinea,2013,-0.391084392666263,-0.934706360989675,-0.6611788169338781,0.516
Paraguay,2013,-0.20869080492171502,-0.40715622051636924,-0.33042973096531625,0.729
Peru,2013,-0.16765426473519862,-0.3582419415463822,-0.34215914034345707,0.749
Philippines,2013,-0.24580217616851285,-0.43905646793279535,-0.43064648281798135,0.689
Poland,2013,-0.13184490345926483,-0.12005371137785141,-0.18448343838016937,0.865
Portugal,2013,-0.06651791474262464,-0.29959435698259634,-0.15103908345692435,0.842
Qatar,2013,-0.08780609829137037,-0.3936232578673103,0.0,0.852
Romania,2013,-0.16749054353384696,-0.2556626569973554,-0.2067886036769996,0.811
Russian Federation,2013,-0.23665753212408547,-0.19469665247206272,-0.17905374162036047,0.816
Rwanda,2013,-0.3805623862602064,-0.8268259980446294,-0.8598824139885296,0.502
Saint Kitts and Nevis,2013,-0.2336407624483733,-0.18546569642474103,-0.17923339387234433,0.819
Saint Lucia,2013,-0.20910789816705957,-0.46783292351971645,-0.2940536834616676,0.723
Saint Vincent and the Grenadines,2013,-0.18915097814008505,-0.2858932403293718,-0.32388396503808753,0.766
Samoa,2013,-0.2156524490455351,-0.32236968678688327,-0.5146879744458708,0.704
San Marino,2013,-0.04096623569174344,-0.28158194213706683,-0.05390917575283163,0.882
Sao Tome and Principe,2013,-0.33864073997214844,-0.7139549519122023,-0.6170456787388222,0.573
Saudi Arabia,2013,-0.1379190262042256,-0.3472188406964625,-0.07198128121579231,0.831
Senegal,2013,-0.34418187969126574,-1.0662299908076214,-0.6895293830213035,0.497
Serbia,2013,-0.15611414462483178,-0.28926856322597577,-0.2812360935907289,0.785
Seychelles,2013,-0.18946702495482576,-0.3407264889446635,-0.1936656960646966,0.786
Sierra Leone,2013,-0.5822114660151368,-1.0369610749030451,-0.8090200580485175,0.445
Singapore,2013,-0.03896474591568989,-0.17965815546493671,0.0,0.93
Slovakia,2013,-0.13993426491414232,-0.18066291683137634,-0.17042987255009376,0.849
Slovenia,2013,-0.07445832937963583,-0.10106379055699022,-0.13875974789657053,0.901
Solomon Islands,2013,-0.27873757858543624,-0.7363478897114235,-0.7089873110981768,0.563
South Africa,2013,-0.42410702467436223,-0.3269434566543404,-0.2970286737250464,0.705
South Sudan,2013,-0.5978090291188584,-1.0783555397131992,-1.2406685139581657,0.378
Spain,2013,-0.035706893853484745,-0.22654346462765515,-0.12159943814812012,0.88
Sri Lanka,2013,-0.18098706301162373,-0.3298581108993529,-0.3436753839209977,0.752
Sudan,2013,-0.3975427270530567,-1.1040503900410008,-0.5591007189290678,0.503
Suriname,2013,-0.26874457543177793,-0.5496957445898714,-0.25369424727846546,0.7
Sweden,2013,-0.04830182188947381,-0.0967513867109287,-0.06466099744119135,0.932
Switzerland,2013,-0.03618532460975994,-0.10981622761527643,-0.016616485352350756,0.947
Syrian Arab Republic,2013,-0.3941372040771504,-0.8262987680751162,-0.5298725674409634,0.558
Tajikistan,2013,-0.2849166689380024,-0.3860300378135683,-0.6341076177005059,0.647
Tanzania (United Republic of),2013,-0.4141178196950278,-0.8719901260107371,-0.770784942614152,0.504
Thailand,2013,-0.12988092085452,-0.4326405476357165,-0.285952589079981,0.754
Timor-Leste,2013,-0.33622611306594635,-0.611690845963829,-0.39309152499260264,0.64
Togo,2013,-0.5189611920409204,-0.7548997818422013,-0.8336692388573855,0.495
Tonga,2013,-0.25231492861448973,-0.2372186467433432,-0.49983113416377,0.719
Trinidad and Tobago,2013,-0.18610717475073682,-0.31657984966074204,-0.16220961414606902,0.801
Tunisia,2013,-0.15530519217408315,-0.4745761356824142,-0.3604057244902378,0.719
Turkmenistan,2013,-0.2878872216985771,-0.4041274914496751,-0.3100348646381668,0.716
Tuvalu,2013,-0.3900158343224803,-0.4169207268520603,-0.5473413144340908,0.637
Türkiye,2013,-0.14374602213776855,-0.32715398137133633,-0.19084337898857506,0.802
Uganda,2013,-0.491450438237379,-0.7266523996593224,-0.7957013098933413,0.511
Ukraine,2013,-0.22580092516044425,-0.2339489944397427,-0.3103107749759783,0.774
United Arab Emirates,2013,-0.09934446042831481,-0.3716567109823443,-0.028053821846508377,0.847
United Kingdom,2013,-0.06467801804629963,-0.08494137734219745,-0.09092157471402457,0.923
United States,2013,-0.09768067952772236,-0.10508600099474541,-0.04088740337011393,0.922
Uruguay,2013,-0.127134315207387,-0.3227542007091148,-0.21347417408854658,0.802
Uzbekistan,2013,-0.2625642844701582,-0.35717830806551787,-0.4803869497382263,0.693
Vanuatu,2013,-0.27172796742045685,-0.6548131168598699,-0.6764362971522393,0.586
Venezuela (Bolivarian Republic of),2013,-0.2004040643447203,-0.35655663271555893,-0.22296864141443648,0.771
Viet Nam,2013,-0.18957859474184324,-0.4868664578596694,-0.4428684578023428,0.689
Yemen,2013,-0.3127106389042295,-1.1245995198969194,-0.6665669897922064,0.496
Zambia,2013,-0.48856247651092954,-0.6449255299213823,-0.6365411819922242,0.554
Zimbabwe,2013,-0.5511669645879751,-0.5682682824702715,-0.7729081311723188,0.532
Afghanistan,2014,-0.42382493059411647,-1.0218309210488443,-0.758370424112049,0.48
Albania,2014,-0.10695152423075426,-0.2424178431583142,-0.32955241029683774,0.797
Algeria,2014,-0.16505608200049318,-0.4320973070986245,-0.33692619510619565,0.732
Andorra,2014,-0.03207828115701928,-0.38967020149691406,-0.052009757929545555,0.854
Angola,2014,-0.4845083154486173,-0.8035495212047243,-0.4228204564178218,0.565
Antigua and Barbuda,2014,-0.11639553713933463,-0.2506601035408941,-0.24504427022181752,0.815
Argentina,2014,-0.13564351168833452,-0.16538146506448514,-0.1959942946249643,0.847
Armenia,2014,-0.18432972566214942,-0.2931985981680753,-0.3310578670131102,0.764
Australia,2014,-0.03813330459632683,-0.09919438684575851,-0.07616736117857517,0.931
Austria,2014,-0.05714031445623213,-0.16777294258568182,-0.053867658299566086,0.911
Azerbaijan,2014,-0.24028971014918027,-0.3423445307622901,-0.2857970439673645,0.749
Bahamas,2014,-0.19721343083148568,-0.3120099793627618,-0.13492650594665548,0.807
Bahrain,2014,-0.09130589995224707,-0.35995014807703557,-0.0750086330473527,0.839
Bangladesh,2014,-0.26264430367480984,-0.7853829432936316,-0.5597729672915427,0.585
Barbados,2014,-0.14057150074835847,-0.2663174451610891,-0.28133376281341965,0.795
Belarus,2014,-0.19311809173067687,-0.20204872046558528,-0.23716931237708963,0.81
Belgium,2014,-0.0621864177080393,-0.11877264040367849,-0.06396915297253784,0.922
Belize,2014,-0.19824458103018486,-0.40989590706635404,-0.39352982290393557,0.716
Benin,2014,-0.5076256210353198,-0.8582970913235974,-0.6790105082691114,0.506
Bhutan,2014,-0.2613847443539907,-0.805134945732553,-0.39397592940045584,0.615
Bolivia (Plurinational State of),2014,-0.32077758301815057,-0.38640474388447155,-0.4378305156288111,0.683
Bosnia and Herzegovina,2014,-0.15514348018278662,-0.3775738910157937,-0.326481621462314,0.751
Botswana,2014,-0.42234524082406083,-0.4334617522542801,-0.2876508952168402,0.683
Brazil,2014,-0.17975255182254846,-0.39621535321159485,-0.27329175194482774,0.753
Brunei Darussalam,2014,-0.17108036106485863,-0.3487921922421756,-0.026011837624100937,0.834
Bulgaria,2014,-0.176516898008672,-0.23587718847813108,-0.23196148762004518,0.807
Burkina Faso,2014,-0.5273980890418865,-1.3621833642476207,-0.8348230514955157,0.403
Burundi,2014,-0.48881327279042736,-0.9764467338780637,-1.1410819501304135,0.419
Cabo Verde,2014,-0.1626999413545458,-0.6075263948999753,-0.4646833295900514,0.663
Cambodia,2014,-0.2676582529286006,-0.8313072713846127,-0.6478595305921201,0.559
Cameroon,2014,-0.5124936808666876,-0.643860189480238,-0.6214903178643857,0.553
Canada,2014,-0.04959433358084216,-0.10929703730601477,-0.07396322708322577,0.925
Central African Republic,2014,-0.7544989897899924,-1.1941423217800688,-1.170736666726526,0.354
Chad,2014,-0.7339050745705795,-1.244678083821235,-0.8338028540758459,0.392
Chile,2014,-0.08886484184664649,-0.236441598529577,-0.19549932615238474,0.841
China,2014,-0.13631328046689714,-0.47140039835369013,-0.3264419056790782,0.732
Colombia,2014,-0.14826801666910272,-0.39745363098076447,-0.29932730435366894,0.755
Comoros,2014,-0.42450679422430193,-0.7184988469863716,-0.6476734568056739,0.551
Congo,2014,-0.4143506214653727,-0.5590113572598968,-0.5124215988215987,0.609
Congo (Democratic Republic of the),2014,-0.5290418178054291,-0.7694013942054907,-1.0994352534236451,0.45
Costa Rica,2014,-0.10068768965082442,-0.35924930772385716,-0.24550605758946115,0.79
Croatia,2014,-0.11475493268365494,-0.20974151085955253,-0.1906904719718863,0.842
Cuba,2014,-0.11648195934643901,-0.26707140874200985,-0.41665678361863234,0.766
Cyprus,2014,-0.06727456839585814,-0.22585567412999383,-0.13573027653336128,0.867
Czechia,2014,-0.1010110141097329,-0.11381813770039689,-0.13760825537152502,0.889
Côte d'Ivoire,2014,-0.5578634779738413,-0.9518498654736903,-0.57447515609187,0.499
Denmark,2014,-0.06959744981199786,-0.0911073756049878,-0.051068955683043725,0.932
Djibouti,2014,-0.44530201106739664,-1.2647388536879136,-0.5978263989964467,0.463
Dominica,2014,-0.2737488233341292,-0.38781609358059593,-0.30416039730891553,0.725
Dominican Republic,2014,-0.20660794421263706,-0.4503569265583249,-0.2973876371028602,0.728
Ecuador,2014,-0.13798966762838608,-0.3631038402691675,-0.3261492252404916,0.759
Egypt,2014,-0.2540985200504583,-0.5046317250113558,-0.3614595825483935,0.688
El Salvador,2014,-0.2280401354235372,-0.5831211755030012,-0.420221901897838,0.663
Equatorial Guinea,2014,-0.4956844222332613,-0.6046464263803984,-0.24344664401370045,0.639
Eritrea,2014,-0.35447955337529685,-1.0011408236998476,-0.7871716556594665,0.49
Estonia,2014,-0.12886537237110482,-0.10531637681714442,-0.15112806956908317,0.879
Eswatini (Kingdom of),2014,-0.6763657035979419,-0.6406545772975389,-0.42307718932542715,0.56
Ethiopia,2014,-0.41539890063655277,-1.1457703546471711,-0.8648026087297314,0.445
Fiji,2014,-0.3162714985364015,-0.34495752019875364,-0.3453483734100848,0.715
Finland,2014,-0.06330031367395073,-0.08339863009840291,-0.07877655645542626,0.928
France,2014,-0.039604786900161094,-0.21923140672687214,-0.08419136879321647,0.892
Gabon,2014,-0.36830272488099586,-0.46624047657276274,-0.29179066065004244,0.687
Gambia,2014,-0.4303333130370453,-1.063144635194179,-0.8207702995379377,0.462
Georgia,2014,-0.2022291742167894,-0.1722195055037194,-0.3221617072475103,0.793
Germany,2014,-0.06490782008926622,-0.05824887835679508,-0.057367775423361446,0.942
Ghana,2014,-0.41214118978571906,-0.6487268227160512,-0.560432071652184,0.582
Greece,2014,-0.06339865820771302,-0.16300678122317694,-0.15919590096178543,0.879
Grenada,2014,-0.16732684913273937,-0.2392777152536076,-0.32659882140384944,0.783
Guatemala,2014,-0.22383609876215074,-0.6968664247152094,-0.42031852719421553,0.64
Guinea,2014,-0.53980561918955,-1.1533967389847304,-0.7995783057892468,0.436
Guinea-Bissau,2014,-0.5208759596194922,-0.9393878989741815,-0.8384021157343906,0.465
Guyana,2014,-0.3056476189838498,-0.503747097509212,-0.3378087566226175,0.682
Haiti,2014,-0.4134895254930616,-0.7577189414084682,-0.6504652949857678,0.545
Honduras,2014,-0.21817514508001085,-0.7548489731436442,-0.542366507100531,0.603
"Hong Kong, China (SAR)",2014,-0.014301784710859645,-0.15327724124692746,-0.042109391301802836,0.932
Hungary,2014,-0.15177146113200937,-0.1918939431797982,-0.1794245547981663,0.84
Iceland,2014,-0.037414345617913486,-0.05905368107773317,-0.06967474900692505,0.946
India,2014,-0.2810579069147451,-0.6700619581645318,-0.5254586917266026,0.611
Indonesia,2014,-0.271748155777832,-0.46473263837129125,-0.3757041738761766,0.69
Iran (Islamic Republic of),2014,-0.1710255970521031,-0.27833845527844103,-0.2836750429535544,0.783
Iraq,2014,-0.28432361582191806,-0.6203655364428963,-0.3830467524353326,0.651
Ireland,2014,-0.058493240977016435,-0.1347864705721158,-0.06429386582410938,0.918
Israel,2014,-0.04364649248224555,-0.16270804280340545,-0.11178861517975916,0.899
Italy,2014,-0.03271392826715808,-0.2431261993714877,-0.10018413848290152,0.882
Jamaica,2014,-0.2044350366698551,-0.4337142184378676,-0.37313793025173747,0.714
Japan,2014,-0.020940813245668707,-0.16568445121114145,-0.09488828215569904,0.91
Jordan,2014,-0.17089782601762268,-0.39091949375831747,-0.35187610811270875,0.737
Kazakhstan,2014,-0.2557263442873077,-0.2302544015766957,-0.2069844545553705,0.794
Kenya,2014,-0.4411082284850163,-0.6396363473711315,-0.6131103083916877,0.569
Kiribati,2014,-0.34977572147846064,-0.49294304473800027,-0.6316938862531563,0.612
Korea (Republic of),2014,-0.041174620788154384,-0.1482255981120955,-0.1077310031358698,0.906
Kuwait,2014,-0.08933575458512923,-0.4924044116587831,-0.02669081494888508,0.816
Kyrgyzstan,2014,-0.26464686762504325,-0.3138750908993861,-0.5510151658733554,0.686
Lao People's Democratic Republic,2014,-0.3379286813374814,-0.7216565869126774,-0.4856804217054015,0.597
Latvia,2014,-0.1774350536821858,-0.13350644620552843,-0.17818668712763283,0.85
Lebanon,2014,-0.09730755785180836,-0.48927271615963513,-0.25794586219128096,0.755
Lesotho,2014,-0.7720904927901807,-0.6292572611356634,-0.6782243046116629,0.5
Liberia,2014,-0.5077278626835443,-0.8454915861276419,-0.9014417686752606,0.472
Libya,2014,-0.23259189280051046,-0.40595427991652017,-0.22642417072194854,0.75
Liechtenstein,2014,-0.043726850557873724,-0.19685751208689978,0.0,0.923
Lithuania,2014,-0.16991271210257927,-0.1158234634352442,-0.15179816279907218,0.864
Luxembourg,2014,-0.05155243727390903,-0.17632672767624621,0.0,0.927
Madagascar,2014,-0.384418910474797,-0.8065500349071816,-0.9038446488181103,0.497
Malawi,2014,-0.4632816570235348,-0.7393069365649153,-0.9178519369359837,0.493
Malaysia,2014,-0.16440305629160962,-0.3527654465478576,-0.20016738327422956,0.787
Maldives,2014,-0.08968908472534166,-0.624324188846931,-0.2607705982761341,0.723
Mali,2014,-0.5394361578072565,-1.3351354625863916,-0.8017156815766164,0.41
Malta,2014,-0.03545182434566128,-0.2243266082112408,-0.12013012534427987,0.881
Marshall Islands,2014,-0.3988027356961788,-0.24423874727162156,-0.5320464869189816,0.676
Mauritania,2014,-0.38668109897487163,-0.9722516413469862,-0.5349015723246516,0.532
Mauritius,2014,-0.16974862075802935,-0.32023990098308425,-0.2232911221584837,0.788
Mexico,2014,-0.17075182196575103,-0.39851500045669896,-0.23577329826074106,0.765
Micronesia (Federated States of),2014,-0.23224251391496883,-0.5014874516408891,-0.6032239797337661,0.64
Moldova (Republic of),2014,-0.2819345187643675,-0.2438484972607823,-0.34140226559719894,0.749
Mongolia,2014,-0.281608247834252,-0.28609504222848753,-0.3561077387756608,0.735
Montenegro,2014,-0.1358021005997778,-0.20654569105743587,-0.24402637207331418,0.822
Morocco,2014,-0.21285055259803023,-0.6679377497815858,-0.43321825734177705,0.645
Mozambique,2014,-0.5560912372371638,-0.9447068012409084,-0.9743247104100551,0.438
Myanmar,2014,-0.3664811093600599,-0.815843303990616,-0.6209385229764491,0.548
Namibia,2014,-0.4899677465037942,-0.5951455456694705,-0.3522074545204475,0.619
Nauru,2014,-0.44132348027064344,-0.5964743250745376,-0.40546128387135794,0.618
Nepal,2014,-0.3014169917311922,-0.7534093312117129,-0.6474346422930831,0.567
Netherlands,2014,-0.053043813506761794,-0.10189652516938127,-0.05794820802106196,0.931
New Zealand,2014,-0.050613363649533095,-0.05913414490004741,-0.10503189352070984,0.931
Nicaragua,2014,-0.20764883227868253,-0.6265337655874932,-0.5159735044377073,0.638
Niger,2014,-0.46604838462548176,-1.580993091955546,-0.9901126589386358,0.363
Nigeria,2014,-0.7152040390348285,-0.7708062513220777,-0.5149546945024573,0.513
North Macedonia,2014,-0.15019696759674322,-0.35203690968002754,-0.2872909285530475,0.769
Norway,2014,-0.04586674920639823,-0.08878407668764922,-0.02196952026261569,0.949
Oman,2014,-0.12354189378639004,-0.34912764710965516,-0.1316296683048179,0.818
Pakistan,2014,-0.361433500679774,-1.0449160577588803,-0.5632880291548931,0.519
Palau,2014,-0.39343012758079293,-0.11494434673641525,-0.24858141773562095,0.777
"Palestine, State of",2014,-0.21125298664395026,-0.40972443028927424,-0.4570884910722294,0.698
Panama,2014,-0.1269945625693284,-0.3799286019725586,-0.17428313076372953,0.797
Papua New Guinea,2014,-0.38432852929209754,-0.9012968410827311,-0.6132609188344776,0.531
Paraguay,2014,-0.20639989655005875,-0.4116282776633759,-0.3218574263413182,0.731
Peru,2014,-0.1610177943217341,-0.34972054891389015,-0.33784874861575936,0.754
Philippines,2014,-0.23960522734697617,-0.43827236648259804,-0.4205546417370124,0.693
Poland,2014,-0.12140304151685019,-0.1300181194026812,-0.17792602920274825,0.867
Portugal,2014,-0.0599786766377948,-0.2882569654636983,-0.14996513054308014,0.847
Qatar,2014,-0.08391686922213694,-0.4043142087636291,0.0,0.85
Romania,2014,-0.16836403318030094,-0.2639257292081758,-0.19657580654116194,0.811
Russian Federation,2014,-0.23152472931651927,-0.19187239149300545,-0.18054141545211624,0.818
Rwanda,2014,-0.369059003138454,-0.817413967250173,-0.8493079438659792,0.507
Saint Kitts and Nevis,2014,-0.24322852615901513,-0.15856689809117577,-0.16693179999488153,0.827
Saint Lucia,2014,-0.20666469199712417,-0.4478969882853258,-0.30044485295053097,0.727
Saint Vincent and the Grenadines,2014,-0.17668210382796382,-0.2720389919312626,-0.3261871360894833,0.772
Samoa,2014,-0.21427911066423655,-0.3223841594895646,-0.5045819590549357,0.707
San Marino,2014,-0.032920600604801516,-0.29655313885891965,-0.05655990197730598,0.879
Sao Tome and Principe,2014,-0.3275429904924856,-0.6823069201350239,-0.6025767156770804,0.584
Saudi Arabia,2014,-0.13560827312324505,-0.3332822620866815,-0.0684509634850679,0.836
Senegal,2014,-0.3359677485121258,-1.0592500878964684,-0.680495582073843,0.501
Serbia,2014,-0.15399428180165692,-0.2795905950760962,-0.2833524555389703,0.787
Seychelles,2014,-0.19006220771209648,-0.3049526048698886,-0.19114735720237014,0.796
Sierra Leone,2014,-0.580010821438745,-1.0306493204762004,-0.8074943004257794,0.447
Singapore,2014,-0.036791665679221486,-0.17472476932611694,0.0,0.932
Slovakia,2014,-0.1340238215400501,-0.18518400235174962,-0.16653684613514608,0.851
Slovenia,2014,-0.06448108688951325,-0.10968086649099917,-0.13349083023348923,0.903
Solomon Islands,2014,-0.2778028281566825,-0.7349818531748789,-0.7176160116790401,0.562
South Africa,2014,-0.4043887644969087,-0.30800343609061825,-0.29747920129720284,0.714
South Sudan,2014,-0.6198109346817873,-1.0677720311906718,-1.2474909787574842,0.376
Spain,2014,-0.03350905576798152,-0.21796988335849743,-0.11821065977055352,0.884
Sri Lanka,2014,-0.1734197571788356,-0.3292221444038612,-0.33431794019029953,0.757
Sudan,2014,-0.38410261206720747,-1.0904184344181738,-0.5420644092831435,0.511
Suriname,2014,-0.266733796985434,-0.5479168017807386,-0.25273898499088415,0.701
Sweden,2014,-0.043662563580785976,-0.09451068445258919,-0.062246699303955065,0.935
Switzerland,2014,-0.029904246515932632,-0.10357655865824705,-0.01756246405564156,0.951
Syrian Arab Republic,2014,-0.4096353298698511,-0.8455143856371544,-0.5710664776529735,0.544
Tajikistan,2014,-0.28115979905181687,-0.38471329629944717,-0.6293818805732634,0.649
Tanzania (United Republic of),2014,-0.39308817319417544,-0.8901126386985996,-0.7582717861877001,0.506
Thailand,2014,-0.12408167666748443,-0.3193471919260754,-0.28243071124018904,0.785
Timor-Leste,2014,-0.3287818833372066,-0.6120079704700959,-0.44322795492512207,0.63
Togo,2014,-0.5146019759860773,-0.7333200832858657,-0.8215018184253907,0.502
Tonga,2014,-0.25162216793558884,-0.2326908549694453,-0.49798969512680014,0.721
Trinidad and Tobago,2014,-0.18142964697149175,-0.3063081478721993,-0.15856165995914412,0.806
Tunisia,2014,-0.15530519217408315,-0.4719662490535359,-0.3544244925637939,0.721
Turkmenistan,2014,-0.2904757146285663,-0.3923664207129317,-0.3067282953198119,0.719
Tuvalu,2014,-0.38962961551336717,-0.4076540221334519,-0.5579127948433876,0.637
Türkiye,2014,-0.1389968505172071,-0.2999368672869896,-0.1851822045926253,0.812
Uganda,2014,-0.4753594847298856,-0.7098423961659169,-0.7895627798023019,0.518
Ukraine,2014,-0.21184226745330043,-0.23680335045045092,-0.3200180318756528,0.774
United Arab Emirates,2014,-0.09610434122088685,-0.35930815740746,-0.023131054939949533,0.853
United Kingdom,2014,-0.060893888834775624,-0.08796226676022581,-0.08697719894112968,0.924
United States,2014,-0.09656173189978526,-0.10446446346709341,-0.03852258195340695,0.923
Uruguay,2014,-0.12493547656427308,-0.3168092898576823,-0.210177183401173,0.805
Uzbekistan,2014,-0.2576951816192287,-0.35252066033326995,-0.46969444330278337,0.698
Vanuatu,2014,-0.2731219211204512,-0.6413496552492871,-0.6695963796988439,0.59
Venezuela (Bolivarian Republic of),2014,-0.20687279476280437,-0.3521270864551076,-0.2331631578639884,0.768
Viet Nam,2014,-0.18809202009290357,-0.48002405987636904,-0.4317574151982444,0.693
Yemen,2014,-0.3161026509209731,-1.1415746871674366,-0.7109942325697455,0.485
Zambia,2014,-0.46818374777350585,-0.6390263083920625,-0.6478171544633139,0.557
Zimbabwe,2014,-0.5147821584856961,-0.5596233564140637,-0.780539773936352,0.539
Afghanistan,2015,-0.4211489982898626,-1.0160998033769544,-0.770174117938344,0.479
Albania,2015,-0.10290200181961888,-0.25462286570084497,-0.32381664202216665,0.797
Algeria,2015,-0.1558084634479166,-0.4298367973253674,-0.3334868506660626,0.736
Andorra,2015,-0.031998853670301246,-0.3852627765540488,-0.05002316868166234,0.856
Angola,2015,-0.46926544023583616,-0.6860912461609736,-0.4248005713465631,0.591
Antigua and Barbuda,2015,-0.11544538547548495,-0.248954790417323,-0.23828765251212639,0.818
Argentina,2015,-0.13555541760379516,-0.15972154882458756,-0.19267992935232398,0.85
Armenia,2015,-0.17736157019756577,-0.28697334099459665,-0.32468466190096995,0.769
Australia,2015,-0.03674378327838869,-0.09630388069489186,-0.0747298877400532,0.933
Austria,2015,-0.06091023952436611,-0.16495592250221763,-0.05583333099424409,0.91
Azerbaijan,2015,-0.23375737145849498,-0.33922002631767795,-0.28674583581040725,0.751
Bahamas,2015,-0.20213501491801827,-0.3074106713903493,-0.13428331938244475,0.807
Bahrain,2015,-0.09000887198538636,-0.2877816269775386,-0.07754694651723013,0.859
Bangladesh,2015,-0.2525921673187882,-0.7150451439670644,-0.5467195784985112,0.604
Barbados,2015,-0.13749528242162173,-0.2625582626216939,-0.27751152676111734,0.798
Belarus,2015,-0.18564399305480728,-0.20325402358646563,-0.24747277236186624,0.809
Belgium,2015,-0.06531831227515437,-0.10929267685086572,-0.06270530332624638,0.924
Belize,2015,-0.2005732643112841,-0.42306463938552974,-0.38600477864905813,0.714
Benin,2015,-0.5012053803890001,-0.8429019562286658,-0.6836286929474922,0.509
Bhutan,2015,-0.25552768720850266,-0.7729061126812024,-0.3817603475321884,0.625
Bolivia (Plurinational State of),2015,-0.3174964971055403,-0.3770211411584692,-0.4254408928873191,0.688
Bosnia and Herzegovina,2015,-0.14579084899559874,-0.3736591305377179,-0.31521098733481706,0.757
Botswana,2015,-0.39434257802960937,-0.4226955914546029,-0.30392997767886637,0.688
Brazil,2015,-0.17927389793539295,-0.39495451045487734,-0.282170285976962,0.752
Brunei Darussalam,2015,-0.17160990119902692,-0.35825079128340703,-0.020950364910230945,0.832
Bulgaria,2015,-0.1737674782368489,-0.23345331503618835,-0.22872062598347603,0.809
Burkina Faso,2015,-0.5148079014932532,-1.304039419799618,-0.8326775018572056,0.413
Burundi,2015,-0.48009747808942543,-0.951927723555101,-1.1692451695789132,0.42
Cabo Verde,2015,-0.173987153850078,-0.6195754012827281,-0.46230114660489596,0.658
Cambodia,2015,-0.26490749574027256,-0.8223077048729,-0.6322986869431523,0.564
Cameroon,2015,-0.49409457671902335,-0.6201896405074777,-0.616410321125056,0.562
Canada,2015,-0.04846329452021394,-0.10565697836398419,-0.07390698451829343,0.927
Central African Republic,2015,-0.684172191915829,-1.1691281592582181,-1.1514859766551417,0.367
Chad,2015,-0.7215783111699032,-1.2934202196450066,-0.8287121958080345,0.388
Chile,2015,-0.0842850269316688,-0.22665311778322741,-0.18975059951973322,0.846
China,2015,-0.13173959226458748,-0.4537964638437847,-0.314746673742711,0.741
Colombia,2015,-0.1444567921092306,-0.392951235936665,-0.2919389420003813,0.758
Comoros,2015,-0.4156086884020336,-0.692873825902512,-0.6501718272301314,0.556
Congo,2015,-0.4077831773713029,-0.5409662318179762,-0.5327314280279895,0.61
Congo (Democratic Republic of the),2015,-0.5239888025999824,-0.7468335334562091,-1.07682628289449,0.457
Costa Rica,2015,-0.09539326017848056,-0.36486510800284605,-0.24109051846986415,0.792
Croatia,2015,-0.12155938787646997,-0.20585934898948574,-0.18101045758489023,0.844
Cuba,2015,-0.11788304065671677,-0.2792965597876781,-0.40686154632960947,0.765
Cyprus,2015,-0.0640709381638378,-0.21391933268284333,-0.12546775100429944,0.874
Czechia,2015,-0.10399392849604976,-0.11271128506665032,-0.12890079428221307,0.891
Côte d'Ivoire,2015,-0.5430839639192967,-0.9647747016675366,-0.5638144037220978,0.501
Denmark,2015,-0.06781773805096751,-0.08199416717152606,-0.049373726634122025,0.936
Djibouti,2015,-0.437741985587038,-1.2249624952890428,-0.58287208321628,0.473
Dominica,2015,-0.2881539786537944,-0.3868479901623494,-0.3159262572986334,0.719
Dominican Republic,2015,-0.2049825422293854,-0.41695746118238797,-0.2850222294440113,0.739
Ecuador,2015,-0.13504462489526348,-0.3419671172908013,-0.3294490360088077,0.764
Egypt,2015,-0.25275062395152015,-0.4848308773687179,-0.3555075625922275,0.695
El Salvador,2015,-0.22672688687635967,-0.5896634346131634,-0.415965556939463,0.663
Equatorial Guinea,2015,-0.482936125413883,-0.5829768371911923,-0.2375414891172978,0.648
Eritrea,2015,-0.34502873930433364,-1.0345415777179132,-0.8687071820994993,0.473
Estonia,2015,-0.11989295227349703,-0.10822288784541213,-0.14686757628483538,0.883
Eswatini (Kingdom of),2015,-0.6184964985570013,-0.6130642203632192,-0.41894994128839236,0.577
Ethiopia,2015,-0.39820689737989834,-1.1230855494170222,-0.8397863208047635,0.455
Fiji,2015,-0.3275643377157464,-0.33506271445336583,-0.3392585170027668,0.716
Finland,2015,-0.05668431809630145,-0.08216243033795492,-0.07843849360663893,0.93
France,2015,-0.04425737587074701,-0.2122792311670787,-0.08293599340270495,0.893
Gabon,2015,-0.35755445147124015,-0.4493035755632031,-0.29824377238897515,0.692
Gambia,2015,-0.4250243804021902,-1.0403731078727791,-0.8174676444823974,0.467
Georgia,2015,-0.19850722548614474,-0.1607523350933228,-0.3183707708095216,0.798
Germany,2015,-0.07052151178989985,-0.056846565940148044,-0.055925011822874904,0.941
Ghana,2015,-0.4091256458628949,-0.6379780574696852,-0.5549116698279909,0.586
Greece,2015,-0.06897089370648657,-0.15300707332785063,-0.1596494787077407,0.881
Grenada,2015,-0.16681774895628584,-0.2362580917114711,-0.32104669657497836,0.786
Guatemala,2015,-0.22116474122017477,-0.7565767429174428,-0.41452950283154366,0.629
Guinea,2015,-0.5332809972533842,-1.0797064595680617,-0.7898315005451341,0.449
Guinea-Bissau,2015,-0.507548946658581,-0.9285669269537253,-0.8298305734018397,0.47
Guyana,2015,-0.2990075021663296,-0.4907234783850236,-0.3392326438223893,0.686
Haiti,2015,-0.4076906597350625,-0.7430025969557825,-0.6507309034519679,0.549
Honduras,2015,-0.21382175000833645,-0.7329701079251439,-0.5348890929035112,0.61
"Hong Kong, China (SAR)",2015,-0.010998726381602222,-0.14898219957329856,-0.03973973572044523,0.936
Hungary,2015,-0.1552692539160067,-0.19791932016642885,-0.17298285396959126,0.839
Iceland,2015,-0.04160755940582517,-0.05589262987082754,-0.06256986287824025,0.948
India,2015,-0.2696708929832641,-0.6580550144011408,-0.5089244626635733,0.619
Indonesia,2015,-0.2684024577198247,-0.4421214887396463,-0.36757829544287274,0.698
Iran (Islamic Republic of),2015,-0.16480207688273874,-0.2823340294283922,-0.29211032513978974,0.782
Iraq,2015,-0.2736274567462018,-0.6123843444667727,-0.378583994794057,0.656
Ireland,2015,-0.05671688237003978,-0.1320297963941755,-0.047877342306570536,0.924
Israel,2015,-0.04564128095620414,-0.1625319942890012,-0.11143533031985883,0.899
Italy,2015,-0.03882079313195429,-0.23989870805688815,-0.09990155657281663,0.881
Jamaica,2015,-0.21559518894149698,-0.43093335351015927,-0.3740875257891765,0.712
Japan,2015,-0.0171774606786516,-0.16470241463929852,-0.09170917325130548,0.913
Jordan,2015,-0.16685410466050002,-0.3797579378352094,-0.36646510722399417,0.738
Kazakhstan,2015,-0.24792895667123532,-0.23022606095602102,-0.19558989279418312,0.799
Kenya,2015,-0.4392923919847378,-0.6198326312829247,-0.602045424474623,0.575
Kiribati,2015,-0.34446408655076544,-0.485529918384295,-0.5797467229186642,0.625
Korea (Republic of),2015,-0.03824518913160309,-0.14599808081276555,-0.10422738350393805,0.908
Kuwait,2015,-0.0873694830599973,-0.441307855893352,-0.03413724846869909,0.829
Kyrgyzstan,2015,-0.2624442676676618,-0.3112860835005444,-0.5457442638698805,0.689
Lao People's Democratic Republic,2015,-0.33128570993391293,-0.7072358043839785,-0.47213088685113186,0.604
Latvia,2015,-0.17279782110844802,-0.13230587016974427,-0.1709292246250494,0.853
Lebanon,2015,-0.09297598308543562,-0.4840618948529882,-0.2606723140270282,0.756
Lesotho,2015,-0.7371472968865523,-0.6270332527565473,-0.6699492999122245,0.508
Liberia,2015,-0.5070379343320639,-0.8338548961454008,-0.9091134313130665,0.472
Libya,2015,-0.2289681738490626,-0.4105571806486311,-0.22804977286025818,0.749
Liechtenstein,2015,-0.03433665958399932,-0.19649414453562225,0.0,0.926
Lithuania,2015,-0.1741702537315748,-0.11103422426378261,-0.15102645806378806,0.865
Luxembourg,2015,-0.04986920766598914,-0.21405353273652666,-0.005577784438035496,0.914
Madagascar,2015,-0.3825226189613435,-0.7962798553042028,-0.9064318077249933,0.499
Malawi,2015,-0.4516379312740855,-0.7241739238851077,-0.9178428480354066,0.498
Malaysia,2015,-0.16534645258799316,-0.3412632607482247,-0.19277665026143456,0.792
Maldives,2015,-0.08513900509828565,-0.607024358872384,-0.26071366419031433,0.728
Mali,2015,-0.5272938164732981,-1.3616427031025637,-0.7907419439771055,0.409
Malta,2015,-0.031855900090261915,-0.21802252078619436,-0.10940622949238858,0.887
Marshall Islands,2015,-0.3941372040771504,-0.22500980390297168,-0.5014873425440681,0.688
Mauritania,2015,-0.37923521619890643,-0.966551250825153,-0.5254924924817511,0.536
Mauritius,2015,-0.1675087334548123,-0.3213461539655799,-0.21640209275944164,0.791
Mexico,2015,-0.17285268226402054,-0.3825537612902857,-0.23199730240318844,0.769
Micronesia (Federated States of),2015,-0.2345934675221345,-0.5026342662090972,-0.5919189704050754,0.642
Moldova (Republic of),2015,-0.2776809685793844,-0.24492487204203695,-0.34620914344184395,0.749
Mongolia,2015,-0.27245500517766175,-0.2810672821256735,-0.35535680284074034,0.739
Montenegro,2015,-0.13562589225057015,-0.19783490479896929,-0.2360363542342345,0.827
Morocco,2015,-0.20560593064888208,-0.636067044258912,-0.42533051517641324,0.656
Mozambique,2015,-0.5328353001889174,-0.9317377330552166,-0.9637117349435591,0.445
Myanmar,2015,-0.3553351824793944,-0.785207629377929,-0.6148589271706866,0.557
Namibia,2015,-0.4681591774470878,-0.5868433952008969,-0.34614904705847566,0.627
Nauru,2015,-0.4303333130370453,-0.5659958756045773,-0.33399120294780826,0.642
Nepal,2015,-0.3145843039401155,-0.7464968805089884,-0.6379837023450493,0.568
Netherlands,2015,-0.05564282085000127,-0.10036818587743282,-0.05558221227432051,0.932
New Zealand,2015,-0.047623921418035654,-0.06077671848671375,-0.1010463109001534,0.933
Nicaragua,2015,-0.2044161625132934,-0.6082816756504098,-0.5084222852452632,0.644
Niger,2015,-0.4587928592641264,-1.5597119373305417,-0.9865948959187658,0.367
Nigeria,2015,-0.7136325023774696,-0.733733734164329,-0.5125532947944018,0.52
North Macedonia,2015,-0.14937492244519388,-0.32663136655513786,-0.28276424394456295,0.777
Norway,2015,-0.04287538333209712,-0.0838249214387261,-0.019426194993105734,0.952
Oman,2015,-0.1193554250590773,-0.3334275061520254,-0.1264254102129467,0.824
Pakistan,2015,-0.35235461966446235,-1.023641030390011,-0.5547277337297966,0.525
Palau,2015,-0.39598708984328873,-0.109354278331596,-0.2310176470196259,0.782
"Palestine, State of",2015,-0.17791282799804198,-0.4000497824381756,-0.4501312760488564,0.71
Panama,2015,-0.12315899874716439,-0.37321463348145995,-0.16740204495683936,0.802
Papua New Guinea,2015,-0.37439139716169606,-0.8689675252376972,-0.602896582097578,0.54
Paraguay,2015,-0.20049806079172383,-0.39389384196124144,-0.3186762157556958,0.738
Peru,2015,-0.1558264421072485,-0.34472265257557094,-0.33095545765862977,0.758
Philippines,2015,-0.23732049402805958,-0.4407582243884962,-0.41058153483326076,0.696
Poland,2015,-0.12408167666748443,-0.1284407251036637,-0.170048555228112,0.869
Portugal,2015,-0.060093032365916094,-0.28145427452825755,-0.14731268624685917,0.85
Qatar,2015,-0.07897660949153888,-0.4003043434419184,0.0,0.852
Romania,2015,-0.17087957434531267,-0.2598122966756963,-0.19122872753165138,0.813
Russian Federation,2015,-0.22120312746255014,-0.18070277093506543,-0.18313377705535977,0.823
Rwanda,2015,-0.36112438849166884,-0.8394074957966549,-0.8266950238735917,0.509
Saint Kitts and Nevis,2015,-0.24721952714103773,-0.14890996086032074,-0.16576915444336757,0.829
Saint Lucia,2015,-0.20149496670430408,-0.4119262739070748,-0.30641296456688155,0.736
Saint Vincent and the Grenadines,2015,-0.17789444784125896,-0.2592732279579814,-0.317929281321595,0.777
Samoa,2015,-0.21328842682089838,-0.3223986327851625,-0.4931174454677062,0.71
San Marino,2015,-0.03241194550966775,-0.3117518832882481,-0.06774163031386239,0.872
Sao Tome and Principe,2015,-0.3189557802010105,-0.6337862518216267,-0.6024111165559133,0.595
Saudi Arabia,2015,-0.1327756343257397,-0.3195372446629403,-0.06416946332467886,0.842
Senegal,2015,-0.32681745591241057,-1.071579030405372,-0.672334831963881,0.501
Serbia,2015,-0.15230878740944528,-0.25964031181406627,-0.2804680335133825,0.794
Seychelles,2015,-0.19101151302224972,-0.3022147535751362,-0.18906279819630636,0.797
Sierra Leone,2015,-0.5583742512688149,-1.0243771545664777,-0.891743161879213,0.438
Singapore,2015,-0.03401826936225715,-0.16731266194492564,0.0,0.935
Slovakia,2015,-0.13751293482808652,-0.18179008804849145,-0.160170705408083,0.852
Slovenia,2015,-0.06643570426731946,-0.10682640998821448,-0.13367712036713938,0.903
Solomon Islands,2015,-0.27073923684968076,-0.7336134744602785,-0.7226217486384556,0.562
South Africa,2015,-0.39133464576445104,-0.2919167498328203,-0.2986725015176548,0.721
South Sudan,2015,-0.6029971445741681,-1.057299361283116,-1.2361962127519286,0.381
Spain,2015,-0.03688743735960886,-0.20597212218281358,-0.11111527209920613,0.889
Sri Lanka,2015,-0.16838223899705967,-0.32858658249054534,-0.3255077592863507,0.76
Sudan,2015,-0.37533141513601814,-1.075845909587098,-0.546251980940951,0.514
Suriname,2015,-0.24649091531120093,-0.5461410184122943,-0.2460298474466487,0.707
Sweden,2015,-0.04430561940411271,-0.0923196164332996,-0.0588865329585969,0.937
Switzerland,2015,-0.0336840686955196,-0.09890193038024363,-0.015091777957652033,0.952
Syrian Arab Republic,2015,-0.3649730141529633,-0.8651064894624163,-0.5543944890635363,0.552
Tajikistan,2015,-0.27634149239835054,-0.383397810676398,-0.62661277685674,0.651
Tanzania (United Republic of),2015,-0.37551056640735175,-0.9085696481659643,-0.751413547183461,0.507
Thailand,2015,-0.11883551239269192,-0.3151967750946108,-0.2772429141237841,0.789
Timor-Leste,2015,-0.3213290146333962,-0.6123251961501301,-0.49531366748180666,0.621
Togo,2015,-0.5007229815881812,-0.7121962474767465,-0.8052071791151538,0.51
Tonga,2015,-0.25029736324935303,-0.22818347172304101,-0.49314069286020434,0.723
Trinidad and Tobago,2015,-0.1761315238698475,-0.2960360403942166,-0.15272728738789004,0.812
Tunisia,2015,-0.15455075984859817,-0.46177958893036963,-0.35294424001721053,0.724
Turkmenistan,2015,-0.2870258775383526,-0.38074206589947746,-0.29743472077902866,0.725
Tuvalu,2015,-0.38883492852144,-0.3690886050390297,-0.5053095761763434,0.656
Türkiye,2015,-0.13756589391720264,-0.2752244585066092,-0.1784817333688269,0.821
Uganda,2015,-0.4587198390253178,-0.69328853761705,-0.7816796141186237,0.525
Ukraine,2015,-0.19549097103320096,-0.2815031788225089,-0.32991347086348444,0.764
United Arab Emirates,2015,-0.09307728994399661,-0.34711023198143004,-0.014010595902066849,0.86
United Kingdom,2015,-0.06476008414237945,-0.0905364676760997,-0.08505946208322891,0.923
United States,2015,-0.09907263358034207,-0.10233127024822768,-0.035677153953261834,0.924
Uruguay,2015,-0.12289801797996548,-0.31434095145610125,-0.20655291205139015,0.807
Uzbekistan,2015,-0.2529091056967361,-0.3507005501126167,-0.46150842215594856,0.701
Vanuatu,2015,-0.27215200853860627,-0.6280650530364359,-0.6747743803516192,0.592
Venezuela (Bolivarian Republic of),2015,-0.20398215520383622,-0.34771707497136056,-0.2481193820086575,0.766
Viet Nam,2015,-0.1877021601590686,-0.47318481976429744,-0.42142584698726865,0.697
Yemen,2015,-0.3485105612015129,-1.1588429938892502,-0.8572625521817553,0.455
Zambia,2015,-0.45575485763235307,-0.6331615904886535,-0.6360816800899267,0.563
Zimbabwe,2015,-0.495785450192835,-0.5421210047249369,-0.7863047781228547,0.544
Afghanistan,2016,-0.41002935460579526,-1.0015919179530524,-0.7732890982061408,0.483
Albania,2016,-0.09922552709031042,-0.2717694168938942,-0.3158643863835892,0.795
Algeria,2016,-0.15383278164429184,-0.42758138598488815,-0.3281748871503091,0.738
Andorra,2016,-0.0317764902640484,-0.37923059347783405,-0.04599466636641721,0.859
Angola,2016,-0.45857381454161994,-0.6566810131569292,-0.4398167239746171,0.595
Antigua and Barbuda,2016,-0.11132699771330279,-0.24725218018023298,-0.2298057509656926,0.822
Argentina,2016,-0.1435506489299181,-0.15044960198618462,-0.19915894659689956,0.848
Armenia,2016,-0.17318191241715988,-0.27334685494295907,-0.32665541384528074,0.773
Australia,2016,-0.033302261789721635,-0.0924037109799091,-0.07420646673689672,0.936
Austria,2016,-0.05383904217690004,-0.1679469580903781,-0.05285017926347501,0.913
Azerbaijan,2016,-0.22306663119571482,-0.3323161076029493,-0.30148364372943975,0.752
Bahamas,2016,-0.19401426624594922,-0.30280470515093877,-0.13753450448016297,0.809
Bahrain,2016,-0.0874534327238282,-0.27907095454108144,-0.07724247345940612,0.862
Bangladesh,2016,-0.24079848655293046,-0.6925820061233319,-0.5362733925070515,0.613
Barbados,2016,-0.1345868945256647,-0.2574523965404657,-0.2730959580690253,0.801
Belarus,2016,-0.18063682290923916,-0.20191793816828676,-0.25331510318367745,0.809
Belgium,2016,-0.05916223009418116,-0.10590436388683941,-0.06221014227124569,0.927
Belize,2016,-0.1965952506965931,-0.3963097668058288,-0.39197197306557874,0.72
Benin,2016,-0.4970997433176993,-0.8537583411765062,-0.682825249042866,0.508
Bhutan,2016,-0.2503961686916372,-0.7416836277382552,-0.37003567764364664,0.635
Bolivia (Plurinational State of),2016,-0.31096644630670844,-0.34519710107122187,-0.4157286411956382,0.7
Bosnia and Herzegovina,2016,-0.13471010901584454,-0.3544597886047342,-0.307183190553766,0.767
Botswana,2016,-0.35746646590081677,-0.41962225468626396,-0.30640344404225894,0.697
Brazil,2016,-0.17725135509431159,-0.38192893176990944,-0.2909937810705315,0.753
Brunei Darussalam,2016,-0.17192045169794679,-0.3612739986348328,-0.02401433112847442,0.83
Bulgaria,2016,-0.1700768303775175,-0.2403664369114116,-0.2218376344561262,0.81
Burkina Faso,2016,-0.5025013921582718,-1.2620404994172045,-0.8227649202493926,0.422
Burundi,2016,-0.46587677183255266,-0.9323535108955938,-1.1804867957814165,0.423
Cabo Verde,2016,-0.1536533676100447,-0.6211148488741376,-0.45473966025295937,0.664
Cambodia,2016,-0.2578942697960393,-0.7980631519804761,-0.6164238623245091,0.573
Cameroon,2016,-0.4796997154987244,-0.6146717364641442,-0.6132296364690496,0.566
Canada,2016,-0.046559576856988034,-0.10499933280578642,-0.07360968041910868,0.928
Central African Republic,2016,-0.6640365743369592,-1.154599404680556,-1.137291414830777,0.373
Chad,2016,-0.7060609750602153,-1.2730652569812448,-0.8586671445489699,0.388
Chile,2016,-0.07872690705231328,-0.2161097396547435,-0.18939419848938346,0.851
China,2016,-0.12751873569823813,-0.4363235935583168,-0.302345536074949,0.749
Colombia,2016,-0.14066003784988856,-0.3794769584055964,-0.2895079433518147,0.763
Comoros,2016,-0.4076906597350625,-0.6671761782601856,-0.646917393949379,0.563
Congo,2016,-0.39985778166560465,-0.5285779030507544,-0.5759046725609878,0.606
Congo (Democratic Republic of the),2016,-0.509134746412857,-0.7247404139132341,-1.0539027135868966,0.466
Costa Rica,2016,-0.08910027049603703,-0.36085316259773736,-0.23512578523328745,0.796
Croatia,2016,-0.10996941091568885,-0.20059754618700731,-0.17757702991224672,0.85
Cuba,2016,-0.12011845292927191,-0.28434324580133097,-0.4060198985210209,0.763
Cyprus,2016,-0.06259579406981577,-0.19785910284988417,-0.12130602455449459,0.881
Czechia,2016,-0.09690067474032053,-0.11557924759462682,-0.12479154522098118,0.894
Côte d'Ivoire,2016,-0.5352234080276337,-0.9587933970160409,-0.5524502835069716,0.506
Denmark,2016,-0.06548255634220682,-0.06319471831183222,-0.04650655352288014,0.943
Djibouti,2016,-0.43218034174116177,-1.1856743752343575,-0.5742398714587883,0.482
Dominica,2016,-0.25980753568580117,-0.3858676568754936,-0.30842016677878514,0.728
Dominican Republic,2016,-0.20434066944918294,-0.3499480059076184,-0.27492667990382813,0.759
Ecuador,2016,-0.13550256487790346,-0.34768739185702896,-0.3354226926511644,0.761
Egypt,2016,-0.24562514846321473,-0.46541450266684226,-0.34998988834428674,0.702
El Salvador,2016,-0.22266289761593888,-0.595136521203678,-0.4122695006302315,0.664
Equatorial Guinea,2016,-0.47360394877887724,-0.5617668762484228,-0.25534453307234317,0.65
Eritrea,2016,-0.33948291802380426,-1.033860652428675,-0.8460052566978318,0.477
Estonia,2016,-0.11705253330743727,-0.11262945581604293,-0.1415836219319396,0.884
Eswatini (Kingdom of),2016,-0.5727283055429732,-0.5903563056026875,-0.4220697776730029,0.59
Ethiopia,2016,-0.381327996872037,-1.1005124816585046,-0.817753619148325,0.465
Fiji,2016,-0.3191462785664756,-0.32861112308814006,-0.33304098109358005,0.721
Finland,2016,-0.0587542566557525,-0.0802515536192218,-0.07524076313338514,0.931
France,2016,-0.04022922152693714,-0.20784923438907427,-0.08164203184903446,0.896
Gabon,2016,-0.35005951160665166,-0.4413097243289206,-0.2977174860768519,0.696
Gambia,2016,-0.4128848743118491,-1.0181085988631646,-0.8187831901908232,0.472
Georgia,2016,-0.19341672734145948,-0.15149126272305746,-0.31756876903107395,0.802
Germany,2016,-0.06602475323867907,-0.062060131476608854,-0.05335704587443116,0.941
Ghana,2016,-0.39270076619549454,-0.655351952500596,-0.5548935857138872,0.586
Greece,2016,-0.060861188257607356,-0.17220093865831057,-0.16050342989146313,0.877
Grenada,2016,-0.17139074713284191,-0.23785947690809017,-0.3108837717943183,0.787
Guatemala,2016,-0.21633982615621158,-0.7460111237708303,-0.4117748384492209,0.633
Guinea,2016,-0.5169210864874443,-1.0108262205569276,-0.7649203901342969,0.466
Guinea-Bissau,2016,-0.49369120858972027,-0.9178617952092277,-0.8170885695653608,0.476
Guyana,2016,-0.2952180893385693,-0.4778672951767363,-0.32555189015496067,0.693
Haiti,2016,-0.4041121775777067,-0.7302904464582993,-0.64937530707022,0.552
Honduras,2016,-0.2118993130612794,-0.7181189905964634,-0.5301836277867195,0.615
"Hong Kong, China (SAR)",2016,-0.007117577658979835,-0.14676236698425718,-0.03610876135025753,0.939
Hungary,2016,-0.1462715454806377,-0.2019260738792581,-0.16469493852571673,0.843
Iceland,2016,-0.046769130910610954,-0.05274153978181541,-0.05162279439324906,0.951
India,2016,-0.26002699800400453,-0.6301265604139253,-0.49430598145964694,0.63
Indonesia,2016,-0.2664124473140604,-0.4403412719260738,-0.35893380978232536,0.701
Iran (Islamic Republic of),2016,-0.15620406863910052,-0.2902153410614924,-0.278729652323028,0.785
Iraq,2016,-0.28281189973659615,-0.6044663478743219,-0.35582549028540544,0.661
Ireland,2016,-0.05453741726517465,-0.12928070058245802,-0.037374511928597504,0.929
Israel,2016,-0.03946074195789013,-0.16329594364803887,-0.1073818194863426,0.902
Italy,2016,-0.030475068038717967,-0.2362869324691876,-0.09584037873550857,0.886
Jamaica,2016,-0.22275900987513167,-0.4296930069088841,-0.3743498185128301,0.71
Japan,2016,-0.014473467908958869,-0.16535767112399494,-0.09105711156507827,0.914
Jordan,2016,-0.16315261439654294,-0.3686935559655265,-0.3719316443545612,0.74
Kazakhstan,2016,-0.24456363984198443,-0.23052788875658178,-0.20484541996283506,0.797
Kenya,2016,-0.4328442106988486,-0.6004134985115306,-0.572437236748216,0.586
Kiribati,2016,-0.33855440282553767,-0.4781713423326199,-0.6198626308178831,0.619
Korea (Republic of),2016,-0.032427837065689934,-0.14485514909915306,-0.09993932872830243,0.912
Kuwait,2016,-0.08503849921860705,-0.4296615062187239,-0.03555381184024054,0.832
Kyrgyzstan,2016,-0.2568594438330461,-0.3047838662711193,-0.544262618007587,0.692
Lao People's Democratic Republic,2016,-0.32069277436761745,-0.705200221746706,-0.45908310676096736,0.61
Latvia,2016,-0.1715368445070013,-0.12457849551955472,-0.1645380986687716,0.858
Lebanon,2016,-0.08832692726123398,-0.47887808506290586,-0.2546751352785818,0.76
Lesotho,2016,-0.70043521232457,-0.613579844319045,-0.6597857942920492,0.518
Liberia,2016,-0.4751615237275565,-0.81849514562658,-0.9226262650693493,0.478
Libya,2016,-0.22784690244193073,-0.4151813665562489,-0.23515938549311047,0.746
Liechtenstein,2016,-0.040934180300023874,-0.19322439012895115,0.0,0.925
Lithuania,2016,-0.1692018439933546,-0.10402158230582452,-0.14443986858335886,0.87
Luxembourg,2016,-0.046398411307387095,-0.19640716895645235,0.0,0.922
Madagascar,2016,-0.367791449014305,-0.8037481560406913,-0.9027799684448116,0.501
Malawi,2016,-0.43175380145033465,-0.7202683849457129,-0.9187833816691763,0.501
Malaysia,2016,-0.16181329616260387,-0.32916623337805156,-0.18753604874276336,0.798
Maldives,2016,-0.08217831980395801,-0.5900187310293477,-0.25488844599804306,0.734
Mali,2016,-0.5177469569243511,-1.3966015112492633,-0.7841719777511841,0.407
Malta,2016,-0.029492189075635115,-0.21615891170270632,-0.11561099400295669,0.887
Marshall Islands,2016,-0.388903019809186,-0.20614364815956593,-0.49717260023493093,0.695
Mauritania,2016,-0.37289367141256646,-0.9909876297032995,-0.526738151644428,0.532
Mauritius,2016,-0.16685410466050002,-0.31476551595909313,-0.21174201163684594,0.794
Mexico,2016,-0.17780255212445337,-0.36480831142432046,-0.22940692208992128,0.773
Micronesia (Federated States of),2016,-0.23096250132795942,-0.5037823974711075,-0.5906254797837781,0.643
Moldova (Republic of),2016,-0.26402564379415716,-0.24315431326473724,-0.3341562038197578,0.755
Mongolia,2016,-0.26506791604180596,-0.2760646735498656,-0.35722977523754174,0.741
Montenegro,2016,-0.1358021005997778,-0.20534349181694034,-0.23298118837467624,0.826
Morocco,2016,-0.1987511714064206,-0.6109362779413087,-0.4266453283736778,0.662
Mozambique,2016,-0.5098517391712182,-0.9365999465073682,-0.9615137132435927,0.448
Myanmar,2016,-0.3526172534450531,-0.7614665573953439,-0.5863008096270254,0.567
Namibia,2016,-0.4443178889568381,-0.5825295456209796,-0.3539532507411744,0.631
Nauru,2016,-0.4201415123504481,-0.5359876812969161,-0.31345258348053967,0.655
Nepal,2016,-0.28714888129012217,-0.7395544043550187,-0.6396824349356732,0.574
Netherlands,2016,-0.054586159314137524,-0.09856439575942047,-0.05526081406926363,0.933
New Zealand,2016,-0.04612448947007593,-0.05756943111950867,-0.0984410344489499,0.935
Nicaragua,2016,-0.1992767955972346,-0.5913994712347304,-0.5037160874101964,0.65
Niger,2016,-0.4455902301158673,-1.5309417559777005,-0.9861824197135769,0.372
Nigeria,2016,-0.7073085191199691,-0.6979865996258221,-0.5216791528899427,0.526
North Macedonia,2016,-0.14850000831844395,-0.3095851220379047,-0.27941468164208344,0.782
Norway,2016,-0.040581638792622714,-0.07694606456827771,-0.01890140776624392,0.956
Oman,2016,-0.11539358497646195,-0.31232435177185564,-0.1257153028063116,0.832
Pakistan,2016,-0.34835797763446724,-0.9974549776867668,-0.5438713177610431,0.533
Palau,2016,-0.39356694208334364,-0.10379528515934398,-0.23383270057520258,0.784
"Palestine, State of",2016,-0.17519623308213525,-0.3980900463729029,-0.43503450123527826,0.715
Panama,2016,-0.11994498637318884,-0.35843212560872767,-0.15905264769841038,0.809
Papua New Guinea,2016,-0.3712866716916779,-0.8445118186803562,-0.5930061778158483,0.547
Paraguay,2016,-0.19407030382850254,-0.4126825781963793,-0.31260284884325024,0.736
Peru,2016,-0.15281055255804754,-0.3268098290225482,-0.32725249650180477,0.764
Philippines,2016,-0.23500204771167946,-0.4511171732797912,-0.39977781311193894,0.696
Poland,2016,-0.11736389273981869,-0.12686581468086447,-0.1650427739697162,0.872
Portugal,2016,-0.059717341212290664,-0.28020504563041887,-0.1428436044612468,0.851
Qatar,2016,-0.07285195653795441,-0.403074713845005,0.0,0.853
Romania,2016,-0.16259133030869577,-0.2671698726334881,-0.1856647178971563,0.815
Russian Federation,2016,-0.2105121262622393,-0.18129152259469988,-0.18293220657284265,0.826
Rwanda,2016,-0.351479671558686,-0.8062096012474076,-0.8180815505014996,0.518
Saint Kitts and Nevis,2016,-0.22815609313775412,-0.14890996086032074,-0.15887602845845822,0.836
Saint Lucia,2016,-0.201984378478779,-0.3901925142543808,-0.29528570012460514,0.744
Saint Vincent and the Grenadines,2016,-0.18023143492896876,-0.24561075796347517,-0.30947447662416616,0.783
Samoa,2016,-0.2128124856382432,-0.3224131054466281,-0.4773637318505146,0.714
San Marino,2016,-0.03168120679565803,-0.32718519894365894,-0.06595384927788293,0.868
Sao Tome and Principe,2016,-0.31382599409209117,-0.6287240720196516,-0.5942962929022295,0.599
Saudi Arabia,2016,-0.13021382491990027,-0.3059785944452741,-0.06411723870273019,0.846
Senegal,2016,-0.3137207187443222,-1.0445571979135135,-0.6624103219988746,0.51
Serbia,2016,-0.1443856923740473,-0.25075637116660443,-0.27472354026279283,0.8
Seychelles,2016,-0.19205492656949502,-0.30169981742038754,-0.18494777220003564,0.798
Sierra Leone,2016,-0.5262256490602597,-1.0181440837159963,-0.8791007523101165,0.446
Singapore,2016,-0.031252543504104426,-0.16432245087825667,0.0,0.937
Slovakia,2016,-0.127571168125959,-0.18477648306112027,-0.15599051135006012,0.855
Slovenia,2016,-0.06092659048130637,-0.09741192512448135,-0.12744090186260354,0.909
Solomon Islands,2016,-0.2663522057453516,-0.7322427784293591,-0.7174459246489656,0.564
South Africa,2016,-0.37336286652813927,-0.34995028363170805,-0.2998884648029598,0.711
South Sudan,2016,-0.6036159042620297,-1.057299361283116,-1.2705750143941041,0.376
Spain,2016,-0.03060196152766618,-0.2007474290604194,-0.10576593764457583,0.894
Sri Lanka,2016,-0.1610539397710259,-0.32795142387403425,-0.31640404170062114,0.765
Sudan,2016,-0.3726256587250283,-1.0620339788138082,-0.545184086478298,0.517
Suriname,2016,-0.23102064818756093,-0.5443683824401009,-0.2568398788959975,0.709
Sweden,2016,-0.041800036750232125,-0.09015814213861133,-0.0579737108434142,0.939
Switzerland,2016,-0.024213881046759346,-0.10122380255475352,-0.016051290950990112,0.954
Syrian Arab Republic,2016,-0.34589805889921044,-0.8850901274265524,-0.5549428033847618,0.551
Tajikistan,2016,-0.27142519095800427,-0.3820835786768696,-0.6177958193917185,0.655
Tanzania (United Republic of),2016,-0.35918358244820664,-0.9234450180663446,-0.7426636273623854,0.509
Thailand,2016,-0.11309978842896927,-0.3110635134271694,-0.2704517411231349,0.793
Timor-Leste,2016,-0.31479504765546423,-0.6126425219816471,-0.5558719598028804,0.61
Togo,2016,-0.4968215756819743,-0.6915094134329848,-0.801076908436736,0.515
Tonga,2016,-0.24923088607752822,-0.22369631343404506,-0.4777068550596797,0.728
Trinidad and Tobago,2016,-0.18021301210677593,-0.2857635289967683,-0.16560609397024148,0.81
Tunisia,2016,-0.15286432804540082,-0.4462118312599911,-0.352027348657251,0.728
Turkmenistan,2016,-0.2871283796141094,-0.3658879833168011,-0.296120091760311,0.729
Tuvalu,2016,-0.38774609799920495,-0.4223783890087457,-0.4776059586595239,0.651
Türkiye,2016,-0.13731877549326665,-0.26137168346570544,-0.17587481400512558,0.826
Uganda,2016,-0.44513392164342747,-0.676982710834979,-0.7768474162709913,0.531
Ukraine,2016,-0.17964207289629122,-0.2868367570907624,-0.3303112234533255,0.767
United Arab Emirates,2016,-0.09118791877853481,-0.33505930466874323,-0.006965160718985084,0.866
United Kingdom,2016,-0.06228465275183293,-0.08566058614275048,-0.08305785462152655,0.926
United States,2016,-0.0994294214737265,-0.09661973792360073,-0.03417166392643856,0.926
Uruguay,2016,-0.12136830120070989,-0.30316214054017215,-0.20509045706949697,0.811
Uzbekistan,2016,-0.24737713465924283,-0.3318770997193169,-0.45294688204121414,0.709
Vanuatu,2016,-0.2693888794044554,-0.6175130599903601,-0.6668293559184421,0.596
Venezuela (Bolivarian Republic of),2016,-0.2220287882780881,-0.3181958031487024,-0.28556948256759873,0.759
Viet Nam,2016,-0.18655203110654395,-0.4663819547222733,-0.4101930304409819,0.702
Yemen,2016,-0.3443555360258172,-1.176414742738839,-0.9232891789751247,0.443
Zambia,2016,-0.44163448133773087,-0.6273310358477332,-0.6508677792173806,0.564
Zimbabwe,2016,-0.4778869286503398,-0.5385450932038263,-0.7919652607249372,0.547
Afghanistan,2017,-0.4128151303882603,-0.9872915047811649,-0.7730866461776708,0.485
Albania,2017,-0.09605353294590145,-0.27670623443156434,-0.31067416748019344,0.796
Algeria,2017,-0.15363542797690996,-0.425331050079676,-0.33060391750339657,0.738
Andorra,2017,-0.031570054222758444,-0.3726197197321932,-0.048253823887184716,0.86
Angola,2017,-0.44436587245052556,-0.650038750108963,-0.45134717670747027,0.597
Antigua and Barbuda,2017,-0.1093342123089358,-0.24555226433709995,-0.22555698620164072,0.824
Argentina,2017,-0.13427012696001442,-0.14751106457657961,-0.1967218667818539,0.853
Armenia,2017,-0.1687646377343409,-0.28705568311899193,-0.3083148704937673,0.775
Australia,2017,-0.031236670614206367,-0.08983935777869559,-0.0729112515296736,0.937
Austria,2017,-0.05309248280698794,-0.16464034209004208,-0.051885438973929804,0.914
Azerbaijan,2017,-0.21838565729528098,-0.329638406619837,-0.29847865072026525,0.754
Bahamas,2017,-0.19224136503601913,-0.2981920724082659,-0.13369808111887596,0.812
Bahrain,2017,-0.08523952108041134,-0.26695872635859746,-0.07605688437291663,0.867
Bangladesh,2017,-0.2272288076992363,-0.6687695111741548,-0.5261763079275387,0.622
Barbados,2017,-0.132459439898667,-0.2523525817615129,-0.2723873797437252,0.803
Belarus,2017,-0.17706769024541047,-0.2042621727880512,-0.24640997798705172,0.811
Belgium,2017,-0.05759651884370649,-0.09662361267977287,-0.0603224521085532,0.931
Belize,2017,-0.1935474084703571,-0.4087744123702031,-0.40185177908868,0.716
Benin,2017,-0.48911431137581246,-0.8835591970670821,-0.6758484938704249,0.505
Bhutan,2017,-0.2455661461916102,-0.711406543585256,-0.3622195176918055,0.644
Bolivia (Plurinational State of),2017,-0.30943490786050387,-0.31865653288558965,-0.4125660899121549,0.707
Bosnia and Herzegovina,2017,-0.1324770036330688,-0.35150382294365645,-0.3002531631980001,0.77
Botswana,2017,-0.32950884509682493,-0.41655833396291936,-0.3013447781788191,0.705
Brazil,2017,-0.1702044965488913,-0.3715013168655162,-0.2894401182708666,0.758
Brunei Darussalam,2017,-0.17212144754166417,-0.3651052215433456,-0.024862186869214778,0.829
Bulgaria,2017,-0.17071532428334962,-0.24645342910436874,-0.21366933328934248,0.81
Burkina Faso,2017,-0.4971756206493828,-1.210575348562109,-0.8094939891971379,0.432
Burundi,2017,-0.4474175490345659,-0.9553915737922799,-1.188746206245478,0.422
Cabo Verde,2017,-0.1385019672465331,-0.6267058198038608,-0.4464961056342423,0.668
Cambodia,2017,-0.2521169480159415,-0.77439251064957,-0.6010784744319398,0.581
Cameroon,2017,-0.46546012047792285,-0.5901348918902922,-0.6119490895985827,0.574
Canada,2017,-0.04694648018434677,-0.10172313180604577,-0.07080095831324505,0.929
Central African Republic,2017,-0.6562664812112027,-1.1400368065093682,-1.1119521228724603,0.379
Chad,2017,-0.6990723923155872,-1.2528334820119431,-0.8797121007521878,0.389
Chile,2017,-0.07422632235209674,-0.20790903799149785,-0.19201291980224042,0.854
China,2017,-0.1269945625693284,-0.4189773690944311,-0.2891893458339262,0.757
Colombia,2017,-0.13756589391720264,-0.3738149675085695,-0.2911200632361645,0.765
Comoros,2017,-0.39875688937304593,-0.6414054979967327,-0.6422484154443083,0.571
Congo,2017,-0.3956671117819114,-0.5161034812776978,-0.6215219640823529,0.6
Congo (Democratic Republic of the),2017,-0.5003423047401564,-0.7113620378975755,-1.0584122720666163,0.469
Costa Rica,2017,-0.0904803238976059,-0.3473799355260516,-0.23129823757769088,0.8
Croatia,2017,-0.11251424782049928,-0.19206450083991994,-0.16665819402660045,0.855
Cuba,2017,-0.12209810140686331,-0.28217845097647815,-0.40183525054796954,0.764
Cyprus,2017,-0.05815076125743776,-0.17796220791114484,-0.11154633637372564,0.891
Czechia,2017,-0.09759586692112555,-0.11708561853325128,-0.11458437832887673,0.896
Côte d'Ivoire,2017,-0.5242486440981314,-0.9238661994089018,-0.5423099730576857,0.515
Denmark,2017,-0.06169538718881086,-0.06857278116581912,-0.04353750288554568,0.944
Djibouti,2017,-0.4179192632224911,-1.1468350340375413,-0.5686352912403826,0.491
Dominica,2017,-0.3131313815211441,-0.3848751946592821,-0.3320846683923876,0.709
Dominican Republic,2017,-0.2029073830180535,-0.3470153121629871,-0.2689679948715662,0.761
Ecuador,2017,-0.1318273508232975,-0.3495720412089562,-0.3347521586145867,0.762
Egypt,2017,-0.23665753212408547,-0.4471676207262811,-0.34649629706997515,0.709
El Salvador,2017,-0.21718059589217054,-0.5904912282386061,-0.40866657952839675,0.667
Equatorial Guinea,2017,-0.46519061501880615,-0.5409974501927305,-0.2861018784972621,0.65
Eritrea,2017,-0.33328041283772764,-1.033176838485432,-0.8872857281856847,0.472
Estonia,2017,-0.11435813808865679,-0.11526944487422676,-0.13245698963565583,0.886
Eswatini (Kingdom of),2017,-0.5395680926316445,-0.567851747337075,-0.42245327877775457,0.601
Ethiopia,2017,-0.3713312757194292,-1.084606189037525,-0.7969281352722065,0.472
Fiji,2017,-0.3075708573055701,-0.3155620671573959,-0.32746306801112685,0.728
Finland,2017,-0.05538261593716538,-0.0783443217477629,-0.07117134680470236,0.934
France,2017,-0.03965280649216393,-0.2014363959186548,-0.07819236851115689,0.899
Gabon,2017,-0.3416455953952105,-0.4333713212442795,-0.298848069877427,0.699
Gambia,2017,-0.4133034400327773,-0.9963290210400919,-0.8118374666736976,0.477
Georgia,2017,-0.19339806000276832,-0.14109476754214276,-0.3087207206005293,0.807
Germany,2017,-0.0644318601593889,-0.059642126054057644,-0.04991060361422389,0.944
Ghana,2017,-0.38990222507002026,-0.6749275208774271,-0.5427249383322097,0.585
Greece,2017,-0.06597545046210097,-0.16083964812346896,-0.15824987019053843,0.88
Grenada,2017,-0.17133596611992719,-0.2495577803050918,-0.3034083173876433,0.786
Guatemala,2017,-0.21260314325801716,-0.7355559708054527,-0.40842419876158775,0.636
Guinea,2017,-0.5080346503633121,-1.0388808423357356,-0.7375513600469255,0.467
Guinea-Bissau,2017,-0.48385917553617624,-0.9072700512462037,-0.814491075095416,0.479
Guyana,2017,-0.2893860875637983,-0.4651742980779274,-0.3212659581973386,0.699
Haiti,2017,-0.39352133516932747,-0.7177378689142127,-0.646061936733925,0.557
Honduras,2017,-0.20992362852805646,-0.7310019322120077,-0.5202804633962532,0.614
"Hong Kong, China (SAR)",2017,-0.0015550546247952298,-0.1375282467484049,-0.0280708636096956,0.946
Hungary,2017,-0.14894629743193438,-0.1950014000397989,-0.15923970851236924,0.846
Iceland,2017,-0.03866086989476723,-0.04960034787963829,-0.05112209745056731,0.955
India,2017,-0.2530676125623964,-0.6240332158302617,-0.47863735164913584,0.636
Indonesia,2017,-0.2636450843672134,-0.4215907595572012,-0.3504500462598169,0.708
Iran (Islamic Republic of),2017,-0.14955357043766548,-0.28975751884958706,-0.27614149716268754,0.788
Iraq,2017,-0.25413819157027967,-0.5966105542597936,-0.36510983504333777,0.667
Ireland,2017,-0.048592491400288845,-0.1265391412055369,-0.02916451296066803,0.934
Israel,2017,-0.03572283785814075,-0.1590610995250386,-0.10293003904568422,0.906
Italy,2017,-0.03557935096701636,-0.22578019831218643,-0.09239938752093635,0.889
Jamaica,2017,-0.22485655613108874,-0.4283866444033769,-0.3695480078148468,0.711
Japan,2017,-0.012415212332950608,-0.1645118506478687,-0.08785880026393961,0.916
Jordan,2017,-0.15796821375649472,-0.3577243191022112,-0.37225933238332437,0.744
Kazakhstan,2017,-0.23482692147440284,-0.223726568388418,-0.20356343308705352,0.802
Kenya,2017,-0.4253303527493845,-0.5813642960741621,-0.5696886649205376,0.591
Kiribati,2017,-0.3328511085187724,-0.47086651961523834,-0.6017735350932623,0.626
Korea (Republic of),2017,-0.026738935651225492,-0.14308291617316626,-0.09515439976825626,0.915
Kuwait,2017,-0.08369938517708016,-0.41803508122302296,-0.0401792534550734,0.835
Kyrgyzstan,2017,-0.25067287587790726,-0.3061496431327715,-0.536367753872847,0.695
Lao People's Democratic Republic,2017,-0.3150479987529345,-0.7070217604874336,-0.4493221219331313,0.612
Latvia,2017,-0.17060583922795028,-0.11327551723600565,-0.15738088529413716,0.863
Lebanon,2017,-0.08582606576260353,-0.47372100863565136,-0.2456327524583676,0.765
Lesotho,2017,-0.6759421926862059,-0.6003050300986804,-0.673859809314965,0.522
Liberia,2017,-0.47177750933344176,-0.8033677525898307,-0.9206519649390206,0.481
Libya,2017,-0.21391701622986423,-0.4198270348858569,-0.1838355088612158,0.761
Liechtenstein,2017,-0.01719311196792701,-0.18797013877110758,0.0,0.934
Lithuania,2017,-0.15908591501398936,-0.09687143752758845,-0.13482233870550392,0.878
Luxembourg,2017,-0.05155243727390903,-0.2064172488918172,0.0,0.918
Madagascar,2017,-0.36563806993131687,-0.8083184846582991,-0.8940629979068454,0.502
Malawi,2017,-0.41372218102433306,-0.7163450786234137,-0.9141504269863303,0.506
Malaysia,2017,-0.15843677510154847,-0.33201320855753863,-0.17998927243112206,0.8
Maldives,2017,-0.08099315920953186,-0.5732974655424858,-0.24852356637595718,0.74
Mali,2017,-0.5074467233004548,-1.3691521204529074,-0.7793355112331894,0.413
Malta,2017,-0.021978222958325192,-0.20265918253228277,-0.10332115838179895,0.896
Marshall Islands,2017,-0.3840800231515875,-0.187626843506654,-0.4886897715909213,0.702
Mauritania,2017,-0.36588203457983154,-0.9886661345350328,-0.5168412112679878,0.536
Mauritius,2017,-0.16922006506967413,-0.3115057150996215,-0.2017121116585306,0.797
Mexico,2017,-0.18285092765521832,-0.3509900231308628,-0.22738758880040813,0.776
Micronesia (Federated States of),2017,-0.2334464443101069,-0.5049318484538703,-0.5846757764886104,0.643
Moldova (Republic of),2017,-0.2520971521117134,-0.23450977782471286,-0.3217927468316304,0.764
Mongolia,2017,-0.25763546289440475,-0.2710869665454796,-0.3666638638640242,0.742
Montenegro,2017,-0.13240675054629505,-0.1931684725265838,-0.22190261165772504,0.833
Morocco,2017,-0.19171942489815916,-0.5864216160054381,-0.4184017403644736,0.671
Mozambique,2017,-0.49124926641081484,-0.9414859173484023,-0.963554409265373,0.45
Myanmar,2017,-0.3491647546044072,-0.7111680569454342,-0.5719301625235192,0.58
Namibia,2017,-0.4297656821710674,-0.5782316050295203,-0.3597417642265802,0.634
Nauru,2017,-0.4134662629167302,-0.5064228196998298,-0.3062881510213198,0.664
Nepal,2017,-0.28440539534437137,-0.7259422056964682,-0.6191970939780654,0.581
Netherlands,2017,-0.05163343319985813,-0.09601303204710426,-0.04956182965997343,0.936
New Zealand,2017,-0.043726850557873724,-0.060553501220564375,-0.09721331392971552,0.935
Nicaragua,2017,-0.19369677924624254,-0.5746364655288986,-0.4970513431940375,0.656
Niger,2017,-0.43291536566253025,-1.5163354608237651,-0.980246639573604,0.377
Nigeria,2017,-0.6991652528855083,-0.6888730614675386,-0.5279313303984023,0.528
North Macedonia,2017,-0.14055379426867173,-0.2928245884763051,-0.27742117781921055,0.789
Norway,2017,-0.037238678681971504,-0.07088180547140037,-0.017317531682973893,0.959
Oman,2017,-0.11525546342928082,-0.2984966172606479,-0.13304489106310463,0.833
Pakistan,2017,-0.33931010571913833,-1.0068652934272915,-0.5354995814414423,0.534
Palau,2017,-0.3883130492905988,-0.09826702363386879,-0.2352561565024939,0.786
"Palestine, State of",2017,-0.1700950674041532,-0.3870079290020007,-0.43541846992710453,0.718
Panama,2017,-0.11748500314940648,-0.34978206829186437,-0.15034483152937586,0.814
Papua New Guinea,2017,-0.36543850675227835,-0.8206399442751708,-0.5924556375798491,0.553
Paraguay,2017,-0.1920176430469433,-0.4096585862599769,-0.3052666979051886,0.739
Peru,2017,-0.15119863115733864,-0.32780806527137296,-0.3263726300899144,0.765
Philippines,2017,-0.2324948308652131,-0.45002672955417256,-0.38894564983334406,0.7
Poland,2017,-0.1187662111227183,-0.1269485911369387,-0.1568458149635329,0.874
Portugal,2017,-0.05538261593716538,-0.27209762196349163,-0.13627498582004258,0.857
Qatar,2017,-0.06816354514345882,-0.37765931994494234,0.0,0.862
Romania,2017,-0.14989308957461708,-0.2653926891532387,-0.17057596460755708,0.823
Russian Federation,2017,-0.1970635338853553,-0.1915624483493692,-0.17977918030006798,0.827
Rwanda,2017,-0.347029305348738,-0.797419004785804,-0.8148737762437117,0.52
Saint Kitts and Nevis,2017,-0.22622521785161773,-0.14890996086032074,-0.1612767664009501,0.836
Saint Lucia,2017,-0.20170199630086552,-0.4043170190646803,-0.28754548935406044,0.742
Saint Vincent and the Grenadines,2017,-0.17977096616363758,-0.2320143408221549,-0.2994739199071301,0.789
Samoa,2017,-0.21186128229438422,-0.32242757877771316,-0.4782248568432715,0.714
San Marino,2017,-0.03258676651724108,-0.34286044081740796,-0.05115062765559525,0.867
Sao Tome and Principe,2017,-0.2976391725586296,-0.6236873893236544,-0.5900411358912672,0.604
Saudi Arabia,2017,-0.12853291683397053,-0.2926013242290613,-0.06890833246687073,0.849
Senegal,2017,-0.30840820296889776,-1.0579008731094826,-0.650078424830077,0.511
Serbia,2017,-0.14523922301960202,-0.2442561846061797,-0.27155953552514844,0.802
Seychelles,2017,-0.18905804220076108,-0.3051689656422302,-0.18219938118149168,0.798
Sierra Leone,2017,-0.519788749758575,-1.0119496234227425,-0.877620621462805,0.448
Singapore,2017,-0.027703293992962882,-0.1647475859452616,0.0,0.938
Slovakia,2017,-0.12750125883323796,-0.18501231002570392,-0.15133806792495852,0.857
Slovenia,2017,-0.06235014814261832,-0.09574614955866223,-0.1182238240050536,0.912
Solomon Islands,2017,-0.2626042932720999,-0.7308697863921384,-0.7122642033918448,0.566
South Africa,2017,-0.3588311129551975,-0.3088025648263531,-0.298836545003242,0.725
South Sudan,2017,-0.6102493809454459,-1.057299361283116,-1.2494388875621394,0.378
Spain,2017,-0.030792331957367854,-0.1966846395219994,-0.10159699906525496,0.896
Sri Lanka,2017,-0.15975352598399645,-0.3218392122662553,-0.3041959667853209,0.77
Sudan,2017,-0.3578844663249036,-1.0482877122321541,-0.5575166021077113,0.52
Suriname,2017,-0.21515630370294017,-0.5425988831468269,-0.26815924060236723,0.71
Sweden,2017,-0.04021320551092076,-0.08751879115697261,-0.05426658780255557,0.941
Switzerland,2017,-0.02473415191465566,-0.09772853573228722,-0.016611814900484145,0.955
Syrian Arab Republic,2017,-0.29321530128460693,-0.9054812685583304,-0.5518891922906596,0.558
Tajikistan,2017,-0.2642660717570874,-0.38077059803991825,-0.6054595165085884,0.659
Tanzania (United Republic of),2017,-0.34576761277327533,-0.9004400874402914,-0.7319483228382475,0.517
Thailand,2017,-0.10717412506557025,-0.3175324589520319,-0.2627422716068893,0.795
Timor-Leste,2017,-0.30851292049347123,-0.6010337738832445,-0.555606221918413,0.614
Togo,2017,-0.4816652080642504,-0.6712418648967514,-0.7972546574205069,0.522
Tonga,2017,-0.24820498190958104,-0.21922920023943193,-0.46094365910279644,0.734
Trinidad and Tobago,2017,-0.1811530090426677,-0.2754906115367217,-0.17254453273228423,0.811
Tunisia,2017,-0.1518072739028472,-0.43290311042453294,-0.3499699763971043,0.732
Turkmenistan,2017,-0.2842827285685137,-0.35976321201909445,-0.30540188889579284,0.729
Tuvalu,2017,-0.3868396439849996,-0.41641839341704645,-0.48579573430734924,0.651
Türkiye,2017,-0.12886537237110482,-0.25411017342260017,-0.16605297714624778,0.833
Uganda,2017,-0.43398329812831005,-0.6678199496317182,-0.780177570862291,0.534
Ukraine,2017,-0.17219454695690126,-0.28572693963681567,-0.32353059041211507,0.771
United Arab Emirates,2017,-0.08834373271292281,-0.2273667101984322,-0.0068444404797181595,0.898
United Kingdom,2017,-0.06076309294157999,-0.08080836418127875,-0.07810974047620528,0.929
United States,2017,-0.09988833589424272,-0.09408029197096555,-0.031290848854651755,0.928
Uruguay,2017,-0.12043076857882457,-0.29014394126923665,-0.2040038004825096,0.815
Uzbekistan,2017,-0.24236557796080177,-0.3243645869627813,-0.4444057441587085,0.714
Vanuatu,2017,-0.26818114978905605,-0.6070712498638029,-0.662168819202404,0.599
Venezuela (Bolivarian Republic of),2017,-0.22424030637638112,-0.31994325739136603,-0.31858233232380556,0.75
Viet Nam,2017,-0.18608864336319875,-0.4596149992649456,-0.3987516942514862,0.706
Yemen,2017,-0.3466810931969685,-1.1943007888215542,-0.9775125994936207,0.432
Zambia,2017,-0.4338645826298625,-0.6215342496106326,-0.643162036892091,0.568
Zimbabwe,2017,-0.4679380716716412,-0.5349776178053349,-0.781858107817831,0.552
Afghanistan,2018,-0.4113052052491887,-0.9731927136250341,-0.7795758717619616,0.486
Albania,2018,-0.09373603480553898,-0.2825969628980048,-0.30280071647814,0.797
Algeria,2018,-0.1478577017020138,-0.423085766818132,-0.3341677054954156,0.74
Andorra,2018,-0.031379535694255375,-0.36393272597295134,-0.048259766284572826,0.863
Angola,2018,-0.4332949443347667,-0.6433124350022279,-0.4682685681481976,0.598
Antigua and Barbuda,2018,-0.10517249914600431,-0.24548148331435524,-0.21437501485682356,0.828
Argentina,2018,-0.13135354607463143,-0.14363109259524162,-0.2055387542046699,0.852
Armenia,2018,-0.1658911247995742,-0.2764981022579012,-0.3004153133676929,0.781
Australia,2018,-0.02512847679614439,-0.08506344489638046,-0.07232469120882715,0.941
Austria,2018,-0.052330269107000546,-0.16018846107161047,-0.04891601121423149,0.917
Azerbaijan,2018,-0.2086339420465231,-0.32659991312297065,-0.2992897016007218,0.757
Bahamas,2018,-0.18900228478268685,-0.2926017383353114,-0.1362939306607908,0.814
Bahrain,2018,-0.08242888566650561,-0.22582710625957525,-0.07591810970365574,0.88
Bangladesh,2018,-0.21229872346076928,-0.6358092118310641,-0.5097806811646158,0.636
Barbados,2018,-0.13016125375166912,-0.24725874065450565,-0.2756477757897367,0.804
Belarus,2018,-0.17493963954321892,-0.2117638218148914,-0.23976068127055433,0.812
Belgium,2018,-0.05569161680970545,-0.09407975631919503,-0.05826313825210944,0.933
Belize,2018,-0.19091840401947283,-0.4073978504686372,-0.4068528720292391,0.715
Benin,2018,-0.48201392652744496,-0.8995094732240765,-0.6650636131498957,0.506
Bhutan,2018,-0.2400354189844278,-0.6719014124564032,-0.358098502940784,0.655
Bolivia (Plurinational State of),2018,-0.30845008866284507,-0.3036505177692713,-0.4053428714834037,0.712
Bosnia and Herzegovina,2018,-0.12970575269263698,-0.350636246391204,-0.2897465492956423,0.774
Botswana,2018,-0.3583907007222356,-0.4135037721820148,-0.2992723284680962,0.7
Brazil,2018,-0.16507422769225286,-0.3613611363240282,-0.2893597461068379,0.762
Brunei Darussalam,2018,-0.17230420609984207,-0.36830863059456515,-0.03369162155883091,0.826
Bulgaria,2018,-0.16891035191623155,-0.24929213749003834,-0.2093616346412389,0.811
Burkina Faso,2018,-0.4843335055539322,-1.1630304294961256,-0.7951952106828307,0.443
Burundi,2018,-0.4441739522887236,-0.958758914733813,-1.194751393571144,0.421
Cabo Verde,2018,-0.15381483879227487,-0.6365492126688873,-0.4383504686804942,0.664
Cambodia,2018,-0.25120674177161384,-0.7533081548469539,-0.586188782478834,0.588
Cameroon,2018,-0.45643456829599377,-0.5658199529468301,-0.6089314699251086,0.581
Canada,2018,-0.046430642339427466,-0.10245369929812737,-0.06936389457426714,0.93
Central African Republic,2018,-0.6372322745982779,-1.1254399290554118,-1.0909418094839805,0.386
Chad,2018,-0.6831968497067772,-1.2327201865065,-0.8840775283333964,0.393
Chile,2018,-0.07782849418783798,-0.19845606089142803,-0.18849183878244538,0.856
China,2018,-0.11836782199520432,-0.4017535334144081,-0.27764482501279614,0.766
Colombia,2018,-0.135766856445898,-0.3713050947315863,-0.29148178167591254,0.766
Comoros,2018,-0.39219963864804913,-0.6155613903609011,-0.6372614958072723,0.578
Congo,2018,-0.3889938154056621,-0.503543016258083,-0.6237501596871724,0.603
Congo (Democratic Republic of the),2018,-0.48695886804901556,-0.6981372450816671,-1.0531040437449608,0.474
Costa Rica,2018,-0.08867990106920005,-0.33717486022559817,-0.2283730996107401,0.804
Croatia,2018,-0.10815072947280302,-0.1848576327845202,-0.1605008731286723,0.86
Cuba,2018,-0.12267188972949576,-0.28248574765180706,-0.39683970963166326,0.765
Cyprus,2018,-0.05727063733133917,-0.1679221971011283,-0.10548423076569259,0.896
Czechia,2018,-0.09678203167783438,-0.13297067398359017,-0.10947062677058302,0.893
Côte d'Ivoire,2018,-0.5147049334390009,-0.902216299270769,-0.5361962649961666,0.522
Denmark,2018,-0.06367735358727229,-0.07397992404453863,-0.04032662260270477,0.942
Djibouti,2018,-0.41230382352328476,-1.1118302626250467,-0.5613737299427575,0.499
Dominica,2018,-0.1930247863888782,-0.3838707020720425,-0.3122107355190168,0.744
Dominican Republic,2018,-0.19972755061951622,-0.35366871734398814,-0.2569210193448208,0.763
Ecuador,2018,-0.12968823756394435,-0.35411340377150813,-0.3369641562600364,0.761
Egypt,2018,-0.23539132696606488,-0.4222751704458283,-0.34066180284632963,0.717
El Salvador,2018,-0.21252702962031925,-0.5736983172245106,-0.4037085788908803,0.673
Equatorial Guinea,2018,-0.4561674840050324,-0.5234831092667795,-0.3038420390034779,0.652
Eritrea,2018,-0.322815151376709,-1.017254678319663,-0.8483103818274681,0.482
Estonia,2018,-0.11155057477522776,-0.11341597124075388,-0.1260991626366078,0.89
Eswatini (Kingdom of),2018,-0.5003423047401564,-0.5455419996579413,-0.42003556561488214,0.613
Ethiopia,2018,-0.3586108825933498,-1.0685519430942383,-0.7833681495736294,0.479
Fiji,2018,-0.307152447257625,-0.31521730325573977,-0.3169819025352375,0.731
Finland,2018,-0.05328718369835965,-0.07592757678442394,-0.06898121409779788,0.936
France,2018,-0.03776577209352805,-0.19387450875390974,-0.07568358414345158,0.903
Gabon,2018,-0.33911572756663055,-0.42548752428114983,-0.308842060946497,0.699
Gambia,2018,-0.4122573540421082,-0.9750136998879999,-0.7967709539665676,0.483
Georgia,2018,-0.19768200366096117,-0.11723641970310789,-0.2968403364014654,0.816
Germany,2018,-0.0606977014097602,-0.05907861135740289,-0.0473320464500376,0.946
Ghana,2018,-0.38742874562206586,-0.6696906993834587,-0.5317183720868809,0.589
Greece,2018,-0.0571240252909699,-0.14960598782448714,-0.15602319903093037,0.886
Grenada,2018,-0.1705511011950391,-0.24022036750709344,-0.2964125723249726,0.79
Guatemala,2018,-0.2092785773759017,-0.725208998067568,-0.4043367681464252,0.64
Guinea,2018,-0.5019167083157495,-1.0674711512448167,-0.7360166780101878,0.464
Guinea-Bissau,2018,-0.47303591428638037,-0.8967893175578763,-0.8320954508056414,0.48
Guyana,2018,-0.28469167635158177,-0.45264039548828877,-0.3160938700376058,0.704
Haiti,2018,-0.38976591100219754,-0.7119438099524092,-0.6454885049805914,0.559
Honduras,2018,-0.20761096281472033,-0.7375609957411945,-0.5190733953126215,0.614
"Hong Kong, China (SAR)",2018,0.0,-0.13307511368797148,-0.023527523572647334,0.949
Hungary,2018,-0.1453993411515434,-0.19395732710122926,-0.1495120345240438,0.85
Iceland,2018,-0.03491001756619682,-0.04646899182551845,-0.04593618037733264,0.958
India,2018,-0.2482641400887095,-0.644700357589908,-0.46608981291326423,0.636
Indonesia,2018,-0.255627010814826,-0.4230764565783968,-0.34137730770060987,0.712
Iran (Islamic Republic of),2018,-0.14555948492540677,-0.2889591084040896,-0.28260032063190094,0.787
Iraq,2018,-0.23253365450881713,-0.5888159929184835,-0.36506637257122876,0.673
Ireland,2018,-0.04586674920639823,-0.12375199990708359,-0.021933931514796414,0.938
Israel,2018,-0.03406602143351239,-0.15745249167468534,-0.09876153801092633,0.908
Italy,2018,-0.02832033868499306,-0.21733369653052584,-0.08966119167682733,0.894
Jamaica,2018,-0.2271322648969098,-0.42701417355304905,-0.36786682712590024,0.711
Japan,2018,-0.01087429603910273,-0.16351723783784342,-0.0864392184508798,0.917
Jordan,2018,-0.15307945891751062,-0.3700678657856131,-0.3731776899613139,0.742
Kazakhstan,2018,-0.23334929939896662,-0.21613023788569052,-0.2034467687923593,0.804
Kenya,2018,-0.4207505685664223,-0.5626711929683872,-0.5594261109672448,0.598
Kiribati,2018,-0.3273295433198501,-0.4659407288945542,-0.5991696263082307,0.629
Korea (Republic of),2018,-0.02582286647132751,-0.14055580781406862,-0.09113763606584414,0.918
Kuwait,2018,-0.08468680816719391,-0.40827237977728387,-0.04457552372021788,0.836
Kyrgyzstan,2018,-0.24790924349790672,-0.30430180674372426,-0.5270442391112841,0.698
Lao People's Democratic Republic,2018,-0.3108404779246057,-0.7187410203469099,-0.4363004747607307,0.613
Latvia,2018,-0.16703590301027146,-0.10594862263291098,-0.15157151074178235,0.868
Lebanon,2018,-0.0845696052972637,-0.47434364702419063,-0.2477685997764066,0.764
Lesotho,2018,-0.6559106831821282,-0.5946441872942815,-0.6841342368673587,0.525
Liberia,2018,-0.4644070118736821,-0.7884657922198183,-0.9235557322482235,0.484
Libya,2018,-0.2079897220041585,-0.42471873412612793,-0.17407257303082668,0.764
Liechtenstein,2018,-0.028937764356268405,-0.1944053030028326,0.0,0.928
Lithuania,2018,-0.1548201346313598,-0.09533034286315345,-0.12545501839792703,0.882
Luxembourg,2018,-0.05043536292087839,-0.1979421798167179,0.0,0.921
Madagascar,2018,-0.36174270844777007,-0.8129097968187391,-0.8929804598168302,0.502
Malawi,2018,-0.4067890610703101,-0.7124040354050076,-0.9080926768440918,0.509
Malaysia,2018,-0.15541301469831292,-0.3326902237343403,-0.17437126879182502,0.802
Maldives,2018,-0.07982606447570206,-0.5546037741726985,-0.2422081142263692,0.747
Mali,2018,-0.5007991343506594,-1.3496922890865175,-0.7733039051045949,0.417
Malta,2018,-0.025791292841620485,-0.18515771395479536,-0.09407760276751709,0.903
Marshall Islands,2018,-0.37889808072344255,-0.17229299883558985,-0.47528835194658436,0.71
Mauritania,2018,-0.36085951121659016,-0.9475015219410841,-0.5094287051809486,0.546
Mauritius,2018,-0.1685278974646262,-0.30589035197387754,-0.19403567957467185,0.8
Mexico,2018,-0.18512548412668892,-0.33925305275111955,-0.22532231732107147,0.779
Micronesia (Federated States of),2018,-0.23634570206893757,-0.5097545978893917,-0.5853249547862156,0.642
Moldova (Republic of),2018,-0.2525723620050218,-0.23000510811530514,-0.3119997084882952,0.767
Mongolia,2018,-0.2386672692909124,-0.2661339148689073,-0.34279745247263915,0.754
Montenegro,2018,-0.12855041173857978,-0.1862820004746027,-0.21423303165566038,0.838
Morocco,2018,-0.18566251620411356,-0.5685538185277141,-0.4140004896843553,0.677
Mozambique,2018,-0.47244352645249954,-0.9108248914440054,-0.9574887244365108,0.458
Myanmar,2018,-0.33568792888633436,-0.6632787979585563,-0.5579437006887202,0.595
Namibia,2018,-0.42286170913143034,-0.5739494436851429,-0.36563631140723934,0.635
Nauru,2018,-0.40776004715977604,-0.4771538996097415,-0.3276582480643365,0.668
Nepal,2018,-0.28299563507656406,-0.7054710114609316,-0.6029219434819187,0.588
Netherlands,2018,-0.0509047059302143,-0.09346816122935814,-0.04555562242715242,0.939
New Zealand,2018,-0.04114255871597998,-0.06401368857516657,-0.0941495796407542,0.936
Nicaragua,2018,-0.18818486629323966,-0.5579887465909066,-0.5082511649450885,0.658
Niger,2018,-0.4259661330733849,-1.4919554328537499,-0.9637008771996045,0.383
Nigeria,2018,-0.6914870209263305,-0.6798418302226468,-0.5329941355275627,0.53
North Macedonia,2018,-0.1258423479204609,-0.285161046317684,-0.2725690423586927,0.796
Norway,2018,-0.03506934203080524,-0.06987201746541091,-0.01628455984525264,0.96
Oman,2018,-0.11453063813220968,-0.27799206869675985,-0.13632797466272387,0.838
Pakistan,2018,-0.3353221290178166,-1.0164591933683462,-0.5242482507593931,0.535
Palau,2018,-0.38139557889974895,-0.0957499689029307,-0.23818073359171535,0.788
"Palestine, State of",2018,-0.17082482132703877,-0.3747870797316603,-0.4308810982823833,0.722
Panama,2018,-0.11630912240038312,-0.3411986919565474,-0.14848590610907328,0.817
Papua New Guinea,2018,-0.3636884924606065,-0.7973246742396102,-0.6012547930459076,0.556
Paraguay,2018,-0.19343539502862708,-0.4017339543443318,-0.3017927559884581,0.742
Peru,2018,-0.14887487778793082,-0.31375979734671505,-0.3228859644276079,0.77
Philippines,2018,-0.22914227697658798,-0.43548154837101577,-0.38004437252798934,0.706
Poland,2018,-0.12037870919641054,-0.1293862806898447,-0.1466141896272177,0.876
Portugal,2018,-0.0570588712831612,-0.2709731555066263,-0.13130526991971966,0.858
Qatar,2018,-0.06518693644155012,-0.3659666864040879,0.0,0.866
Romania,2018,-0.1462715454806377,-0.2581300380864287,-0.1599283352143989,0.829
Russian Federation,2018,-0.19412634455144262,-0.1694825329278929,-0.17454066633501306,0.836
Rwanda,2018,-0.3403041845493251,-0.8116227280473047,-0.7968460768833471,0.522
Saint Kitts and Nevis,2018,-0.2334464443101069,-0.14890996086032074,-0.1570645519983471,0.835
Saint Lucia,2018,-0.19738209175783397,-0.4069310258407341,-0.28277665472857855,0.744
Saint Vincent and the Grenadines,2018,-0.18303565785728446,-0.22164746323452236,-0.2894645714474846,0.793
Samoa,2018,-0.21098697360774304,-0.32244205231827844,-0.48319256159247703,0.713
San Marino,2018,-0.03207828115701928,-0.3706095774262997,-0.05191927035475915,0.859
Sao Tome and Principe,2018,-0.29581764072671046,-0.6186759472681439,-0.5855746307614459,0.607
Saudi Arabia,2018,-0.1276236033029834,-0.2695791068453227,-0.06909274404091381,0.856
Senegal,2018,-0.301167464791385,-1.0493924616582473,-0.639856907185606,0.515
Serbia,2018,-0.13995196042744543,-0.2403705333966406,-0.25895545900768374,0.808
Seychelles,2018,-0.18627397269394888,-0.29410024246727606,-0.1746821382454552,0.804
Sierra Leone,2018,-0.49062086516852377,-1.0086651153211477,-0.8712245905662561,0.454
Singapore,2018,-0.024009000152761886,-0.15492207955731802,0.0,0.942
Slovakia,2018,-0.12671511587196715,-0.1829582736551203,-0.14424929522340033,0.86
Slovenia,2018,-0.05766170789196934,-0.0947185244113453,-0.11091232510169198,0.916
Solomon Islands,2018,-0.25891023649597655,-0.730437684344253,-0.7092528861053409,0.568
South Africa,2018,-0.35285806168623685,-0.28806198979642206,-0.29827498677181696,0.731
South Sudan,2018,-0.5922581857285814,-1.057299361283116,-1.2506815058288618,0.38
Spain,2018,-0.028969437489535694,-0.1927062546007905,-0.09838026562379161,0.899
Sri Lanka,2018,-0.15354573463837382,-0.31197436535484585,-0.3012237715464537,0.774
Sudan,2018,-0.35270481336893206,-1.0346053148705483,-0.5769841660496225,0.52
Suriname,2018,-0.21256508571500762,-0.5408325093941253,-0.2577124527039036,0.714
Sweden,2018,-0.03869285249623469,-0.08527162069816907,-0.052705917600941406,0.943
Switzerland,2018,-0.02238719518537383,-0.09252111350711528,-0.016840019850785926,0.957
Syrian Arab Republic,2018,-0.25946846135546553,-0.911305198477349,-0.5532601189153817,0.563
Tajikistan,2018,-0.2553290695864945,-0.3833700950593377,-0.5908277109762252,0.664
Tanzania (United Republic of),2018,-0.33418255225796334,-0.8729409341820613,-0.7231153952470578,0.525
Thailand,2018,-0.10259511214404779,-0.3240435240141207,-0.25602508170026855,0.796
Timor-Leste,2018,-0.3028321550232893,-0.589185739811152,-0.5607252445670792,0.616
Togo,2018,-0.47942634546583285,-0.6492498207549717,-0.7880250913358104,0.528
Tonga,2018,-0.2469043866054484,-0.21478195343259868,-0.4553539983886453,0.737
Trinidad and Tobago,2018,-0.1890766286976715,-0.2652172892973271,-0.18304388297570107,0.809
Tunisia,2018,-0.14992883513770278,-0.4197608926172375,-0.3468415014256201,0.737
Turkmenistan,2018,-0.2867389276091458,-0.35367572530115776,-0.3022706674666051,0.73
Tuvalu,2018,-0.38539102444692813,-0.410493709022129,-0.44846432417470683,0.66
Türkiye,2018,-0.12150726970719578,-0.24629852909092625,-0.16113857022361966,0.838
Uganda,2018,-0.4198605345458459,-0.658640772171417,-0.7729717224102061,0.539
Ukraine,2018,-0.17780255212445337,-0.28730001559294627,-0.3163452226918016,0.771
United Arab Emirates,2018,-0.0862787782727458,-0.1669334030161962,-0.006623186690729162,0.917
United Kingdom,2018,-0.061466322100601024,-0.08573847159876395,-0.07681020076179187,0.928
United States,2018,-0.09701933188065336,-0.09172564662646532,-0.027730833489248926,0.93
Uruguay,2018,-0.12067374820444281,-0.28926721859161586,-0.20433023223114816,0.815
Uzbekistan,2018,-0.23964432803124303,-0.31554947630919505,-0.43378253969509434,0.719
Vanuatu,2018,-0.2664726925120342,-0.594680564052452,-0.651862772745505,0.604
Venezuela (Bolivarian Republic of),2018,-0.2235474790358752,-0.3338999387401491,-0.3538832383440617,0.738
Viet Nam,2018,-0.18584776657051283,-0.45288349621275786,-0.38260224815689353,0.711
Yemen,2018,-0.37721410614643297,-1.1832799413447035,-0.9900240723482003,0.427
Zambia,2018,-0.4286077686488889,-0.6157708411659049,-0.6361591894176851,0.571
Zimbabwe,2018,-0.45076828197780405,-0.5270858198072227,-0.7423080636179379,0.564
Afghanistan,2019,-0.400133194212387,-0.9545788986817528,-0.77473949050215,0.492
Albania,2019,-0.09208155128529276,-0.2779075627014685,-0.30006777789677824,0.8
Algeria,2019,-0.14060691464831782,-0.4208455135110594,-0.3357345854841215,0.742
Andorra,2019,-0.031189053456148013,-0.3555631310413364,-0.04788283736403152,0.865
Angola,2019,-0.42610747250025327,-0.6365035892986486,-0.4838650330104796,0.597
Antigua and Barbuda,2019,-0.10210087679275195,-0.2454105077684133,-0.20690971692631846,0.831
Argentina,2019,-0.12636591727918084,-0.13832801595588298,-0.2117313734295422,0.853
Armenia,2019,-0.159103952694705,-0.26794493168614436,-0.2850302744080564,0.789
Australia,2019,-0.029508034299488985,-0.08132974299273125,-0.07302179224386196,0.941
Austria,2019,-0.04873785784512387,-0.15651482958015234,-0.046131972691285945,0.92
Azerbaijan,2019,-0.20217267757361648,-0.3203275585189829,-0.2938983683251693,0.762
Bahamas,2019,-0.23855008636823616,-0.2870146166573736,-0.1361526010901756,0.802
Bahrain,2019,-0.07972609113517622,-0.2027348926186314,-0.07370502082705806,0.888
Bangladesh,2019,-0.20776244927590742,-0.6114271006262605,-0.49357157890177505,0.646
Barbados,2019,-0.12683736419338792,-0.24217079842364989,-0.27653389235987125,0.806
Belarus,2019,-0.1814112020618254,-0.2171750521829329,-0.23533953463858912,0.81
Belgium,2019,-0.04998241307732863,-0.09154235474721743,-0.05541254658920644,0.936
Belize,2019,-0.18668181816324847,-0.4074946954946295,-0.4010547114928375,0.718
Benin,2019,-0.47422174376473325,-0.9157182907498436,-0.6540767979623748,0.506
Bhutan,2019,-0.23492421004209987,-0.629591127844793,-0.34773339321931845,0.668
Bolivia (Plurinational State of),2019,-0.30650425746169235,-0.2957174462151036,-0.402783121057024,0.715
Bosnia and Herzegovina,2019,-0.12711684505950172,-0.3389718570599157,-0.28083822248226104,0.78
Botswana,2019,-0.35746646590081677,-0.4104585123426392,-0.28773312893786235,0.703
Brazil,2019,-0.16092743641400045,-0.3565183242201139,-0.2882596787536747,0.764
Brunei Darussalam,2019,-0.17164643154661716,-0.37361200088240504,-0.026027694317172244,0.827
Bulgaria,2019,-0.16592744683070612,-0.2555449877772816,-0.19998580856738649,0.813
Burkina Faso,2019,-0.48453329078547347,-1.1467760838050887,-0.794008481232923,0.446
Burundi,2019,-0.42839523632546483,-0.9544857899425963,-1.2016359073562832,0.423
Cabo Verde,2019,-0.1489641531399582,-0.6421249146328454,-0.42297041201747876,0.667
Cambodia,2019,-0.24861916267581943,-0.7326591850659891,-0.5724242355245084,0.596
Cameroon,2019,-0.44667179199650253,-0.547071802488303,-0.6080014537026757,0.586
Canada,2019,-0.04141511910181711,-0.1012131791791582,-0.06781319301196038,0.932
Central African Republic,2019,-0.6183251776725663,-1.1108083522729766,-1.0877883364899625,0.391
Chad,2019,-0.6700618627283713,-1.2127208424281448,-0.8846782653214018,0.398
Chile,2019,-0.07462408164667769,-0.19016762215416375,-0.18970261683827874,0.859
China,2019,-0.11449613574291563,-0.38427509442934354,-0.26656513236308116,0.775
Colombia,2019,-0.13569637186437117,-0.36883122347349884,-0.28821619514288527,0.768
Comoros,2019,-0.3886533744178186,-0.5896434666319929,-0.6377967114686678,0.584
Congo,2019,-0.4190882524138756,-0.49089657356101535,-0.6444768253214033,0.596
Congo (Democratic Republic of the),2019,-0.4786315118422685,-0.6893524691819045,-1.0568904918957946,0.476
Costa Rica,2019,-0.0896386013469833,-0.3118697099291046,-0.2266866143854521,0.811
Croatia,2019,-0.10130039305347643,-0.17926883216951348,-0.15268663034773813,0.866
Cuba,2019,-0.12067374820444281,-0.28232372812851714,-0.3970465781722786,0.766
Cyprus,2019,-0.05702629587107919,-0.1544402263529192,-0.10201222024526174,0.901
Czechia,2019,-0.09273964031980053,-0.13205274712170464,-0.10611634153408693,0.896
Côte d'Ivoire,2019,-0.502679407290028,-0.8810252019643989,-0.5265325154886875,0.529
Denmark,2019,-0.05642384207490249,-0.07219082986646108,-0.038378527776050254,0.946
Djibouti,2019,-0.411212361203907,-1.0769586498812564,-0.546322043175099,0.508
Dominica,2019,-0.1936034198967028,-0.38285427996879356,-0.30509968997600595,0.745
Dominican Republic,2019,-0.19326739838816479,-0.3603666870442706,-0.2500113999763898,0.765
Ecuador,2019,-0.12613900356650995,-0.36354877246963785,-0.3414150940876572,0.758
Egypt,2019,-0.2355665520821131,-0.39881553523658403,-0.3353127253375365,0.724
El Salvador,2019,-0.21245092177546657,-0.5672258025113855,-0.3968684931060273,0.676
Equatorial Guinea,2019,-0.4452299692831307,-0.5062702474324995,-0.32702693069940714,0.653
Eritrea,2019,-0.3178769743977499,-1.0015788016564484,-0.8404911567472445,0.487
Estonia,2019,-0.10247579158923628,-0.11581204177910305,-0.12002406863143929,0.893
Eswatini (Kingdom of),2019,-0.4718761505507543,-0.5234189091253721,-0.4222993503317832,0.623
Ethiopia,2019,-0.349273828458422,-1.05235165124611,-0.7662926029690152,0.485
Fiji,2019,-0.30541791394499074,-0.3148726585558466,-0.3220609398452593,0.73
Finland,2019,-0.049335697561101996,-0.07351665875754189,-0.06702461912330257,0.939
France,2019,-0.03553152657816312,-0.18900849031598949,-0.07353143571140142,0.905
Gabon,2019,-0.3327223531537877,-0.4176575118042589,-0.31309247374928983,0.702
Gambia,2019,-0.39578137790784257,-0.9454784613601832,-0.7848026360347398,0.492
Georgia,2019,-0.19526652093499688,-0.12625272839224183,-0.28792563431271995,0.816
Germany,2019,-0.054407450081705284,-0.05058089142318693,-0.046023976928844974,0.951
Ghana,2019,-0.3735193138336538,-0.6451607877091035,-0.519933638008362,0.599
Greece,2019,-0.059439747134692286,-0.13849712204773268,-0.15218442529606754,0.89
Grenada,2019,-0.1695481012294899,-0.23846552963556178,-0.2976888180843935,0.79
Guatemala,2019,-0.20166435136786887,-0.7149679901994385,-0.3984800838021499,0.645
Guinea,2019,-0.49253243071866526,-1.0419149442061642,-0.7291134771426021,0.47
Guinea-Bissau,2019,-0.4636974015178517,-0.886417291299334,-0.8047845506888898,0.488
Guyana,2019,-0.2800395561474995,-0.440261649339957,-0.30241121196385273,0.711
Haiti,2019,-0.384418910474797,-0.7061831288096465,-0.6542756772253883,0.559
Honduras,2019,-0.206343163789711,-0.6674857350982771,-0.5166591470807336,0.629
"Hong Kong, China (SAR)",2019,0.0,-0.11905037751993253,-0.02601077423523712,0.953
Hungary,2019,-0.1409611226429536,-0.19500991232864714,-0.13886849982688176,0.854
Iceland,2019,-0.040757894010634184,-0.04334741090984978,-0.04385995931641503,0.958
India,2019,-0.24432790198139254,-0.6449261533235073,-0.4591471787636457,0.638
Indonesia,2019,-0.25205756147885205,-0.4091399233617167,-0.333066494180033,0.718
Iran (Islamic Republic of),2019,-0.14719798286094454,-0.2881120227190039,-0.28949939513666517,0.785
Iraq,2019,-0.2313308218873182,-0.578456812981444,-0.35786129186073456,0.678
Ireland,2019,-0.04308416668800414,-0.12095469643412401,-0.015699039910877854,0.942
Israel,2019,-0.03424113187292981,-0.1560682161068821,-0.09598401179526324,0.909
Italy,2019,-0.022528801472929606,-0.21058810661143776,-0.08738053962421732,0.899
Jamaica,2019,-0.22763438927980456,-0.4255755096009636,-0.36384225983503055,0.712
Japan,2019,-0.008869991552953479,-0.1616165030162157,-0.08671632628700113,0.918
Jordan,2019,-0.1482501733866521,-0.36410942898287535,-0.3728230270407675,0.744
Kazakhstan,2019,-0.23150533688150768,-0.20362616036398368,-0.19839647802331004,0.81
Kenya,2019,-0.4145136149576364,-0.5443211194261426,-0.5517413776824623,0.604
Kiribati,2019,-0.3210532608161704,-0.46103908275861955,-0.5764908289515495,0.636
Korea (Republic of),2019,-0.020893683820403363,-0.1369497465127889,-0.08732582255050196,0.922
Kuwait,2019,-0.08530653734863539,-0.39409147826598584,-0.049122896254821725,0.838
Kyrgyzstan,2019,-0.23806197194452614,-0.29821103468795157,-0.5388888226444949,0.699
Lao People's Democratic Republic,2019,-0.300315383896063,-0.7195698255008779,-0.4309733589689836,0.617
Latvia,2019,-0.15739182410114064,-0.10397310522361004,-0.14568354890649038,0.873
Lebanon,2019,-0.0928578047203801,-0.47496667327924025,-0.2570585642295642,0.76
Lesotho,2019,-0.6429514113097523,-0.5882367926344081,-0.6838889952427601,0.528
Liberia,2019,-0.4582818295281093,-0.7737826429371039,-0.9405917794264335,0.485
Libya,2019,-0.21427911066423655,-0.4296344793369258,-0.1967265638952403,0.756
Liechtenstein,2019,-0.0106876795509944,-0.17522424195629205,0.0,0.94
Lithuania,2019,-0.1452570126571385,-0.10051622898684309,-0.11799853205400679,0.886
Luxembourg,2019,-0.04494908901433393,-0.18880952642549542,0.0,0.925
Madagascar,2019,-0.3483143866054939,-0.8579320749213317,-0.8865780875439083,0.498
Malawi,2019,-0.387496741225043,-0.7084452866184092,-0.8983193944483387,0.514
Malaysia,2019,-0.15333050344336857,-0.33027987859504043,-0.16794673634300272,0.805
Maldives,2019,-0.07811124082378927,-0.5354394143105865,-0.23568854791328075,0.753
Mali,2019,-0.49394329460280245,-1.3308100841159325,-0.7719108620530865,0.421
Malta,2019,-0.02797221538253437,-0.18040690597487669,-0.09133063229171168,0.905
Marshall Islands,2019,-0.3733852146447528,-0.15719073369524894,-0.4482578949981699,0.722
Mauritania,2019,-0.3525734763579736,-0.9234079281778773,-0.5050588003996271,0.552
Mauritius,2019,-0.16491092831877813,-0.29633354697363495,-0.1872721935415746,0.806
Mexico,2019,-0.18166946176183477,-0.3316651356362371,-0.227788543125966,0.781
Micronesia (Federated States of),2019,-0.24105297185777774,-0.514600718998275,-0.5832573029627806,0.64
Moldova (Republic of),2019,-0.24383695985360745,-0.22806959059779958,-0.30054900733332474,0.773
Mongolia,2019,-0.2265725003694336,-0.29859811438345507,-0.3410168514312229,0.749
Montenegro,2019,-0.13063449378959655,-0.18170721460743205,-0.206863200839897,0.841
Morocco,2019,-0.18041568182032372,-0.5485125868266167,-0.40995372259795726,0.684
Mozambique,2019,-0.4567745969588284,-0.8809847017125031,-0.9588429754664083,0.465
Myanmar,2019,-0.33257215951098756,-0.6166177566311981,-0.5437184639960709,0.608
Namibia,2019,-0.4114444874816438,-0.5696829317528485,-0.3682498083754808,0.638
Nauru,2019,-0.40199421555388315,-0.44828650113581675,-0.3084108133723761,0.68
Nepal,2019,-0.2712435690740861,-0.6854104940942313,-0.5872905669799094,0.598
Netherlands,2019,-0.046511224464743935,-0.08874669633113304,-0.046185509850142706,0.941
New Zealand,2019,-0.03814928733496958,-0.06748589076728669,-0.09083336417815119,0.937
Nicaragua,2019,-0.18440372299827917,-0.5414525386117616,-0.5154578325570469,0.661
Niger,2019,-0.4155853764768173,-1.4504796495759162,-0.9567754765458433,0.39
Nigeria,2019,-0.6806107069403887,-0.6517616741010369,-0.5304847141457886,0.537
North Macedonia,2019,-0.1262088176864439,-0.3264925039450572,-0.2659763400673183,0.787
Norway,2019,-0.03196708444197331,-0.06886324845980754,-0.017237135506476063,0.961
Oman,2019,-0.11390977718511387,-0.26348959104889275,-0.140389738526953,0.841
Pakistan,2019,-0.3294446801501132,-1.0125144097102312,-0.522651448151871,0.537
Palau,2019,-0.372089848746144,-0.09323923389389158,-0.2341756220861635,0.792
"Palestine, State of",2019,-0.16268183869435934,-0.313433574847765,-0.4319456470476518,0.739
Panama,2019,-0.11722549880125234,-0.33268089708495974,-0.14545547380106796,0.82
Papua New Guinea,2019,-0.3572465358376899,-0.7724748856772604,-0.6001357337553037,0.562
Paraguay,2019,-0.1924464875041753,-0.38019038962471374,-0.3044478320777853,0.746
Peru,2019,-0.1462537377859322,-0.30397257600303124,-0.3193059231960623,0.774
Philippines,2019,-0.22574308101184584,-0.4138467894823313,-0.3720634749482314,0.714
Poland,2019,-0.11520367276712568,-0.1296174475705004,-0.13896309439213067,0.88
Portugal,2019,-0.05208713166020498,-0.25870688485266413,-0.12708705165443948,0.864
Qatar,2019,-0.06367735358727229,-0.3569554074713016,0.0,0.869
Romania,2019,-0.14000504884621942,-0.253208958699445,-0.15151742496821194,0.834
Russian Federation,2019,-0.18664473442817023,-0.16896753714630638,-0.17188543366756215,0.839
Rwanda,2019,-0.336290714635787,-0.7873389305956358,-0.7739651952906578,0.531
Saint Kitts and Nevis,2019,-0.23140838034704592,-0.14890996086032074,-0.14950454941118288,0.838
Saint Lucia,2019,-0.1957341821697282,-0.4496025646131736,-0.2855848843486472,0.733
Saint Vincent and the Grenadines,2019,-0.2072134200026431,-0.21126780017665753,-0.29392587060915265,0.789
Samoa,2019,-0.22012886926873346,-0.3224565259916348,-0.4768625830483997,0.712
San Marino,2019,-0.03147479042134315,-0.3691419583110781,-0.047947884364276085,0.861
Sao Tome and Principe,2019,-0.29234935755806973,-0.6136894950349102,-0.5848083463616301,0.608
Saudi Arabia,2019,-0.12601684058348694,-0.2470750069115487,-0.07139392308801412,0.862
Senegal,2019,-0.29228753311884914,-1.072071620962886,-0.6347210840590365,0.514
Serbia,2019,-0.13654251491302147,-0.23816996654641884,-0.2503414958829323,0.812
Seychelles,2019,-0.18227848079866174,-0.291401581627964,-0.16549945594259227,0.808
Sierra Leone,2019,-0.47915305014369297,-1.0053724434828053,-0.8625957459875694,0.457
Singapore,2019,-0.019292603534259215,-0.15077755297161255,0.0,0.945
Slovakia,2019,-0.11939009551638403,-0.18173127957516855,-0.14161089098658527,0.863
Slovenia,2019,-0.053660466399418,-0.09646176753257109,-0.10644937967768145,0.918
Solomon Islands,2019,-0.2547533014661559,-0.7300016222098348,-0.7103382482188706,0.568
South Africa,2019,-0.34194874381033347,-0.25626514279828155,-0.2997040090104139,0.741
South Sudan,2019,-0.5933157684160061,-1.057299361283116,-1.1674762977610411,0.391
Spain,2019,-0.022843553922728552,-0.18400761779628688,-0.09625028529062793,0.904
Sri Lanka,2019,-0.14889273222074076,-0.31130856409184876,-0.3034131968746679,0.775
Sudan,2019,-0.34844516539336096,-1.020985040330621,-0.5889348138108453,0.521
Suriname,2019,-0.21850050082110348,-0.5390346355740967,-0.2689468462145325,0.71
Sweden,2019,-0.030427487131341014,-0.08302948869428477,-0.04960388597943668,0.947
Switzerland,2019,-0.01894760831372554,-0.08773370204599622,-0.015973436439796096,0.96
Syrian Arab Republic,2019,-0.2265725003694336,-0.9171632453477999,-0.5733098689458994,0.564
Tajikistan,2019,-0.2451728866549139,-0.3859758918481976,-0.5774207244368019,0.668
Tanzania (United Republic of),2019,-0.32447373813100233,-0.8466835696042786,-0.7164729279536365,0.533
Thailand,2019,-0.09727364460189844,-0.31692604705422917,-0.2500800025076627,0.801
Timor-Leste,2019,-0.2976184546842827,-0.5770958002128184,-0.5252243879878107,0.627
Togo,2019,-0.46323275726802376,-0.6269660222481636,-0.7799733995554861,0.536
Tonga,2019,-0.24509425330253715,-0.21035439668249256,-0.44808595299721904,0.74
Trinidad and Tobago,2019,-0.18118988967849423,-0.254943562486491,-0.18393165859177432,0.813
Tunisia,2019,-0.14916058697363913,-0.409252726302967,-0.34593004890742834,0.74
Turkmenistan,2019,-0.28252615629144356,-0.3476250719680787,-0.30720972775553096,0.732
Tuvalu,2019,-0.3838993301936036,-0.41337706861710466,-0.4783046599905651,0.654
Türkiye,2019,-0.11684501419764119,-0.23854743386386085,-0.16146089980823478,0.842
Uganda,2019,-0.41339647843444466,-0.6494451465750266,-0.7630344010020692,0.544
Ukraine,2019,-0.17552623583515298,-0.2850860337447897,-0.3080818410870842,0.774
United Arab Emirates,2019,-0.08461983341664985,-0.11811073615682788,-0.00590894951479058,0.933
United Kingdom,2019,-0.051698234664394,-0.0819129098656487,-0.07298116786293028,0.933
United States,2019,-0.09451357410199274,-0.08863206893494503,-0.025088398919780274,0.933
Uruguay,2019,-0.12246320133529112,-0.2789466329143328,-0.2016078461490832,0.818
Uzbekistan,2019,-0.23583918552813618,-0.30160230248329134,-0.4278215634585389,0.725
Vanuatu,2019,-0.26482729523897675,-0.5824415301809247,-0.6154291962091779,0.614
Venezuela (Bolivarian Republic of),2019,-0.22005218068187468,-0.34805416938123507,-0.4173177721156235,0.72
Viet Nam,2019,-0.18368248243329607,-0.44618699699679426,-0.36880312116648667,0.717
Yemen,2019,-0.3656824227133523,-1.1723792299487015,-0.9918232371510622,0.43
Zambia,2019,-0.41801273208574413,-0.607787434998087,-0.6409394822021907,0.574
Zimbabwe,2019,-0.4537184932922935,-0.5192515517945496,-0.7680901510729173,0.56
Afghanistan,2020,-0.4231200433468851,-0.9362584367615573,-0.7951299759999392,0.488
Albania,2020,-0.13152900314073748,-0.29120333809643334,-0.30642993445805566,0.784
Algeria,2020,-0.1770493256156868,-0.4185866823425836,-0.3496489661935664,0.73
Andorra,2020,-0.0964600714456143,-0.3477812106922306,-0.06970512163856472,0.843
Angola,2020,-0.4305225949493575,-0.6296117706410811,-0.5025406851962231,0.594
Antigua and Barbuda,2020,-0.09954837906548555,-0.24533933774104683,-0.2513374897977828,0.82
Argentina,2020,-0.15096601267743576,-0.13757459689379226,-0.23061903617106805,0.841
Armenia,2020,-0.2198221502018218,-0.26301367168116174,-0.30467216750304493,0.769
Australia,2020,-0.010454457903858985,-0.07879720621592956,-0.06954273474262498,0.948
Austria,2020,-0.05528505654780975,-0.15304350062456767,-0.05554775176953646,0.916
Azerbaijan,2020,-0.32705213008972805,-0.35273841952942325,-0.2970427305281009,0.722
Bahamas,2020,-0.2102083422503337,-0.28143062987132234,-0.1840279186893132,0.798
Bahrain,2020,-0.09390501366668548,-0.19415344803552045,-0.08110337773913366,0.884
Bangladesh,2020,-0.22375912535642428,-0.5485081735911047,-0.4878485424387888,0.657
Barbados,2020,-0.1244649252262832,-0.23708867842995174,-0.298186272738331,0.803
Belarus,2020,-0.21332651190297625,-0.2177998864481599,-0.23853175491953807,0.8
Belgium,2020,-0.06699486882427848,-0.08597272057999861,-0.0648515229196342,0.93
Belize,2020,-0.20685387453992354,-0.4143776050308229,-0.42742316280011255,0.705
Benin,2020,-0.4833102322382135,-0.9396664134746229,-0.6514380190282857,0.501
Bhutan,2020,-0.23069119401262536,-0.5844201377989348,-0.36518635390049486,0.675
Bolivia (Plurinational State of),2020,-0.37963992885844616,-0.3030106152022137,-0.4246103375787631,0.691
Bosnia and Herzegovina,2020,-0.14502577205025788,-0.32932718974959824,-0.2852570878030738,0.776
Botswana,2020,-0.35344938242925855,-0.40742249838053185,-0.303438492052191,0.701
Brazil,2020,-0.18523657055204187,-0.34956026555122144,-0.2951100409412103,0.758
Brunei Darussalam,2020,-0.17078832098028163,-0.3741836868671798,-0.025654016084575917,0.827
Bulgaria,2020,-0.19199900180692758,-0.26091442723960195,-0.20784080815380826,0.802
Burkina Faso,2020,-0.4922555304890826,-1.135941043414611,-0.7966078999827592,0.446
Burundi,2020,-0.4471047444987556,-0.9492848167873189,-1.2128420202017256,0.419
Cabo Verde,2020,-0.1705511011950391,-0.6476051382123446,-0.47666504879052457,0.649
Cambodia,2020,-0.25407868488071833,-0.7179961481764601,-0.5780364683817876,0.596
Cameroon,2020,-0.4648966918775909,-0.5282986856568193,-0.6151671110345647,0.585
Canada,2020,-0.046495107520194146,-0.09959970633834296,-0.07732202318653804,0.928
Central African Republic,2020,-0.6304179875775093,-1.0961416704103741,-1.1025054746044878,0.389
Chad,2020,-0.6846602199871288,-1.1924806892557804,-0.9013676671784252,0.396
Chile,2020,-0.0904803238976059,-0.19324292751109992,-0.20907868386280987,0.849
China,2020,-0.11261755360571503,-0.3667962865940613,-0.26369172000294944,0.781
Colombia,2020,-0.17126292943722074,-0.3635272735210566,-0.30408057849942133,0.756
Comoros,2020,-0.38643200759101337,-0.5636513481380767,-0.6438443878758416,0.588
Congo,2020,-0.3950959769214493,-0.4781642347278996,-0.6712216079819232,0.598
Congo (Democratic Republic of the),2020,-0.4920541966517346,-0.6806212545609223,-1.0488065325541738,0.477
Costa Rica,2020,-0.09216589747584708,-0.30047181892972874,-0.23618387859198728,0.811
Croatia,2020,-0.1142201594751231,-0.1730324437710497,-0.1635490890287931,0.86
Cuba,2020,-0.12143778303992223,-0.28458625743600147,-0.4231185640312623,0.759
Cyprus,2020,-0.0571240252909699,-0.1445000676751321,-0.11417303030760813,0.9
Czechia,2020,-0.10407928550177771,-0.12915196446149224,-0.11426558344367134,0.891
Côte d'Ivoire,2020,-0.5100054473821011,-0.8631434470367276,-0.5292208794743211,0.53
Denmark,2020,-0.05461865533337796,-0.07040493118844916,-0.041445866957772345,0.946
Djibouti,2020,-0.4203288747567295,-1.0422039665562661,-0.5472516774135926,0.512
Dominica,2020,-0.19192444032162828,-0.3818260271166364,-0.33711304647277274,0.738
Dominican Republic,2020,-0.20619189216230727,-0.3506656017503879,-0.26582982387679066,0.76
Ecuador,2020,-0.22020556373718236,-0.34698462379882605,-0.3612015378375264,0.734
Egypt,2020,-0.24275773482857277,-0.3755207568992051,-0.3305336479629744,0.729
El Salvador,2020,-0.24136627347188544,-0.5635306640225262,-0.4161397052963963,0.666
Equatorial Guinea,2020,-0.467962636565952,-0.48934866198600874,-0.3338158943122421,0.65
Eritrea,2020,-0.32141387726206716,-0.9861416487577447,-0.8296272180630607,0.49
Estonia,2020,-0.10804788408361395,-0.11674556532738613,-0.11998121605502046,0.891
Eswatini (Kingdom of),2020,-0.49323761384364206,-0.5014746859342764,-0.4293464639658106,0.622
Ethiopia,2020,-0.35951413546641076,-1.0334670444991862,-0.7557352762266958,0.489
Fiji,2020,-0.30477084711798436,-0.31452813259500073,-0.3576002365546537,0.722
Finland,2020,-0.049416514131775634,-0.07152625601163486,-0.06920256516088086,0.939
France,2020,-0.04387151136870885,-0.18366243029649532,-0.08819200242027815,0.9
Gabon,2020,-0.33426851275916586,-0.40988047819049944,-0.30715435732644,0.704
Gambia,2020,-0.4222513661466859,-0.916790586058223,-0.7906467280360115,0.492
Georgia,2020,-0.20853917777258354,-0.13005257321594438,-0.302868534250389,0.807
Germany,2020,-0.061106468655210223,-0.0474087645081087,-0.052749247693520435,0.948
Ghana,2020,-0.3876100775052408,-0.6312923559207168,-0.5110463444070931,0.601
Greece,2020,-0.06500632284742314,-0.12751030854882828,-0.16780316152083244,0.887
Grenada,2020,-0.16843685843613168,-0.23671371338332703,-0.31722298795097303,0.786
Guatemala,2020,-0.22705503736525656,-0.7173498558008897,-0.4058615280104516,0.638
Guinea,2020,-0.5024759640118553,-1.0161823417957903,-0.7384918967305047,0.471
Guinea-Bissau,2020,-0.485532816094206,-0.8795221011448514,-0.822057491949599,0.482
Guyana,2020,-0.2931121734162715,-0.4318540826977259,-0.2308454357531934,0.727
Haiti,2020,-0.3890165155929395,-0.7004554431285033,-0.6683963606228475,0.557
Honduras,2020,-0.2335435986592976,-0.6540788160944693,-0.5429509075938976,0.621
"Hong Kong, China (SAR)",2020,0.0,-0.10262211344426032,-0.035501036141580615,0.955
Hungary,2020,-0.1538686683141921,-0.1904257232198738,-0.14618170164917682,0.849
Iceland,2020,-0.03800545188247897,-0.04196257702891917,-0.05696135320309484,0.955
India,2020,-0.25936875548769245,-0.6121650999379274,-0.476883717980321,0.638
Indonesia,2020,-0.2864930360460857,-0.3953683685673306,-0.33851078839872034,0.712
Iran (Islamic Republic of),2020,-0.17011330476338427,-0.28721587810021953,-0.2934898835798816,0.779
Iraq,2020,-0.28005991300318017,-0.5681305950900609,-0.39236930239358775,0.661
Ireland,2020,-0.0397008283901586,-0.11814722196416722,-0.012434230592949763,0.945
Israel,2020,-0.041463225706061334,-0.15070277731012677,-0.10261869426761427,0.906
Italy,2020,-0.04090212593581951,-0.20187675372355227,-0.10150621546267663,0.892
Jamaica,2020,-0.2256659606848173,-0.4240705775398644,-0.3883489017134216,0.707
Japan,2020,-0.00481155699722197,-0.16057975333410957,-0.09386198892746095,0.917
Jordan,2020,-0.16371421370115208,-0.3581597618465633,-0.3816132411570365,0.74
Kazakhstan,2020,-0.26176444439552343,-0.19114958912310998,-0.1942709655938979,0.806
Kenya,2020,-0.4207740012151328,-0.5578340631030035,-0.5580973801766056,0.599
Kiribati,2020,-0.3185960489375425,-0.4586321796042806,-0.6149102119923956,0.629
Korea (Republic of),2020,-0.02163230012711395,-0.1330797439030046,-0.08870645148711924,0.922
Kuwait,2020,-0.1327404966739854,-0.3799097340799219,-0.061588916335619394,0.826
Kyrgyzstan,2020,-0.26981192960264844,-0.2881249722211091,-0.549525853007821,0.691
Lao People's Democratic Republic,2020,-0.2928853295354435,-0.7314344794887457,-0.4273092896044913,0.616
Latvia,2020,-0.15885145476745335,-0.10258524867135141,-0.1457255324467912,0.873
Lebanon,2020,-0.11732929245955304,-0.4755900874910686,-0.3026809316584054,0.742
Lesotho,2020,-0.627849332399505,-0.5815768959487687,-0.6928736908029478,0.53
Liberia,2020,-0.4620843008381128,-0.7593119724318027,-0.9603607893011483,0.483
Libya,2020,-0.21410757590420287,-0.43457450895064625,-0.2669408312263532,0.737
Liechtenstein,2020,-0.03447996826317741,-0.17303043954397374,0.0,0.933
Lithuania,2020,-0.1658184846949404,-0.10014756757683418,-0.1170267898868149,0.88
Luxembourg,2020,-0.056440119838663455,-0.1906391267403067,0.0,0.921
Madagascar,2020,-0.3636884924606065,-0.8810343306148644,-0.9215372927888732,0.486
Malawi,2020,-0.39665022742289935,-0.7044688641662846,-0.9052757413279788,0.512
Malaysia,2020,-0.15014333535302551,-0.33097290935631757,-0.17920348598387653,0.802
Maldives,2020,-0.08212821416455786,-0.5157999194011458,-0.3184231749699582,0.737
Mali,2020,-0.5202804363829594,-1.3874837713656756,-0.7878879744693598,0.407
Malta,2020,-0.02563343964476546,-0.17558420884540082,-0.11282181013888756,0.901
Marshall Islands,2020,-0.36823602189823595,-0.1420618350073901,-0.4479556496810771,0.727
Mauritania,2020,-0.37817923802917625,-0.9619910461895855,-0.5142535125216816,0.539
Mauritius,2020,-0.17929230346441413,-0.30258668433337305,-0.2171846787782541,0.792
Mexico,2020,-0.25970779600628197,-0.3297254759989369,-0.24581357887547414,0.757
Micronesia (Federated States of),2020,-0.24897431134873121,-0.5194704394084426,-0.5898612242124993,0.636
Moldova (Republic of),2020,-0.25904976349966136,-0.22522390506972434,-0.31958508054948376,0.765
Mongolia,2020,-0.22043568244109538,-0.33215131389456143,-0.35085892263934065,0.74
Montenegro,2020,-0.1444567921092306,-0.1709558849062984,-0.23703967584056818,0.832
Morocco,2020,-0.1868858032915855,-0.5300150705124612,-0.4282414544148514,0.683
Mozambique,2020,-0.45662885623132415,-0.8519194466989046,-0.9758491882819262,0.467
Myanmar,2020,-0.32856817159079593,-0.5936689709715003,-0.5358155149883509,0.615
Namibia,2020,-0.4171718266614054,-0.565431942423977,-0.3857380229551322,0.634
Nauru,2020,-0.4030756574282428,-0.4197980786370069,-0.2941842840182351,0.689
Nepal,2020,-0.2775591238500337,-0.6916350843760384,-0.5984092671583877,0.593
Netherlands,2020,-0.05310870643345543,-0.08404741930970733,-0.05538383768039006,0.938
New Zealand,2020,-0.03535619005113036,-0.0709701911670902,-0.09474956913971506,0.935
Nicaragua,2020,-0.22709365038557172,-0.5250241948537314,-0.5323541663734773,0.652
Niger,2020,-0.4498752631529949,-1.4092497938934636,-0.9577135594116222,0.391
Nigeria,2020,-0.6813098269895338,-0.6291868803307011,-0.5428526135965513,0.539
North Macedonia,2020,-0.16400419485440906,-0.3612265397688522,-0.27623813118254964,0.766
Norway,2020,-0.028162085796547675,-0.06676881831345903,-0.018897687021973038,0.963
Oman,2020,-0.1714820554903592,-0.2706853464997179,-0.14366018454604304,0.823
Pakistan,2020,-0.3399150794860501,-1.0031588378548388,-0.5305859068395968,0.536
Palau,2020,-0.3599991442942604,-0.09073478689091605,-0.2405845010006098,0.794
"Palestine, State of",2020,-0.17796797049545962,-0.35790919211926936,-0.46979347289673395,0.715
Panama,2020,-0.13737172430060723,-0.32395538971355387,-0.1762794800846758,0.809
Papua New Guinea,2020,-0.3503870618612481,-0.7475021538787229,-0.6060738463960611,0.567
Paraguay,2020,-0.20066727666457643,-0.38301982099315707,-0.3095867064666089,0.742
Peru,2020,-0.19162624996214922,-0.29417593355608684,-0.3444967853883527,0.758
Philippines,2020,-0.22085770431576499,-0.42443341601158224,-0.4027328016315623,0.705
Poland,2020,-0.1323540639699443,-0.12904336936059987,-0.14160674967958858,0.874
Portugal,2020,-0.06261217261065184,-0.24562571905621478,-0.14040172123094408,0.861
Qatar,2020,-0.09517326610051066,-0.3478907764453225,0.0,0.863
Romania,2020,-0.16078288074174532,-0.24782744950678784,-0.15737283122134224,0.828
Russian Federation,2020,-0.2358781392316644,-0.16421412317406997,-0.1745667271924427,0.826
Rwanda,2020,-0.329059776905759,-0.7571249306745367,-0.7896780315151024,0.535
Saint Kitts and Nevis,2020,-0.23034247844475364,-0.14890996086032074,-0.17203514741446604,0.832
Saint Lucia,2020,-0.19627694334006948,-0.4488473277303881,-0.3237525615403018,0.724
Saint Vincent and the Grenadines,2020,-0.22072340530841641,-0.20087508244651328,-0.3038971971353785,0.785
Samoa,2020,-0.20848232351844873,-0.3224565329709046,-0.48682551378484606,0.712
San Marino,2020,-0.0869162766167087,-0.36311221393299803,-0.06035170978553803,0.844
Sao Tome and Principe,2020,-0.30767548717749427,-0.5997243917883491,-0.5780508311445145,0.609
Saudi Arabia,2020,-0.14477680349014385,-0.2250662146974576,-0.07826862019123107,0.861
Senegal,2020,-0.3030612667995953,-1.0563249748926857,-0.6380774113087607,0.514
Serbia,2020,-0.15969937875767493,-0.24102492722968066,-0.24608681496435553,0.806
Seychelles,2020,-0.19410766396150914,-0.29750873036757675,-0.18054482451027096,0.799
Sierra Leone,2020,-0.491450438237379,-1.0003020775823597,-0.8810061407944109,0.453
Singapore,2020,-0.03346133028495073,-0.14640066424458326,0.0,0.942
Slovakia,2020,-0.13124828660995413,-0.17642050098922435,-0.14557652769121904,0.86
Slovenia,2020,-0.07271958729375501,-0.09557953486047457,-0.11356251064612416,0.91
Solomon Islands,2020,-0.258392163715091,-0.7295616173482115,-0.7176376558646492,0.566
South Africa,2020,-0.3621404018314169,-0.30076388456062736,-0.3139871651807063,0.722
South Sudan,2020,-0.6054181124542586,-1.057299361283116,-1.1907300069484215,0.386
Spain,2020,-0.04260242469969145,-0.17580749252100297,-0.11715574606768148,0.894
Sri Lanka,2020,-0.1420422325695159,-0.30130848831724055,-0.3141275652389643,0.777
Sudan,2020,-0.3541725829516789,-1.0074251894390966,-0.6092751493203684,0.518
Suriname,2020,-0.21241287002508127,-0.5372283370082855,-0.3097760562132297,0.702
Sweden,2020,-0.04038939579688483,-0.08071414984594434,-0.053284670934882976,0.944
Switzerland,2020,-0.03018961654767455,-0.08342569282135909,-0.018878025585051257,0.957
Syrian Arab Republic,2020,-0.22045486139028136,-0.9230558113286582,-0.5887455064792109,0.561
Tajikistan,2020,-0.30331126680089726,-0.38858802082161303,-0.5712956407328745,0.656
Tanzania (United Republic of),2020,-0.33691541173187384,-0.8214161692478233,-0.7207893620439995,0.535
Thailand,2020,-0.09221650860524519,-0.3184168763976782,-0.2603689227060481,0.8
Timor-Leste,2020,-0.2933390687669218,-0.5647614259385952,-0.5127196413434058,0.633
Togo,2020,-0.45996190881396226,-0.6043868048162788,-0.7817519426647246,0.54
Tonga,2020,-0.24397439935590018,-0.2044364943882135,-0.4471953191039373,0.742
Trinidad and Tobago,2020,-0.17791282799804198,-0.2446694304062388,-0.1924240522598639,0.815
Tunisia,2020,-0.16175903729352628,-0.3986711863318709,-0.36933897289678325,0.734
Turkmenistan,2020,-0.2889752158937826,-0.3326169633466748,-0.31645616392890286,0.731
Tuvalu,2020,-0.3815532880618514,-0.41732374242638876,-0.4692803815516997,0.655
Türkiye,2020,-0.1517177443804275,-0.23103779027832708,-0.15875164242314876,0.835
Uganda,2020,-0.4166582879012866,-0.6402330446582045,-0.7613332525242733,0.545
Ukraine,2020,-0.21218458992440795,-0.29005855234081346,-0.31233818810065656,0.762
United Arab Emirates,2020,-0.09776549932810741,-0.10262329329604142,-0.01637702659157969,0.93
United Kingdom,2020,-0.07283540942418444,-0.0793040473326771,-0.09647469459071772,0.92
United States,2020,-0.12409909387045627,-0.08559582045360835,-0.03151228061587809,0.923
Uruguay,2020,-0.1065578133292913,-0.27349237086441763,-0.21479495956339764,0.82
Uzbekistan,2020,-0.2557660804392639,-0.3132709815681266,-0.4316162787659085,0.716
Vanuatu,2020,-0.2564020737032733,-0.5703504808960546,-0.6467356717393641,0.612
Venezuela (Bolivarian Republic of),2020,-0.24070062483146482,-0.3624116222098001,-0.503816417319464,0.691
Viet Nam,2020,-0.16020486692557298,-0.43939400486461555,-0.36281447261121424,0.726
Yemen,2020,-0.375532962573129,-1.1615960639740335,-0.9964301834614977,0.43
Zambia,2020,-0.4277107170554841,-0.5998672288403148,-0.6615095090814487,0.569
Zimbabwe,2020,-0.45779537721516494,-0.5110616652697428,-0.8039197246334008,0.554
Afghanistan,2021,-0.43714631490382255,-0.9241360974040664,-0.885602625960023,0.473
Albania,2021,-0.14080171351910056,-0.29821427290564323,-0.28672722192646716,0.785
Algeria,2021,-0.14232599598367507,-0.41467506907793245,-0.345896446414821,0.74
Andorra,2021,-0.07392810667368249,-0.3365467574422648,-0.05961928697299444,0.855
Angola,2021,-0.4452539826345551,-0.6296117706410811,-0.5097070840924964,0.59
Antigua and Barbuda,2021,-0.10541179902407775,-0.24533933774104683,-0.24912956385765264,0.819
Argentina,2021,-0.15998819785062457,-0.13757459689379226,-0.21272041467244024,0.844
Armenia,2021,-0.22231696994980715,-0.25035987451234976,-0.2951206304602562,0.774
Australia,2021,-0.00731902654200729,-0.07879720621592956,-0.0695390196477203,0.949
Austria,2021,-0.0540501273992828,-0.14520829821260356,-0.049838213394488386,0.92
Azerbaijan,2021,-0.2751253417701052,-0.35093525923496344,-0.28661091568903624,0.738
Bahamas,2021,-0.23090435784921876,-0.28143062987132234,-0.16002077399483686,0.799
Bahrain,2021,-0.10092591858996053,-0.19569857413019537,-0.07405189777970225,0.884
Bangladesh,2021,-0.21584333974210226,-0.5485081735911047,-0.4717219501316247,0.662
Barbados,2021,-0.12136830120070989,-0.23708867842995174,-0.3000249527844325,0.803
Belarus,2021,-0.21475575055276558,-0.22023011234934314,-0.23140302449576045,0.801
Belgium,2021,-0.04920640463162887,-0.08597272057999861,-0.05599493794935542,0.938
Belize,2021,-0.25300816954346617,-0.42706972240012725,-0.39859485337382167,0.698
Benin,2021,-0.4899928585663748,-0.9396664134746229,-0.6379483723260011,0.502
Bhutan,2021,-0.22670758725945644,-0.5844201377989348,-0.35777428718841126,0.677
Bolivia (Plurinational State of),2021,-0.39864228276011876,-0.2945299689325355,-0.4171368354287257,0.691
Bosnia and Herzegovina,2021,-0.16161436136734805,-0.32849080409702536,-0.27009550825634016,0.776
Botswana,2021,-0.45738207872268366,-0.40839940227496097,-0.2909423995924114,0.68
Brazil,2021,-0.20882349753946122,-0.34433985219460034,-0.2875351652181874,0.756
Brunei Darussalam,2021,-0.17358445208190063,-0.3741836868671798,-0.032432860842345146,0.824
Bulgaria,2021,-0.22703573141419653,-0.26701395161149466,-0.19098932594035833,0.796
Burkina Faso,2021,-0.5039264013057189,-1.139802185074715,-0.7832029162822572,0.445
Burundi,2021,-0.4447738251336729,-0.9492848167873189,-1.2124814918489901,0.419
Cabo Verde,2021,-0.1844407237197974,-0.6476051382123446,-0.4611612240687977,0.65
Cambodia,2021,-0.2707190688502446,-0.7044627246674573,-0.5765126771961666,0.596
Cameroon,2021,-0.47721727746396647,-0.5282986856568193,-0.6238107350096936,0.581
Canada,2021,-0.03672782298759183,-0.09910942769313337,-0.0700212600242168,0.934
Central African Republic,2021,-0.651119759012708,-1.0961416704103741,-1.1027013464673094,0.387
Chad,2021,-0.6923782454970683,-1.1924806892557804,-0.9183923473784391,0.393
Chile,2021,-0.09779942926279547,-0.17894158440831445,-0.19000757725391082,0.856
China,2021,-0.11031292958071813,-0.3667962865940613,-0.24825205000528835,0.785
Colombia,2021,-0.20730805871941274,-0.3617304741952396,-0.2866872109158449,0.752
Comoros,2021,-0.4035362004165564,-0.5636513481380767,-0.6432766707464673,0.585
Congo,2021,-0.40118964555312336,-0.4781642347278996,-0.6622728877251062,0.598
Congo (Democratic Republic of the),2021,-0.5058891104735677,-0.6806212545609223,-1.0458840539146426,0.475
Costa Rica,2021,-0.13093257467692862,-0.30047181892972874,-0.2235395469813698,0.804
Croatia,2021,-0.12121198471160731,-0.17015713093833174,-0.1373306415539045,0.867
Cuba,2021,-0.19129089205760147,-0.282989889314268,-0.41934513785088884,0.742
Cyprus,2021,-0.060191061970935204,-0.14402133036374776,-0.10762181339033808,0.901
Czechia,2021,-0.1186449454554788,-0.12259005199369724,-0.10374491896646182,0.891
Côte d'Ivoire,2021,-0.5211868082387188,-0.8631434470367276,-0.5182075135372015,0.53
Denmark,2021,-0.05738468378095249,-0.07040493118844916,-0.03430572559999926,0.947
Djibouti,2021,-0.4294819875191729,-1.0422039665562661,-0.5366491693136519,0.512
Dominica,2021,-0.20761096281472033,-0.3818260271166364,-0.3272310320232016,0.737
Dominican Republic,2021,-0.21138601970286175,-0.3833114342055413,-0.2451297413898151,0.756
Ecuador,2021,-0.1915330837068996,-0.33312692586032067,-0.35244966335386246,0.746
Egypt,2021,-0.2579540039789433,-0.3755207568992051,-0.32713923347811164,0.726
El Salvador,2021,-0.24751506161728518,-0.5635306640225262,-0.3931468852595434,0.669
Equatorial Guinea,2021,-0.4707669974602023,-0.48934866198600874,-0.3466455948040514,0.647
Eritrea,2021,-0.33416106328717676,-0.9861416487577447,-0.8184877652595663,0.49
Estonia,2021,-0.12881287204296563,-0.11151843872138414,-0.10824703605811102,0.89
Eswatini (Kingdom of),2021,-0.5616871625205186,-0.5014746859342764,-0.4086608979417759,0.612
Ethiopia,2021,-0.3682804900590404,-1.0334670444991862,-0.7463403117026816,0.489
Fiji,2021,-0.3218170731252223,-0.3141837252914135,-0.368939274048595,0.715
Finland,2021,-0.046640169373210735,-0.07152625601163486,-0.06488569770736984,0.941
France,2021,-0.039236713281282774,-0.1818592895892378,-0.07557494249751943,0.906
Gabon,2021,-0.3496447685776667,-0.40988047819049944,-0.3685225209813242,0.687
Gambia,2021,-0.4347434112317264,-0.916790586058223,-0.7892329463755257,0.49
Georgia,2021,-0.2290455492746659,-0.12180035328187101,-0.28547990136947915,0.809
Germany,2021,-0.06959744981199786,-0.04399606625960565,-0.04782043102413069,0.948
Ghana,2021,-0.3948676142805848,-0.6231515973076155,-0.5122782529788763,0.6
Greece,2021,-0.07819441681591877,-0.12751030854882828,-0.1523965436075667,0.887
Grenada,2021,-0.1682183985772617,-0.23671371338332703,-0.30857411666727186,0.788
Guatemala,2021,-0.27774189651181397,-0.7173498558008897,-0.39321106079172924,0.63
Guinea,2021,-0.5135986959482264,-1.0161823417957903,-0.7531761356658085,0.467
Guinea-Bissau,2021,-0.494245881724986,-0.8795221011448514,-0.8182127617392897,0.482
Guyana,2021,-0.3528799562202675,-0.4318540826977259,-0.19834193272478964,0.721
Haiti,2021,-0.40873197697965125,-0.7004554431285033,-0.6776815127176484,0.551
Honduras,2021,-0.2599072853143164,-0.6540788160944693,-0.521544840955845,0.62
"Hong Kong, China (SAR)",2021,0.0,-0.10234346659269752,-0.02388557008980398,0.959
Hungary,2021,-0.17563626095766682,-0.18992343586531674,-0.1344583497725691,0.846
Iceland,2021,-0.03637676102155006,-0.04196257702891917,-0.05486446823142846,0.957
India,2021,-0.3191462785664756,-0.5953623616265509,-0.45958066560016525,0.633
Indonesia,2021,-0.3121849594514472,-0.3953683685673306,-0.33245454912909844,0.707
Iran (Islamic Republic of),2021,-0.1877207214717252,-0.28721587810021953,-0.28564247195770426,0.776
Iraq,2021,-0.2548326980521445,-0.5681305950900609,-0.3940401493732727,0.667
Ireland,2021,-0.047285143435364115,-0.11814722196416722,0.0,0.946
Israel,2021,-0.04314841649126132,-0.14434554186647003,-0.09263222528943119,0.911
Italy,2021,-0.03363633485938072,-0.19756405062131868,-0.08832611801159576,0.899
Jamaica,2021,-0.25241393361432296,-0.4240705775398644,-0.3781403664790281,0.704
Japan,2021,-0.0033286106058317525,-0.16057975333410957,-0.08774080831435206,0.92
Jordan,2021,-0.18067368451235435,-0.3581597618465633,-0.38168800647992257,0.736
Kazakhstan,2021,-0.275206372480789,-0.19114958912310998,-0.19989788440207468,0.801
Kenya,2021,-0.4504544277243134,-0.5578340631030035,-0.5438936558924166,0.596
Kiribati,2021,-0.31540645570503884,-0.4586321796042806,-0.625752302202968,0.627
Korea (Republic of),2021,-0.020234104984675424,-0.12888948177583598,-0.08136334998891173,0.926
Kuwait,2021,-0.10240761480681301,-0.3799097340799219,-0.054860946122829775,0.836
Kyrgyzstan,2021,-0.26282437029994754,-0.2748567374258245,-0.5508936465168134,0.696
Lao People's Democratic Republic,2021,-0.3019162324796054,-0.7314344794887457,-0.42295531834644334,0.615
Latvia,2021,-0.19323006963382106,-0.10055650397795897,-0.140775809100032,0.865
Lebanon,2021,-0.1661999041247109,-0.4755900874910686,-0.32157814329012274,0.725
Lesotho,2021,-0.6760026832648167,-0.5815768959487687,-0.6950363256160569,0.522
Liberia,2021,-0.4670050525507253,-0.7593119724318027,-0.949341806890045,0.484
Libya,2021,-0.22485655613108874,-0.43457450895064625,-0.2205820533122815,0.746
Liechtenstein,2021,-0.027181476474935542,-0.17277384988722122,0.0,0.936
Lithuania,2021,-0.19060189824060028,-0.09928180026911569,-0.1090146390126194,0.875
Luxembourg,2021,-0.037158840274864754,-0.19071846536252854,0.0,0.927
Madagascar,2021,-0.37923521619890643,-0.8940088708197009,-0.9053347804936929,0.484
Malawi,2021,-0.415422208215013,-0.7044688641662846,-0.9048918022477415,0.509
Malaysia,2021,-0.16916540283670836,-0.3319665767686322,-0.1770426263864391,0.798
Maldives,2021,-0.08141030908084153,-0.5157999194011458,-0.25551025352319223,0.753
Mali,2021,-0.5123395897471676,-1.3874837713656756,-0.789527104849375,0.408
Malta,2021,-0.01899464610860235,-0.16534474718595496,-0.09088445582032348,0.912
Marshall Islands,2021,-0.36176479837586795,-0.133522896597122,-0.4547351938992299,0.729
Mauritania,2021,-0.3819589401531418,-0.9619910461895855,-0.5155732670220867,0.538
Mauritius,2021,-0.19367810667904406,-0.30258668433337305,-0.21178427004851497,0.79
Mexico,2021,-0.2581133125799534,-0.34207725324881305,-0.2366928893637337,0.757
Micronesia (Federated States of),2021,-0.2482641400887095,-0.5194704394084426,-0.6012336928862714,0.634
Moldova (Republic of),2021,-0.2857147780757413,-0.21724229904726083,-0.2942681610215504,0.767
Mongolia,2021,-0.24305195343511832,-0.33215131389456143,-0.36850633946378814,0.73
Montenegro,2021,-0.14292926072872697,-0.16938377282593897,-0.21228680020365256,0.84
Morocco,2021,-0.18462574786597627,-0.5248447320085201,-0.4140873256002092,0.688
Mozambique,2021,-0.5025268209512954,-0.8519194466989046,-0.9787843816101958,0.459
Myanmar,2021,-0.3529018512336791,-0.5936689709715003,-0.5900662022485645,0.599
Namibia,2021,-0.5039518663612977,-0.565431942423977,-0.3862767146329549,0.616
Nauru,2021,-0.3989402872782389,-0.4197980786370069,-0.28153806140926513,0.693
Nepal,2021,-0.29385493155886183,-0.6916350843760384,-0.5934675621632994,0.591
Netherlands,2021,-0.05231405810459295,-0.08404741930970733,-0.04696486301031178,0.941
New Zealand,2021,-0.04000502064200606,-0.0709701911670902,-0.08834968645708424,0.936
Nicaragua,2021,-0.188426306765407,-0.5250241948537314,-0.5092452148240285,0.665
Niger,2021,-0.4468641921894964,-1.4092497938934636,-0.9769172633276767,0.389
Nigeria,2021,-0.6877464064160143,-0.6071104774383838,-0.5411121134523981,0.542
North Macedonia,2021,-0.18835201118038813,-0.35356032306080803,-0.26622415108315123,0.764
Norway,2021,-0.027545138715782503,-0.06676881831345903,-0.01582379425950988,0.964
Oman,2021,-0.21279345270174613,-0.2799203505518034,-0.13775145780400522,0.81
Pakistan,2021,-0.3436177047820843,-1.0031588378548388,-0.5177896316190405,0.537
Palau,2021,-0.34531118528841737,-0.09073478689091605,-0.2251985827885616,0.802
"Palestine, State of",2021,-0.19521041628110117,-0.36060064369451067,-0.45113615117485173,0.715
Panama,2021,-0.14506134404798493,-0.32395538971355387,-0.15321104788392614,0.813
Papua New Guinea,2021,-0.35995504286095675,-0.7475021538787229,-0.6125220772812182,0.564
Paraguay,2021,-0.2571379454959097,-0.38301982099315707,-0.30436243618378805,0.73
Peru,2021,-0.2159197062248902,-0.29417593355608684,-0.33285386272896234,0.755
Philippines,2021,-0.27715308194093025,-0.42443341601158224,-0.40234865767414923,0.692
Poland,2021,-0.14090798344481165,-0.12618637344248088,-0.13103335903366897,0.876
Portugal,2021,-0.0627923542670089,-0.24021421465213985,-0.13097720591770734,0.865
Qatar,2021,-0.09225025078128125,-0.3478907764453225,0.0,0.864
Romania,2021,-0.18198315252067854,-0.24633521693960186,-0.1471644629240752,0.825
Russian Federation,2021,-0.2740523042626823,-0.16397146077348915,-0.16447686631643432,0.818
Rwanda,2021,-0.34418187969126574,-0.7467250114740586,-0.7626530306337721,0.539
Saint Kitts and Nevis,2021,-0.22927771147970194,-0.14890996086032074,-0.17354946011954742,0.832
Saint Lucia,2021,-0.24038753166412213,-0.44837747082228185,-0.3103733775823261,0.717
Saint Vincent and the Grenadines,2021,-0.26981192960264844,-0.20087508244651328,-0.3022768807635972,0.773
Samoa,2021,-0.20850127457733975,-0.3224565329709046,-0.504818855927003,0.708
San Marino,2021,-0.06549898223269557,-0.36232055074629826,-0.04772947255219433,0.853
Sao Tome and Principe,2021,-0.31174360216556546,-0.5997243917883491,-0.5785199852863913,0.609
Saudi Arabia,2021,-0.132459439898667,-0.2250662146974576,-0.071692829025523,0.867
Senegal,2021,-0.32226289987584233,-1.0551729254078046,-0.6280865303828498,0.512
Serbia,2021,-0.18185397382022137,-0.24101751074902283,-0.23201881927121148,0.804
Seychelles,2021,-0.23681348362348556,-0.2771539683143911,-0.1752481317337012,0.795
Sierra Leone,2021,-0.4839590157918504,-1.0003020775823597,-0.8720513137829595,0.456
Singapore,2021,-0.03516494889545086,-0.14269749627820966,0.0,0.942
Slovakia,2021,-0.16869178860485592,-0.17137552082959118,-0.14016593874994754,0.852
Slovenia,2021,-0.0686083300478733,-0.09117857321861668,-0.1019653310859393,0.916
Solomon Islands,2021,-0.2554283734663787,-0.7295616173482115,-0.7306405605066446,0.564
South Africa,2021,-0.42863138614000396,-0.2444802014720397,-0.3067677368962711,0.721
South Sudan,2021,-0.6197537493440921,-1.057299361283116,-1.2190415218902186,0.381
Spain,2021,-0.031093825941672856,-0.16462771194022283,-0.10778161146250759,0.904
Sri Lanka,2021,-0.14193584204526485,-0.28246039767398334,-0.3081708816126438,0.783
Sudan,2021,-0.3618089796960132,-1.0074251894390966,-0.6173539582409199,0.516
Suriname,2021,-0.25689922503643264,-0.5377849523443966,-0.320968095400264,0.689
Sweden,2021,-0.031522421187651875,-0.08071414984594434,-0.04539242827908774,0.949
Switzerland,2021,-0.015707332168642157,-0.07890462374975907,-0.013675893258829699,0.965
Syrian Arab Republic,2021,-0.22193274617315564,-0.9230558113286582,-0.60530607324872,0.558
Tajikistan,2021,-0.2309818832388228,-0.38858802082161303,-0.5508196883017737,0.677
Tanzania (United Republic of),2021,-0.3413858270205492,-0.8521623440094253,-0.7163604239482678,0.529
Thailand,2021,-0.10169203907859257,-0.3184168763976782,-0.25992071394329047,0.797
Timor-Leste,2021,-0.3086804913449139,-0.5647614259385952,-0.7920922305236405,0.574
Togo,2021,-0.4458304761289389,-0.6043868048162788,-0.7702913231900395,0.545
Tonga,2021,-0.24283618465994572,-0.2044364943882135,-0.4621998608838307,0.738
Trinidad and Tobago,2021,-0.20464267590686616,-0.2446694304062388,-0.20483488155585303,0.804
Tunisia,2021,-0.18963438430363078,-0.3986711863318709,-0.3602764642347769,0.729
Turkmenistan,2021,-0.2771936787134926,-0.31428874158205544,-0.3101247208945249,0.74
Tuvalu,2021,-0.37784245831360314,-0.36448738243463474,-0.5382716259432851,0.653
Türkiye,2021,-0.14846431379219585,-0.23103779027832708,-0.1415114474464843,0.841
Uganda,2021,-0.4200712604975265,-0.6402330446582045,-0.7605181135807806,0.545
Ukraine,2021,-0.23040058926209858,-0.29975573758227403,-0.3145041782920711,0.755
United Arab Emirates,2021,-0.10177719981954263,-0.10115210591863168,-0.011460318884678716,0.931
United Kingdom,2021,-0.06775188358930384,-0.06537931717418123,-0.08121426243040399,0.931
United States,2021,-0.12786833715614118,-0.09604172063174692,-0.023085585258832052,0.921
Uruguay,2021,-0.15915806768908095,-0.24342765336992792,-0.21488579110025524,0.814
Uzbekistan,2021,-0.24527118704131373,-0.31573903811613985,-0.41886726161022797,0.721
Vanuatu,2021,-0.2534243448980198,-0.5664429907073304,-0.643880228366905,0.614
Venezuela (Bolivarian Republic of),2021,-0.25134519798505767,-0.3624116222098001,-0.4980629194036227,0.69
Viet Nam,2021,-0.19250243729857452,-0.43939400486461555,-0.36109174774476127,0.718
Yemen,2021,-0.3958270880143552,-1.1615960639740335,-1.0109395994146961,0.425
Zambia,2021,-0.45539091687789013,-0.5998672288403148,-0.6565137193211936,0.565
Zimbabwe,2021,-0.5043593954670627,-0.5110616652697428,-0.784439655524076,0.549
Afghanistan,2022,-0.4160050743005493,-0.9644360026029031,-0.93780378746293,0.462
Albania,2022,-0.13427012696001442,-0.3013737909671326,-0.2746861160485259,0.789
Algeria,2022,-0.1290754012508477,-0.41077869693360264,-0.3428598590212182,0.745
Andorra,2022,-0.022528801472929606,-0.2981100489253844,-0.05021050688916855,0.884
Angola,2022,-0.4384095582699614,-0.6296117706410811,-0.5099505484503566,0.591
Antigua and Barbuda,2022,-0.0928578047203801,-0.24533933774104683,-0.23462713707337718,0.826
Argentina,2022,-0.14789337458171098,-0.13757459689379226,-0.2044845012215148,0.849
Armenia,2022,-0.19710100601546285,-0.25124405661419275,-0.27345607656426085,0.786
Australia,2022,-0.022104042753090556,-0.07879720621592956,-0.06561531093714305,0.946
Austria,2022,-0.04062970531670124,-0.14520829821260356,-0.043645632440196126,0.926
Azerbaijan,2022,-0.1949299402178943,-0.349636820373486,-0.27830367448825005,0.76
Bahamas,2022,-0.1787954730481735,-0.28143062987132234,-0.13485568601020995,0.82
Bahrain,2022,-0.09268900270785953,-0.1972460913345609,-0.06734750964322203,0.888
Bangladesh,2022,-0.19101151302224972,-0.5485081735911047,-0.4607293710846709,0.67
Barbados,2022,-0.11902611565258463,-0.23708867842995174,-0.2810878477715089,0.809
Belarus,2022,-0.19946458549844578,-0.22763279589682864,-0.23831921971267103,0.801
Belgium,2022,-0.04253820996559855,-0.08597272057999861,-0.051947676428807245,0.942
Belize,2022,-0.24330701293403367,-0.446126962691087,-0.3801900436245665,0.7
Benin,2022,-0.48665847753909675,-0.9396664134746229,-0.6293341658993921,0.504
Bhutan,2022,-0.2187493737153441,-0.5844201377989348,-0.34985077577251994,0.681
Bolivia (Plurinational State of),2022,-0.3693260614922913,-0.2945299689325355,-0.41294224032452964,0.698
Bosnia and Herzegovina,2022,-0.16174095165804162,-0.32847925107624926,-0.25885532670727895,0.779
Botswana,2022,-0.34763896852872544,-0.40839940227496097,-0.2806649791345616,0.708
Brazil,2022,-0.19610846869042586,-0.34433985219460034,-0.2837343011976884,0.76
Brunei Darussalam,2022,-0.1752512259788999,-0.3741836868671798,-0.03626814850765713,0.823
Bulgaria,2022,-0.23226192065104742,-0.26701395161149466,-0.17493449482918214,0.799
Burkina Faso,2022,-0.4913749940597477,-1.1971459152091,-0.7868178089199409,0.438
Burundi,2022,-0.4372654206579623,-0.9492848167873189,-1.2156609175653597,0.42
Cabo Verde,2022,-0.17212144754166417,-0.6476051382123446,-0.4243365625687822,0.661
Cambodia,2022,-0.2644464306718156,-0.7044627246674573,-0.5659185422513008,0.6
Cameroon,2022,-0.4618401184815165,-0.5282986856568193,-0.6075358067642668,0.587
Canada,2022,-0.0336840686955196,-0.09910942769313337,-0.06830256259020336,0.935
Central African Republic,2022,-0.6340948348460269,-1.0961416704103741,-1.118932922128127,0.387
Chad,2022,-0.6779706216525478,-1.1924806892557804,-0.9227061815737637,0.394
Chile,2022,-0.08809168058720905,-0.17894158440831445,-0.18564242291137112,0.86
China,2022,-0.103874440926882,-0.3667962865940613,-0.2425371394255921,0.788
Colombia,2022,-0.19173806092719436,-0.3617304741952396,-0.27835851674753265,0.758
Comoros,2022,-0.3974969384589874,-0.5636513481380767,-0.6417868420838295,0.586
Congo,2022,-0.41195535503873276,-0.4781642347278996,-0.6757090540458197,0.593
Congo (Democratic Republic of the),2022,-0.4919535449317634,-0.6806212545609223,-1.0231428453864782,0.481
Costa Rica,2022,-0.12573766693566615,-0.30047181892972874,-0.2203903260437915,0.806
Croatia,2022,-0.0928578047203801,-0.17015713093833174,-0.12564548338108683,0.878
Cuba,2022,-0.11127541010463499,-0.282989889314268,-0.41392778734883673,0.764
Cyprus,2022,-0.04904481197404768,-0.14402133036374776,-0.09920047862551054,0.907
Czechia,2022,-0.11172259115161079,-0.12259005199369724,-0.10000161725273711,0.895
Côte d'Ivoire,2022,-0.5129817927824559,-0.8631434470367276,-0.5076686527946995,0.534
Denmark,2022,-0.0491579240925157,-0.07040493118844916,-0.0291279727088803,0.952
Djibouti,2022,-0.4164716119002777,-1.0422039665562661,-0.5325700477538411,0.515
Dominica,2022,-0.20445391118265746,-0.3818260271166364,-0.3161425728649674,0.74
Dominican Republic,2022,-0.1822600202258296,-0.3833114342055413,-0.2359616348589543,0.766
Ecuador,2022,-0.11577351762933528,-0.3398123628395403,-0.3484771509796477,0.765
Egypt,2022,-0.25918930997384726,-0.3755207568992051,-0.3179308977794523,0.728
El Salvador,2022,-0.23329101698178406,-0.5635306640225262,-0.3889039098800747,0.674
Equatorial Guinea,2022,-0.4561917614476478,-0.48934866198600874,-0.34909020673989305,0.65
Eritrea,2022,-0.3327008955379425,-0.9861416487577447,-0.8001913430117179,0.493
Estonia,2022,-0.09422615219001096,-0.11151843872138414,-0.11217667647336899,0.899
Eswatini (Kingdom of),2022,-0.580918000586359,-0.5014746859342764,-0.4017414500535455,0.61
Ethiopia,2022,-0.35349319787859307,-1.0334670444991862,-0.7379688466665962,0.492
Fiji,2022,-0.2967072928900371,-0.3141837252914135,-0.33797996381341805,0.729
Finland,2022,-0.04160755940582517,-0.07152625601163486,-0.0647503492013599,0.942
France,2022,-0.02762421322773618,-0.1818592895892378,-0.07190648266100017,0.91
Gabon,2022,-0.35242027164334594,-0.40988047819049944,-0.33872514313653485,0.693
Gambia,2022,-0.41537559360132326,-0.916790586058223,-0.778390175836598,0.495
Georgia,2022,-0.23111756713432155,-0.11873868045194767,-0.2663375280878006,0.814
Germany,2022,-0.0636937498522033,-0.04399606625960565,-0.04700693248952527,0.95
Ghana,2022,-0.3914484178790285,-0.6231515973076155,-0.5074878302325768,0.602
Greece,2022,-0.06986138039978561,-0.12751030854882828,-0.14111373198415306,0.893
Grenada,2022,-0.16098165017888857,-0.23671371338332703,-0.29839298874524106,0.793
Guatemala,2022,-0.2892422632757374,-0.7173498558008897,-0.3861598513872389,0.629
Guinea,2022,-0.511210313134074,-1.0161823417957903,-0.7332918723883614,0.471
Guinea-Bissau,2022,-0.4889888676183567,-0.8795221011448514,-0.8138150750749834,0.483
Guyana,2022,-0.3459850324375659,-0.4318540826977259,-0.11854022980789407,0.742
Haiti,2022,-0.396398640709925,-0.7004554431285033,-0.6862888551758228,0.552
Honduras,2022,-0.24790924349790672,-0.6540788160944693,-0.512620759777978,0.624
"Hong Kong, China (SAR)",2022,-0.010594384364958404,-0.0971561774210836,-0.02796310125795963,0.956
Hungary,2022,-0.16781801274557134,-0.18992343586531674,-0.12628694785045777,0.851
Iceland,2022,-0.034193371439255923,-0.04196257702891917,-0.0488845868981967,0.959
India,2022,-0.3085338653143414,-0.5646293804323275,-0.4452124241150614,0.644
Indonesia,2022,-0.29799144211064216,-0.3953683685673306,-0.3233084802186184,0.713
Iran (Islamic Republic of),2022,-0.1751595728310085,-0.28721587810021953,-0.2816279634265865,0.78
Iraq,2022,-0.23599500944742302,-0.5681305950900609,-0.3838169927243824,0.673
Ireland,2022,-0.03577067139743324,-0.11814722196416722,0.0,0.95
Israel,2022,-0.03760601747627972,-0.14434554186647003,-0.08553391812006668,0.915
Italy,2022,-0.014613957907082586,-0.19756405062131868,-0.08293104977252959,0.906
Jamaica,2022,-0.24986273524456573,-0.4240705775398644,-0.3696863795956553,0.706
Japan,2022,-0.002773072182235878,-0.16057975333410957,-0.08532415891519458,0.92
Jordan,2022,-0.18142964697149175,-0.3581597618465633,-0.37893417997245904,0.736
Kazakhstan,2022,-0.2726368472382313,-0.19114958912310998,-0.20001970720232232,0.802
Kenya,2022,-0.43540898448123644,-0.5578340631030035,-0.5361267872570668,0.601
Kiribati,2022,-0.3102738164896409,-0.4586321796042806,-0.626494606596856,0.628
Korea (Republic of),2022,-0.01512925683089211,-0.12888948177583598,-0.07661785274100186,0.929
Kuwait,2022,-0.07565235937224361,-0.3799097340799219,-0.0430898402095257,0.847
Kyrgyzstan,2022,-0.252730815499253,-0.2748567374258245,-0.5375292665037439,0.701
Lao People's Democratic Republic,2022,-0.28258738015652524,-0.7314344794887457,-0.42001988245439664,0.62
Latvia,2022,-0.15034000097740222,-0.10055650397795897,-0.137276509803723,0.879
Lebanon,2022,-0.17772904163079759,-0.4755900874910686,-0.3187286972173211,0.723
Lesotho,2022,-0.6767893939471664,-0.5815768959487687,-0.6964671745019869,0.521
Liberia,2022,-0.4583791483934481,-0.7593119724318027,-0.9391902513141692,0.487
Libya,2022,-0.22024391317728528,-0.43457450895064625,-0.22507905227635364,0.746
Liechtenstein,2022,-0.005306361559519152,-0.17277384988722122,0.0,0.942
Lithuania,2022,-0.17999196470963005,-0.09928180026911569,-0.1077882415885423,0.879
Luxembourg,2022,-0.03776577209352805,-0.19071846536252854,0.0,0.927
Madagascar,2022,-0.36262668640588525,-0.8940088708197009,-0.903003645152587,0.487
Malawi,2022,-0.41556206509503385,-0.7044688641662846,-0.911033487117887,0.508
Malaysia,2022,-0.14440346683392627,-0.3319665767686322,-0.16567982852131452,0.807
Maldives,2022,-0.06615623919452472,-0.5157999194011458,-0.23398956599226722,0.762
Mali,2022,-0.5001900745678423,-1.3874837713656756,-0.7857329357045514,0.41
Malta,2022,-0.020139914940493532,-0.16534474718595496,-0.08226601111431565,0.915
Marshall Islands,2022,-0.36448558753425103,-0.12505625507042323,-0.4484725342251063,0.731
Mauritania,2022,-0.3746151308300715,-0.9619910461895855,-0.5092071062464752,0.54
Mauritius,2022,-0.1858662934947662,-0.30258668433337305,-0.19468167624315322,0.796
Mexico,2022,-0.17011330476338427,-0.34207725324881305,-0.23106699335061237,0.781
Micronesia (Federated States of),2022,-0.24403330778276763,-0.5194704394084426,-0.6054602713596743,0.634
Moldova (Republic of),2022,-0.290331733551545,-0.21255541681907567,-0.30809481508211267,0.763
Mongolia,2022,-0.21039819644288468,-0.33215131389456143,-0.3554664533260751,0.741
Montenegro,2022,-0.13405900431456727,-0.17487550867782847,-0.20062155560715844,0.844
Morocco,2022,-0.16754511428939256,-0.4991157293668632,-0.41389693198266647,0.698
Mozambique,2022,-0.49492703769819235,-0.8519194466989046,-0.973490180158617,0.461
Myanmar,2022,-0.318807639890703,-0.5936689709715003,-0.5822435598008932,0.608
Namibia,2022,-0.5352496826765402,-0.565431942423977,-0.38119817042377135,0.61
Nauru,2022,-0.38987950476829397,-0.4197980786370069,-0.27936323724026113,0.696
Nepal,2022,-0.252730815499253,-0.6916350843760384,-0.5830588113593852,0.601
Netherlands,2022,-0.04000502064200606,-0.08404741930970733,-0.0415717581443654,0.946
New Zealand,2022,-0.031157309943725762,-0.0709701911670902,-0.08524263452638876,0.939
Nicaragua,2022,-0.17407869960013078,-0.5250241948537314,-0.5053430908868497,0.669
Niger,2022,-0.4348147014661828,-1.4092497938934636,-0.9532184145244718,0.394
Nigeria,2022,-0.6588795420560708,-0.6071104774383838,-0.5389866570270434,0.548
North Macedonia,2022,-0.18747945127577553,-0.35356032306080803,-0.26094288103634317,0.765
Norway,2022,-0.025033824642737314,-0.06676881831345903,-0.012255200499955439,0.966
Oman,2022,-0.18660765206824467,-0.2790039102714532,-0.13257521093922545,0.819
Pakistan,2022,-0.336419930296905,-1.0031588378548388,-0.5077679005231688,0.54
Palau,2022,-0.3597125197373932,-0.09073478689091605,-0.22903332307828034,0.797
"Palestine, State of",2022,-0.19575289316898942,-0.361411669037314,-0.44569703227935986,0.716
Panama,2022,-0.13439330242361788,-0.32395538971355387,-0.1375664044901756,0.82
Papua New Guinea,2022,-0.3466593339628926,-0.7475021538787229,-0.6053728457180997,0.568
Paraguay,2022,-0.2529091056967361,-0.38301982099315707,-0.3049922090552186,0.731
Peru,2022,-0.1968574622653713,-0.29417593355608684,-0.325561849822616,0.762
Philippines,2022,-0.2195538481687828,-0.42443341601158224,-0.384624189612633,0.71
Poland,2022,-0.13140617996209486,-0.12618637344248088,-0.12157519240448654,0.881
Portugal,2022,-0.04338939002550104,-0.24021421465213985,-0.12078126215166703,0.874
Qatar,2022,-0.05439120537138893,-0.3478907764453225,0.0,0.875
Romania,2022,-0.18323890050198602,-0.24633521693960186,-0.13968106958662643,0.827
Russian Federation,2022,-0.2600469515123308,-0.16397146077348915,-0.1676755927661856,0.821
Rwanda,2022,-0.3214987470930148,-0.7364321376979188,-0.7449999359890407,0.548
Saint Kitts and Nevis,2022,-0.22262445529863134,-0.14890996086032074,-0.15837286953560695,0.838
Saint Lucia,2022,-0.23681348362348556,-0.4479078345760144,-0.28151925470402145,0.725
Saint Vincent and the Grenadines,2022,-0.28313856368396834,-0.20087508244651328,-0.2916997678578709,0.772
Samoa,2022,-0.2117091736885466,-0.3224565329709046,-0.5275793785555454,0.702
San Marino,2022,-0.024403039136195865,-0.3635296764092113,-0.04045406160229747,0.867
Sao Tome and Principe,2022,-0.2867799154152795,-0.5997243917883491,-0.5811479879364135,0.613
Saudi Arabia,2022,-0.11558353325929613,-0.2250662146974576,-0.0612213104512481,0.875
Senegal,2022,-0.3050004035533551,-1.049077119940646,-0.6245814984364078,0.517
Serbia,2022,-0.18286939913986458,-0.24029841264268156,-0.2275653278655506,0.805
Seychelles,2022,-0.22819474869739473,-0.2754706258479015,-0.15872131201131615,0.802
Sierra Leone,2022,-0.4752852447615273,-1.0003020775823597,-0.867484961443786,0.458
Singapore,2022,-0.013428217850845364,-0.14269749627820966,0.0,0.949
Slovakia,2022,-0.1610720129856187,-0.17137552082959118,-0.13680055088383303,0.855
Slovenia,2022,-0.04511002113351367,-0.09117857321861668,-0.0932980146936246,0.926
Solomon Islands,2022,-0.24763329986749688,-0.7295616173482115,-0.7510490177736157,0.562
Somalia,2022,-0.5879005175369304,-1.2882009506030414,-1.0262468724477858,0.38
South Africa,2022,-0.4491758865343107,-0.2444802014720397,-0.3046113306548958,0.717
South Sudan,2022,-0.602969028228729,-1.057299361283116,-1.2313030145976196,0.381
Spain,2022,-0.01688013271589625,-0.16462771194022283,-0.09958983044994447,0.911
Sri Lanka,2022,-0.13820162184706858,-0.28246039767398334,-0.32585808709540043,0.78
Sudan,2022,-0.35496212593505755,-1.0074251894390966,-0.6204700464755399,0.516
Suriname,2022,-0.2566009045783865,-0.5377849523443966,-0.3187865119258356,0.69
Sweden,2022,-0.02326862693935433,-0.08071414984594434,-0.042350518544478966,0.952
Switzerland,2022,-0.011527728136532682,-0.07890462374975907,-0.011719168451266679,0.967
Syrian Arab Republic,2022,-0.2173908988247599,-0.9230558113286582,-0.614218460110728,0.557
Tajikistan,2022,-0.23693046321068092,-0.38858802082161303,-0.5361537713780485,0.679
Tanzania (United Republic of),2022,-0.3288887563401192,-0.8521623440094253,-0.711556203566652,0.532
Thailand,2022,-0.08539031400013164,-0.3184168763976782,-0.255176176632855,0.803
Timor-Leste,2022,-0.2814247672062335,-0.5647614259385952,-0.8638319175448042,0.566
Togo,2022,-0.44657560577991323,-0.6043868048162788,-0.7595138526827737,0.547
Tonga,2022,-0.23728148410002803,-0.2044364943882135,-0.46636176649241373,0.739
Trinidad and Tobago,2022,-0.17237731887633245,-0.2446694304062388,-0.20095175549341718,0.814
Tunisia,2022,-0.18054467484566522,-0.3986711863318709,-0.35659889907613024,0.732
Turkmenistan,2022,-0.27423443703797856,-0.3021502391345196,-0.30974784721672916,0.744
Tuvalu,2022,-0.3709744991915398,-0.3696522925226356,-0.5390074987581218,0.653
Türkiye,2022,-0.10578795742539454,-0.23103779027832708,-0.13327740221795173,0.855
Uganda,2022,-0.3984589394951786,-0.6402330446582045,-0.7557016468013598,0.55
Ukraine,2022,-0.2915047542139084,-0.29975573758227403,-0.3345715359974446,0.734
United Arab Emirates,2022,-0.09353329785603558,-0.10115210591863168,-0.0018177107638567887,0.937
United Kingdom,2022,-0.04473991597114926,-0.06537931717418123,-0.07451676117630154,0.94
United States,2022,-0.11045037009496197,-0.09604172063174692,-0.020518059417807995,0.927
Uruguay,2022,-0.11394425934921772,-0.24342765336992792,-0.20315351516296998,0.83
Uzbekistan,2022,-0.22943251623251681,-0.31447141404476564,-0.4110070432166591,0.727
Vanuatu,2022,-0.2525723620050218,-0.5664429907073304,-0.6432505246770608,0.614
Venezuela (Bolivarian Republic of),2022,-0.24050493011459745,-0.3624116222098001,-0.47314407537162595,0.699
Viet Nam,2022,-0.17471975461544478,-0.43939400486461555,-0.3460767298370156,0.726
Yemen,2022,-0.3965816065872993,-1.1615960639740335,-1.0133380854374374,0.424
Zambia,2022,-0.44141916260536557,-0.5998672288403148,-0.651059701291838,0.569
Zimbabwe,2022,-0.5008499060809709,-0.5110616652697428,-0.780081944018752,0.55
